id,image,mask,species,breed,color,L,a,b,pet_pixels,reviewed,notes,split
american_bulldog_101,dog/brown/images/american_bulldog_101.jpg,dog/brown/masks/american_bulldog_101.png,dog,american_bulldog,brown,42.029571533203125,6.293267250061035,14.31589126586914,47602,True,,train
american_bulldog_102,dog/brown/images/american_bulldog_102.jpg,dog/brown/masks/american_bulldog_102.png,dog,american_bulldog,brown,36.574317932128906,9.569108963012695,15.328764915466309,60033,True,,train
american_bulldog_132,dog/brown/images/american_bulldog_132.jpg,dog/brown/masks/american_bulldog_132.png,dog,american_bulldog,brown,38.92824172973633,3.2314658164978027,14.10185718536377,126824,True,,train
american_pit_bull_terrier_103,dog/brown/images/american_pit_bull_terrier_103.jpg,dog/brown/masks/american_pit_bull_terrier_103.png,dog,american_pit_bull_terrier,brown,30.873703002929688,14.64034652709961,15.675407409667969,92765,True,,train
american_pit_bull_terrier_110,dog/brown/images/american_pit_bull_terrier_110.jpg,dog/brown/masks/american_pit_bull_terrier_110.png,dog,american_pit_bull_terrier,brown,52.19776153564453,4.223227500915527,21.896224975585938,23026,True,,train
american_pit_bull_terrier_12,dog/brown/images/american_pit_bull_terrier_12.jpg,dog/brown/masks/american_pit_bull_terrier_12.png,dog,american_pit_bull_terrier,brown,54.40885925292969,8.596301078796387,20.356565475463867,39446,True,,train
american_pit_bull_terrier_121,dog/brown/images/american_pit_bull_terrier_121.jpg,dog/brown/masks/american_pit_bull_terrier_121.png,dog,american_pit_bull_terrier,brown,46.04436492919922,8.93421459197998,16.17692756652832,31298,True,,train
american_pit_bull_terrier_122,dog/brown/images/american_pit_bull_terrier_122.jpg,dog/brown/masks/american_pit_bull_terrier_122.png,dog,american_pit_bull_terrier,brown,34.68644714355469,20.683366775512695,13.329971313476562,19848,True,,train
american_pit_bull_terrier_128,dog/brown/images/american_pit_bull_terrier_128.jpg,dog/brown/masks/american_pit_bull_terrier_128.png,dog,american_pit_bull_terrier,brown,31.46346092224121,9.177000045776367,16.762035369873047,17858,True,,train
american_pit_bull_terrier_13,dog/brown/images/american_pit_bull_terrier_13.jpg,dog/brown/masks/american_pit_bull_terrier_13.png,dog,american_pit_bull_terrier,brown,44.87774658203125,11.394500732421877,24.578540802001953,67798,True,,train
american_pit_bull_terrier_130,dog/brown/images/american_pit_bull_terrier_130.jpg,dog/brown/masks/american_pit_bull_terrier_130.png,dog,american_pit_bull_terrier,brown,45.95560073852539,7.094681262969971,16.73688316345215,49635,True,,train
american_pit_bull_terrier_134,dog/brown/images/american_pit_bull_terrier_134.jpg,dog/brown/masks/american_pit_bull_terrier_134.png,dog,american_pit_bull_terrier,brown,39.60509490966797,4.273056983947754,25.87629508972168,35673,True,,train
american_pit_bull_terrier_139,dog/brown/images/american_pit_bull_terrier_139.jpg,dog/brown/masks/american_pit_bull_terrier_139.png,dog,american_pit_bull_terrier,brown,47.617061614990234,12.953817367553713,29.15865135192871,9965,True,,train
american_pit_bull_terrier_14,dog/brown/images/american_pit_bull_terrier_14.jpg,dog/brown/masks/american_pit_bull_terrier_14.png,dog,american_pit_bull_terrier,brown,39.68986511230469,13.742029190063477,14.210351943969728,69279,True,,train
american_pit_bull_terrier_141,dog/brown/images/american_pit_bull_terrier_141.jpg,dog/brown/masks/american_pit_bull_terrier_141.png,dog,american_pit_bull_terrier,brown,34.45439910888672,12.72629165649414,16.17233657836914,39134,True,,train
american_pit_bull_terrier_145,dog/brown/images/american_pit_bull_terrier_145.jpg,dog/brown/masks/american_pit_bull_terrier_145.png,dog,american_pit_bull_terrier,brown,54.28309631347656,5.133271217346191,15.584421157836914,24421,True,,train
american_pit_bull_terrier_149,dog/brown/images/american_pit_bull_terrier_149.jpg,dog/brown/masks/american_pit_bull_terrier_149.png,dog,american_pit_bull_terrier,brown,68.61359405517578,7.452130317687988,25.648725509643555,45204,True,,train
american_pit_bull_terrier_158,dog/brown/images/american_pit_bull_terrier_158.jpg,dog/brown/masks/american_pit_bull_terrier_158.png,dog,american_pit_bull_terrier,brown,52.87145233154297,8.027225494384766,24.50600814819336,29851,True,,train
american_pit_bull_terrier_168,dog/brown/images/american_pit_bull_terrier_168.jpg,dog/brown/masks/american_pit_bull_terrier_168.png,dog,american_pit_bull_terrier,brown,62.116416931152344,8.727684020996094,13.782342910766602,20332,True,,train
american_pit_bull_terrier_169,dog/brown/images/american_pit_bull_terrier_169.jpg,dog/brown/masks/american_pit_bull_terrier_169.png,dog,american_pit_bull_terrier,brown,39.79716491699219,2.042069911956787,17.35903549194336,39431,True,,train
american_pit_bull_terrier_171,dog/brown/images/american_pit_bull_terrier_171.jpg,dog/brown/masks/american_pit_bull_terrier_171.png,dog,american_pit_bull_terrier,brown,47.94514465332031,17.979026794433594,24.337745666503903,28792,True,,train
american_pit_bull_terrier_177,dog/brown/images/american_pit_bull_terrier_177.jpg,dog/brown/masks/american_pit_bull_terrier_177.png,dog,american_pit_bull_terrier,brown,59.91094207763672,10.466754913330078,16.906917572021484,13389,True,,train
american_pit_bull_terrier_178,dog/brown/images/american_pit_bull_terrier_178.jpg,dog/brown/masks/american_pit_bull_terrier_178.png,dog,american_pit_bull_terrier,brown,50.670387268066406,6.343960762023926,25.38603973388672,32860,True,,train
american_pit_bull_terrier_181,dog/brown/images/american_pit_bull_terrier_181.jpg,dog/brown/masks/american_pit_bull_terrier_181.png,dog,american_pit_bull_terrier,brown,60.73755645751953,14.76651382446289,24.557716369628903,42893,True,,train
american_pit_bull_terrier_193,dog/brown/images/american_pit_bull_terrier_193.jpg,dog/brown/masks/american_pit_bull_terrier_193.png,dog,american_pit_bull_terrier,brown,50.899024963378906,6.9519429206848145,14.765620231628418,39996,True,,train
american_pit_bull_terrier_20,dog/brown/images/american_pit_bull_terrier_20.jpg,dog/brown/masks/american_pit_bull_terrier_20.png,dog,american_pit_bull_terrier,brown,47.97906494140625,13.130203247070312,16.177581787109375,116914,True,,train
american_pit_bull_terrier_201,dog/brown/images/american_pit_bull_terrier_201.jpg,dog/brown/masks/american_pit_bull_terrier_201.png,dog,american_pit_bull_terrier,brown,43.31495666503906,11.144489288330078,20.638996124267575,28473,True,,train
american_pit_bull_terrier_22,dog/brown/images/american_pit_bull_terrier_22.jpg,dog/brown/masks/american_pit_bull_terrier_22.png,dog,american_pit_bull_terrier,brown,42.43134689331055,18.244461059570312,15.854490280151367,39763,True,,train
american_pit_bull_terrier_23,dog/brown/images/american_pit_bull_terrier_23.jpg,dog/brown/masks/american_pit_bull_terrier_23.png,dog,american_pit_bull_terrier,brown,49.6480598449707,5.794949531555176,15.15672492980957,127834,True,,train
american_pit_bull_terrier_24,dog/brown/images/american_pit_bull_terrier_24.jpg,dog/brown/masks/american_pit_bull_terrier_24.png,dog,american_pit_bull_terrier,brown,60.03069305419922,14.878540992736816,14.689552307128906,35509,True,,train
american_pit_bull_terrier_37,dog/brown/images/american_pit_bull_terrier_37.jpg,dog/brown/masks/american_pit_bull_terrier_37.png,dog,american_pit_bull_terrier,brown,39.836326599121094,19.276708602905273,33.76442337036133,64453,True,,train
american_pit_bull_terrier_47,dog/brown/images/american_pit_bull_terrier_47.jpg,dog/brown/masks/american_pit_bull_terrier_47.png,dog,american_pit_bull_terrier,brown,50.103118896484375,7.851868629455566,23.573869705200195,129063,True,,train
american_pit_bull_terrier_48,dog/brown/images/american_pit_bull_terrier_48.jpg,dog/brown/masks/american_pit_bull_terrier_48.png,dog,american_pit_bull_terrier,brown,49.93782043457031,14.64912223815918,32.859806060791016,56778,True,,train
american_pit_bull_terrier_49,dog/brown/images/american_pit_bull_terrier_49.jpg,dog/brown/masks/american_pit_bull_terrier_49.png,dog,american_pit_bull_terrier,brown,56.71404266357422,7.504672050476074,20.124435424804688,107531,True,,train
american_pit_bull_terrier_51,dog/brown/images/american_pit_bull_terrier_51.jpg,dog/brown/masks/american_pit_bull_terrier_51.png,dog,american_pit_bull_terrier,brown,40.51423645019531,6.976902484893799,13.66850757598877,39725,True,,train
american_pit_bull_terrier_52,dog/brown/images/american_pit_bull_terrier_52.jpg,dog/brown/masks/american_pit_bull_terrier_52.png,dog,american_pit_bull_terrier,brown,36.59209442138672,11.611997604370115,19.860631942749023,78053,True,,train
american_pit_bull_terrier_57,dog/brown/images/american_pit_bull_terrier_57.jpg,dog/brown/masks/american_pit_bull_terrier_57.png,dog,american_pit_bull_terrier,brown,35.202919006347656,13.631537437438965,20.921533584594727,41352,True,,train
american_pit_bull_terrier_58,dog/brown/images/american_pit_bull_terrier_58.jpg,dog/brown/masks/american_pit_bull_terrier_58.png,dog,american_pit_bull_terrier,brown,50.038360595703125,9.985118865966797,21.21916961669922,156963,True,,train
american_pit_bull_terrier_6,dog/brown/images/american_pit_bull_terrier_6.jpg,dog/brown/masks/american_pit_bull_terrier_6.png,dog,american_pit_bull_terrier,brown,31.257816314697266,5.243711471557617,12.368741989135742,41244,True,,train
american_pit_bull_terrier_66,dog/brown/images/american_pit_bull_terrier_66.jpg,dog/brown/masks/american_pit_bull_terrier_66.png,dog,american_pit_bull_terrier,brown,55.99806213378906,4.733830451965332,17.03372573852539,29768,True,,train
american_pit_bull_terrier_7,dog/brown/images/american_pit_bull_terrier_7.jpg,dog/brown/masks/american_pit_bull_terrier_7.png,dog,american_pit_bull_terrier,brown,50.097801208496094,5.959958076477051,23.602081298828125,74363,True,,train
american_pit_bull_terrier_70,dog/brown/images/american_pit_bull_terrier_70.jpg,dog/brown/masks/american_pit_bull_terrier_70.png,dog,american_pit_bull_terrier,brown,61.51036834716797,9.997010231018066,26.88114356994629,83254,True,,train
american_pit_bull_terrier_72,dog/brown/images/american_pit_bull_terrier_72.jpg,dog/brown/masks/american_pit_bull_terrier_72.png,dog,american_pit_bull_terrier,brown,47.99063873291016,20.076005935668945,31.735431671142575,28449,True,,train
american_pit_bull_terrier_73,dog/brown/images/american_pit_bull_terrier_73.jpg,dog/brown/masks/american_pit_bull_terrier_73.png,dog,american_pit_bull_terrier,brown,62.52189636230469,9.947880744934082,23.583709716796875,35337,True,,train
american_pit_bull_terrier_74,dog/brown/images/american_pit_bull_terrier_74.jpg,dog/brown/masks/american_pit_bull_terrier_74.png,dog,american_pit_bull_terrier,brown,55.738826751708984,11.31296157836914,28.738147735595703,58214,True,,train
american_pit_bull_terrier_76,dog/brown/images/american_pit_bull_terrier_76.jpg,dog/brown/masks/american_pit_bull_terrier_76.png,dog,american_pit_bull_terrier,brown,49.47283935546875,8.288100242614746,20.049297332763672,47106,True,,train
american_pit_bull_terrier_77,dog/brown/images/american_pit_bull_terrier_77.jpg,dog/brown/masks/american_pit_bull_terrier_77.png,dog,american_pit_bull_terrier,brown,47.80999755859375,12.477982521057127,12.265682220458984,167380,True,,train
american_pit_bull_terrier_78,dog/brown/images/american_pit_bull_terrier_78.jpg,dog/brown/masks/american_pit_bull_terrier_78.png,dog,american_pit_bull_terrier,brown,33.30952835083008,13.658791542053224,15.282466888427734,111968,True,,train
american_pit_bull_terrier_96,dog/brown/images/american_pit_bull_terrier_96.jpg,dog/brown/masks/american_pit_bull_terrier_96.png,dog,american_pit_bull_terrier,brown,35.02500534057617,13.47690773010254,12.917566299438477,43877,True,,train
american_pit_bull_terrier_97,dog/brown/images/american_pit_bull_terrier_97.jpg,dog/brown/masks/american_pit_bull_terrier_97.png,dog,american_pit_bull_terrier,brown,46.5218620300293,18.272966384887695,26.323699951171875,70960,True,,train
basset_hound_14,dog/brown/images/basset_hound_14.jpg,dog/brown/masks/basset_hound_14.png,dog,basset_hound,brown,53.341461181640625,4.1027069091796875,15.033971786499023,98858,True,,train
basset_hound_149,dog/brown/images/basset_hound_149.jpg,dog/brown/masks/basset_hound_149.png,dog,basset_hound,brown,32.0656623840332,6.535649299621582,17.457082748413086,31237,True,,train
basset_hound_159,dog/brown/images/basset_hound_159.jpg,dog/brown/masks/basset_hound_159.png,dog,basset_hound,brown,44.26717376708984,10.6371488571167,21.5372257232666,48169,True,,train
basset_hound_177,dog/brown/images/basset_hound_177.jpg,dog/brown/masks/basset_hound_177.png,dog,basset_hound,brown,36.10818099975586,7.523655891418457,14.100050926208496,96641,True,,train
basset_hound_180,dog/brown/images/basset_hound_180.jpg,dog/brown/masks/basset_hound_180.png,dog,basset_hound,brown,51.002830505371094,5.427300930023193,14.902067184448242,53589,True,,train
basset_hound_181,dog/brown/images/basset_hound_181.jpg,dog/brown/masks/basset_hound_181.png,dog,basset_hound,brown,41.82405853271485,14.95698070526123,18.850435256958008,157780,True,,train
basset_hound_184,dog/brown/images/basset_hound_184.jpg,dog/brown/masks/basset_hound_184.png,dog,basset_hound,brown,36.8757438659668,14.287799835205078,21.427419662475582,68705,True,,train
basset_hound_190,dog/brown/images/basset_hound_190.jpg,dog/brown/masks/basset_hound_190.png,dog,basset_hound,brown,31.041034698486328,9.29562759399414,15.468728065490724,84668,True,,train
basset_hound_196,dog/brown/images/basset_hound_196.jpg,dog/brown/masks/basset_hound_196.png,dog,basset_hound,brown,47.05725860595703,2.5082602500915527,14.003366470336914,13192,True,,train
basset_hound_27,dog/brown/images/basset_hound_27.jpg,dog/brown/masks/basset_hound_27.png,dog,basset_hound,brown,44.05546951293945,5.589842796325684,18.86365509033203,143813,True,,train
basset_hound_31,dog/brown/images/basset_hound_31.jpg,dog/brown/masks/basset_hound_31.png,dog,basset_hound,brown,42.33388900756836,5.41694450378418,17.520517349243164,82575,True,,train
basset_hound_39,dog/brown/images/basset_hound_39.jpg,dog/brown/masks/basset_hound_39.png,dog,basset_hound,brown,40.91544723510742,11.0487642288208,18.629005432128903,121929,True,,train
basset_hound_48,dog/brown/images/basset_hound_48.jpg,dog/brown/masks/basset_hound_48.png,dog,basset_hound,brown,40.20466995239258,18.541976928710938,31.087844848632812,134466,True,,train
basset_hound_71,dog/brown/images/basset_hound_71.jpg,dog/brown/masks/basset_hound_71.png,dog,basset_hound,brown,49.89390182495117,10.09260082244873,23.492340087890625,67744,True,,train
basset_hound_74,dog/brown/images/basset_hound_74.jpg,dog/brown/masks/basset_hound_74.png,dog,basset_hound,brown,46.722999572753906,5.218893051147461,23.22953987121582,63379,True,,train
basset_hound_75,dog/brown/images/basset_hound_75.jpg,dog/brown/masks/basset_hound_75.png,dog,basset_hound,brown,49.963279724121094,4.811186790466309,17.90560531616211,58506,True,,train
beagle_120,dog/brown/images/beagle_120.jpg,dog/brown/masks/beagle_120.png,dog,beagle,brown,48.15552520751953,11.104494094848633,15.476557731628418,91946,True,,train
beagle_151,dog/brown/images/beagle_151.jpg,dog/brown/masks/beagle_151.png,dog,beagle,brown,30.684995651245117,7.955372333526611,20.19200325012207,115716,True,,train
beagle_164,dog/brown/images/beagle_164.jpg,dog/brown/masks/beagle_164.png,dog,beagle,brown,39.003196716308594,7.499605178833008,13.65526008605957,29394,True,,train
beagle_166,dog/brown/images/beagle_166.jpg,dog/brown/masks/beagle_166.png,dog,beagle,brown,43.926002502441406,11.27480697631836,18.018442153930664,38736,True,,train
beagle_168,dog/brown/images/beagle_168.jpg,dog/brown/masks/beagle_168.png,dog,beagle,brown,33.43815231323242,7.509499549865723,12.249994277954102,130657,True,,train
beagle_169,dog/brown/images/beagle_169.jpg,dog/brown/masks/beagle_169.png,dog,beagle,brown,51.30833435058594,11.22397232055664,29.020309448242188,82616,True,,train
beagle_172,dog/brown/images/beagle_172.jpg,dog/brown/masks/beagle_172.png,dog,beagle,brown,48.500091552734375,10.495826721191406,23.016082763671875,71210,True,,train
beagle_18,dog/brown/images/beagle_18.jpg,dog/brown/masks/beagle_18.png,dog,beagle,brown,52.233795166015625,8.470117568969727,17.50340461730957,88227,True,,train
beagle_192,dog/brown/images/beagle_192.jpg,dog/brown/masks/beagle_192.png,dog,beagle,brown,47.76856994628906,6.305612564086914,17.114734649658203,34570,True,,train
beagle_194,dog/brown/images/beagle_194.jpg,dog/brown/masks/beagle_194.png,dog,beagle,brown,32.58420181274414,10.209769248962402,20.921533584594727,63508,True,,train
beagle_36,dog/brown/images/beagle_36.jpg,dog/brown/masks/beagle_36.png,dog,beagle,brown,44.54261779785156,18.27488899230957,23.028785705566406,65418,True,,train
beagle_46,dog/brown/images/beagle_46.jpg,dog/brown/masks/beagle_46.png,dog,beagle,brown,44.803932189941406,7.71595573425293,22.617769241333008,96148,True,,train
beagle_67,dog/brown/images/beagle_67.jpg,dog/brown/masks/beagle_67.png,dog,beagle,brown,50.165748596191406,9.04037094116211,26.495546340942383,118829,True,,train
beagle_9,dog/brown/images/beagle_9.jpg,dog/brown/masks/beagle_9.png,dog,beagle,brown,55.01914978027344,8.263126373291016,21.248794555664062,102649,True,,train
beagle_93,dog/brown/images/beagle_93.jpg,dog/brown/masks/beagle_93.png,dog,beagle,brown,35.85102844238281,5.72572660446167,16.381561279296875,63189,True,,train
boxer_100,dog/brown/images/boxer_100.jpg,dog/brown/masks/boxer_100.png,dog,boxer,brown,35.180763244628906,22.850751876831055,30.281490325927734,77271,True,,train
boxer_117,dog/brown/images/boxer_117.jpg,dog/brown/masks/boxer_117.png,dog,boxer,brown,46.95676040649414,17.070711135864258,25.263690948486328,38213,True,,train
boxer_120,dog/brown/images/boxer_120.jpg,dog/brown/masks/boxer_120.png,dog,boxer,brown,34.84708786010742,9.359195709228516,15.664566040039062,11719,True,,train
boxer_122,dog/brown/images/boxer_122.jpg,dog/brown/masks/boxer_122.png,dog,boxer,brown,30.816265106201172,14.953542709350586,21.76932144165039,11444,True,,train
boxer_125,dog/brown/images/boxer_125.jpg,dog/brown/masks/boxer_125.png,dog,boxer,brown,41.61811065673828,9.18593978881836,14.67142105102539,25949,True,,train
boxer_127,dog/brown/images/boxer_127.jpg,dog/brown/masks/boxer_127.png,dog,boxer,brown,36.82499313354492,7.521346092224121,12.008023262023926,47526,True,,train
boxer_128,dog/brown/images/boxer_128.jpg,dog/brown/masks/boxer_128.png,dog,boxer,brown,41.06003952026367,17.095558166503906,27.735427856445312,22962,True,,train
boxer_137,dog/brown/images/boxer_137.jpg,dog/brown/masks/boxer_137.png,dog,boxer,brown,58.450157165527344,11.668741226196287,32.264488220214844,82106,True,,train
boxer_138,dog/brown/images/boxer_138.jpg,dog/brown/masks/boxer_138.png,dog,boxer,brown,38.9415168762207,9.008437156677246,25.051252365112305,96148,True,,train
boxer_139,dog/brown/images/boxer_139.jpg,dog/brown/masks/boxer_139.png,dog,boxer,brown,43.00820541381836,14.814630508422852,18.813995361328125,30638,True,,train
boxer_140,dog/brown/images/boxer_140.jpg,dog/brown/masks/boxer_140.png,dog,boxer,brown,48.35883331298828,7.395684719085693,23.256397247314453,63765,True,,train
boxer_142,dog/brown/images/boxer_142.jpg,dog/brown/masks/boxer_142.png,dog,boxer,brown,53.92183303833008,10.821722030639648,30.7126522064209,41774,True,,train
boxer_143,dog/brown/images/boxer_143.jpg,dog/brown/masks/boxer_143.png,dog,boxer,brown,54.894683837890625,15.319376945495604,31.00229263305664,97170,True,,train
boxer_144,dog/brown/images/boxer_144.jpg,dog/brown/masks/boxer_144.png,dog,boxer,brown,60.052696228027344,11.823833465576172,37.003910064697266,50237,True,,train
boxer_150,dog/brown/images/boxer_150.jpg,dog/brown/masks/boxer_150.png,dog,boxer,brown,36.72690963745117,7.28820276260376,15.191041946411133,21066,True,,train
boxer_153,dog/brown/images/boxer_153.jpg,dog/brown/masks/boxer_153.png,dog,boxer,brown,38.89093017578125,26.800811767578125,38.98224639892578,82618,True,,train
boxer_160,dog/brown/images/boxer_160.jpg,dog/brown/masks/boxer_160.png,dog,boxer,brown,50.91977310180664,8.467525482177734,37.94000625610352,61880,True,,train
boxer_165,dog/brown/images/boxer_165.jpg,dog/brown/masks/boxer_165.png,dog,boxer,brown,44.589359283447266,19.556880950927734,29.66278839111328,32036,True,,train
boxer_167,dog/brown/images/boxer_167.jpg,dog/brown/masks/boxer_167.png,dog,boxer,brown,52.05043029785156,16.67416000366211,25.74140167236328,103823,True,,train
boxer_168,dog/brown/images/boxer_168.jpg,dog/brown/masks/boxer_168.png,dog,boxer,brown,41.14724349975586,11.993989944458008,29.369613647460938,76410,True,,train
boxer_169,dog/brown/images/boxer_169.jpg,dog/brown/masks/boxer_169.png,dog,boxer,brown,39.70109558105469,17.796695709228516,29.62289810180664,51440,True,,train
boxer_175,dog/brown/images/boxer_175.jpg,dog/brown/masks/boxer_175.png,dog,boxer,brown,38.851287841796875,9.991034507751465,13.73246955871582,32393,True,,train
boxer_176,dog/brown/images/boxer_176.jpg,dog/brown/masks/boxer_176.png,dog,boxer,brown,66.18617248535156,6.899118423461914,27.18544578552246,85160,True,,train
boxer_183,dog/brown/images/boxer_183.jpg,dog/brown/masks/boxer_183.png,dog,boxer,brown,43.16261291503906,17.425418853759766,15.26283073425293,33159,True,,train
boxer_191,dog/brown/images/boxer_191.jpg,dog/brown/masks/boxer_191.png,dog,boxer,brown,45.83528137207031,2.825021743774414,18.401695251464844,71159,True,,train
boxer_21,dog/brown/images/boxer_21.jpg,dog/brown/masks/boxer_21.png,dog,boxer,brown,32.42110061645508,18.434017181396484,28.807157516479492,117858,True,,train
boxer_22,dog/brown/images/boxer_22.jpg,dog/brown/masks/boxer_22.png,dog,boxer,brown,37.365482330322266,25.556161880493164,33.22943878173828,71641,True,,train
boxer_26,dog/brown/images/boxer_26.jpg,dog/brown/masks/boxer_26.png,dog,boxer,brown,58.22900390625,8.379161834716797,20.28925323486328,60342,True,,train
boxer_30,dog/brown/images/boxer_30.jpg,dog/brown/masks/boxer_30.png,dog,boxer,brown,49.26984405517578,8.423291206359863,20.319795608520508,50240,True,,train
boxer_33,dog/brown/images/boxer_33.jpg,dog/brown/masks/boxer_33.png,dog,boxer,brown,30.508201599121097,10.364309310913086,20.05092430114746,80871,True,,train
boxer_41,dog/brown/images/boxer_41.jpg,dog/brown/masks/boxer_41.png,dog,boxer,brown,62.07877349853515,5.987018585205078,13.224660873413086,63911,True,,train
boxer_45,dog/brown/images/boxer_45.jpg,dog/brown/masks/boxer_45.png,dog,boxer,brown,45.157928466796875,15.615447998046877,26.7180233001709,31300,True,,train
boxer_5,dog/brown/images/boxer_5.jpg,dog/brown/masks/boxer_5.png,dog,boxer,brown,48.27313232421875,7.461041450500488,18.37748908996582,49450,True,,train
boxer_51,dog/brown/images/boxer_51.jpg,dog/brown/masks/boxer_51.png,dog,boxer,brown,46.879371643066406,7.903143882751465,17.16569709777832,65738,True,,train
boxer_52,dog/brown/images/boxer_52.jpg,dog/brown/masks/boxer_52.png,dog,boxer,brown,36.83099365234375,12.643634796142578,20.807384490966797,84190,True,,train
boxer_6,dog/brown/images/boxer_6.jpg,dog/brown/masks/boxer_6.png,dog,boxer,brown,50.4501953125,10.927513122558594,18.67665672302246,41283,True,,train
boxer_60,dog/brown/images/boxer_60.jpg,dog/brown/masks/boxer_60.png,dog,boxer,brown,58.43610382080078,5.71259880065918,12.61233139038086,123819,True,,train
boxer_66,dog/brown/images/boxer_66.jpg,dog/brown/masks/boxer_66.png,dog,boxer,brown,47.33824920654297,16.175434112548828,25.222862243652344,118107,True,,train
boxer_68,dog/brown/images/boxer_68.jpg,dog/brown/masks/boxer_68.png,dog,boxer,brown,35.45777130126953,11.704996109008787,23.331010818481445,70345,True,,train
boxer_7,dog/brown/images/boxer_7.jpg,dog/brown/masks/boxer_7.png,dog,boxer,brown,35.21682357788086,14.565526962280272,31.85881996154785,134723,True,,train
boxer_75,dog/brown/images/boxer_75.jpg,dog/brown/masks/boxer_75.png,dog,boxer,brown,58.82875061035156,8.69925308227539,18.1912899017334,33211,True,,train
boxer_76,dog/brown/images/boxer_76.jpg,dog/brown/masks/boxer_76.png,dog,boxer,brown,67.48734283447266,25.089487075805664,37.68707656860352,54459,True,,train
boxer_78,dog/brown/images/boxer_78.jpg,dog/brown/masks/boxer_78.png,dog,boxer,brown,50.36662292480469,8.686840057373047,14.318448066711426,118113,True,,train
boxer_81,dog/brown/images/boxer_81.jpg,dog/brown/masks/boxer_81.png,dog,boxer,brown,42.1046257019043,12.580037117004396,19.129329681396484,40889,True,,train
boxer_84,dog/brown/images/boxer_84.jpg,dog/brown/masks/boxer_84.png,dog,boxer,brown,44.63701629638672,15.259653091430664,23.016178131103516,73209,True,,train
boxer_87,dog/brown/images/boxer_87.jpg,dog/brown/masks/boxer_87.png,dog,boxer,brown,30.573251724243164,8.689262390136719,20.338010787963867,81312,True,,train
boxer_88,dog/brown/images/boxer_88.jpg,dog/brown/masks/boxer_88.png,dog,boxer,brown,36.11729049682617,16.657546997070312,24.16714096069336,39952,True,,train
boxer_98,dog/brown/images/boxer_98.jpg,dog/brown/masks/boxer_98.png,dog,boxer,brown,54.643611907958984,5.174189567565918,21.374019622802734,72626,True,,train
chihuahua_10,dog/brown/images/chihuahua_10.jpg,dog/brown/masks/chihuahua_10.png,dog,chihuahua,brown,43.368797302246094,13.41646957397461,24.106945037841797,95148,True,,train
chihuahua_108,dog/brown/images/chihuahua_108.jpg,dog/brown/masks/chihuahua_108.png,dog,chihuahua,brown,58.63658142089844,7.154703140258789,18.698802947998047,46276,True,,train
chihuahua_12,dog/brown/images/chihuahua_12.jpg,dog/brown/masks/chihuahua_12.png,dog,chihuahua,brown,43.41421127319336,9.115904808044434,15.352624893188477,76995,True,,train
chihuahua_15,dog/brown/images/chihuahua_15.jpg,dog/brown/masks/chihuahua_15.png,dog,chihuahua,brown,50.90020751953125,4.010617733001709,14.792978286743164,82710,True,,train
chihuahua_165,dog/brown/images/chihuahua_165.jpg,dog/brown/masks/chihuahua_165.png,dog,chihuahua,brown,44.63957977294922,11.809587478637695,12.775653839111328,22312,True,,train
chihuahua_17,dog/brown/images/chihuahua_17.jpg,dog/brown/masks/chihuahua_17.png,dog,chihuahua,brown,55.39866638183594,4.464059829711914,13.915133476257324,16561,True,,train
chihuahua_171,dog/brown/images/chihuahua_171.jpg,dog/brown/masks/chihuahua_171.png,dog,chihuahua,brown,59.705299377441406,10.501623153686523,14.921056747436523,35420,True,,train
chihuahua_18,dog/brown/images/chihuahua_18.jpg,dog/brown/masks/chihuahua_18.png,dog,chihuahua,brown,40.83418273925781,8.009180068969727,25.18242073059082,110679,True,,train
chihuahua_192,dog/brown/images/chihuahua_192.jpg,dog/brown/masks/chihuahua_192.png,dog,chihuahua,brown,37.84822845458984,6.394252300262451,14.986520767211914,24824,True,,train
chihuahua_20,dog/brown/images/chihuahua_20.jpg,dog/brown/masks/chihuahua_20.png,dog,chihuahua,brown,50.69129180908203,3.492295742034912,12.667572021484377,69047,True,,train
chihuahua_22,dog/brown/images/chihuahua_22.jpg,dog/brown/masks/chihuahua_22.png,dog,chihuahua,brown,53.92787170410156,2.0792932510375977,12.98793601989746,37362,True,,train
chihuahua_29,dog/brown/images/chihuahua_29.jpg,dog/brown/masks/chihuahua_29.png,dog,chihuahua,brown,41.87303924560547,4.851639270782471,15.453582763671877,117058,True,,train
chihuahua_30,dog/brown/images/chihuahua_30.jpg,dog/brown/masks/chihuahua_30.png,dog,chihuahua,brown,36.8696174621582,4.393428802490234,12.4530611038208,66471,True,,train
chihuahua_4,dog/brown/images/chihuahua_4.jpg,dog/brown/masks/chihuahua_4.png,dog,chihuahua,brown,44.69794464111328,6.470680236816406,18.333662033081055,93677,True,,train
chihuahua_41,dog/brown/images/chihuahua_41.jpg,dog/brown/masks/chihuahua_41.png,dog,chihuahua,brown,48.11556243896485,15.026301383972168,21.938392639160156,56694,True,,train
chihuahua_45,dog/brown/images/chihuahua_45.jpg,dog/brown/masks/chihuahua_45.png,dog,chihuahua,brown,65.86109161376953,10.464012145996094,27.17068099975586,44075,True,,train
chihuahua_48,dog/brown/images/chihuahua_48.jpg,dog/brown/masks/chihuahua_48.png,dog,chihuahua,brown,31.75371551513672,17.01398277282715,17.941082000732422,69165,True,,train
chihuahua_59,dog/brown/images/chihuahua_59.jpg,dog/brown/masks/chihuahua_59.png,dog,chihuahua,brown,47.61513137817383,4.997849464416504,12.668567657470703,82359,True,,train
chihuahua_61,dog/brown/images/chihuahua_61.jpg,dog/brown/masks/chihuahua_61.png,dog,chihuahua,brown,55.59596252441406,8.010492324829102,15.549612045288086,137766,True,,train
chihuahua_66,dog/brown/images/chihuahua_66.jpg,dog/brown/masks/chihuahua_66.png,dog,chihuahua,brown,43.562408447265625,5.6920647621154785,20.617862701416016,55138,True,,train
chihuahua_70,dog/brown/images/chihuahua_70.jpg,dog/brown/masks/chihuahua_70.png,dog,chihuahua,brown,40.18656539916992,9.150922775268556,28.36209487915039,90550,True,,train
chihuahua_77,dog/brown/images/chihuahua_77.jpg,dog/brown/masks/chihuahua_77.png,dog,chihuahua,brown,37.880149841308594,9.18593978881836,17.894149780273438,81283,True,,train
chihuahua_79,dog/brown/images/chihuahua_79.jpg,dog/brown/masks/chihuahua_79.png,dog,chihuahua,brown,37.17116928100586,10.01104736328125,23.82764434814453,137158,True,,train
chihuahua_82,dog/brown/images/chihuahua_82.jpg,dog/brown/masks/chihuahua_82.png,dog,chihuahua,brown,55.94878387451172,16.239107131958008,30.020130157470703,24723,True,,train
chihuahua_84,dog/brown/images/chihuahua_84.jpg,dog/brown/masks/chihuahua_84.png,dog,chihuahua,brown,38.284393310546875,3.9210171699523926,20.48915672302246,28676,True,,train
english_cocker_spaniel_109,dog/brown/images/english_cocker_spaniel_109.jpg,dog/brown/masks/english_cocker_spaniel_109.png,dog,english_cocker_spaniel,brown,43.42267227172851,6.54420280456543,19.542057037353516,100814,True,,train
english_cocker_spaniel_110,dog/brown/images/english_cocker_spaniel_110.jpg,dog/brown/masks/english_cocker_spaniel_110.png,dog,english_cocker_spaniel,brown,48.41841506958008,7.607563972473144,17.34268569946289,50736,True,,train
english_cocker_spaniel_113,dog/brown/images/english_cocker_spaniel_113.jpg,dog/brown/masks/english_cocker_spaniel_113.png,dog,english_cocker_spaniel,brown,35.958980560302734,5.842596054077148,15.742599487304688,46858,True,,train
english_cocker_spaniel_117,dog/brown/images/english_cocker_spaniel_117.jpg,dog/brown/masks/english_cocker_spaniel_117.png,dog,english_cocker_spaniel,brown,41.24984359741211,25.869651794433594,29.883132934570312,53088,True,,train
english_cocker_spaniel_118,dog/brown/images/english_cocker_spaniel_118.jpg,dog/brown/masks/english_cocker_spaniel_118.png,dog,english_cocker_spaniel,brown,47.528663635253906,26.773006439208984,40.84335708618164,39049,True,,train
english_cocker_spaniel_119,dog/brown/images/english_cocker_spaniel_119.jpg,dog/brown/masks/english_cocker_spaniel_119.png,dog,english_cocker_spaniel,brown,62.73301696777344,5.334436893463135,29.580068588256836,75995,True,,train
english_cocker_spaniel_120,dog/brown/images/english_cocker_spaniel_120.jpg,dog/brown/masks/english_cocker_spaniel_120.png,dog,english_cocker_spaniel,brown,51.24775695800781,5.222022533416748,13.033199310302734,72107,True,,train
english_cocker_spaniel_14,dog/brown/images/english_cocker_spaniel_14.jpg,dog/brown/masks/english_cocker_spaniel_14.png,dog,english_cocker_spaniel,brown,43.67470169067383,11.972040176391602,21.521175384521484,81033,True,,train
english_cocker_spaniel_143,dog/brown/images/english_cocker_spaniel_143.jpg,dog/brown/masks/english_cocker_spaniel_143.png,dog,english_cocker_spaniel,brown,48.69636535644531,8.226901054382324,24.66110038757324,50053,True,,train
english_cocker_spaniel_144,dog/brown/images/english_cocker_spaniel_144.jpg,dog/brown/masks/english_cocker_spaniel_144.png,dog,english_cocker_spaniel,brown,60.425933837890625,7.930576801300049,16.34615707397461,74629,True,,train
english_cocker_spaniel_149,dog/brown/images/english_cocker_spaniel_149.jpg,dog/brown/masks/english_cocker_spaniel_149.png,dog,english_cocker_spaniel,brown,51.974952697753906,6.622820854187012,19.0798282623291,67431,True,,train
english_cocker_spaniel_15,dog/brown/images/english_cocker_spaniel_15.jpg,dog/brown/masks/english_cocker_spaniel_15.png,dog,english_cocker_spaniel,brown,37.652828216552734,13.237499237060549,22.85218620300293,92430,True,,train
english_cocker_spaniel_17,dog/brown/images/english_cocker_spaniel_17.jpg,dog/brown/masks/english_cocker_spaniel_17.png,dog,english_cocker_spaniel,brown,60.84300231933594,11.967510223388672,28.904563903808594,86373,True,,train
english_cocker_spaniel_170,dog/brown/images/english_cocker_spaniel_170.jpg,dog/brown/masks/english_cocker_spaniel_170.png,dog,english_cocker_spaniel,brown,50.64814758300781,9.96983814239502,26.011531829833984,66108,True,,train
english_cocker_spaniel_173,dog/brown/images/english_cocker_spaniel_173.jpg,dog/brown/masks/english_cocker_spaniel_173.png,dog,english_cocker_spaniel,brown,62.905723571777344,7.098197937011719,15.15820026397705,109759,True,,train
english_cocker_spaniel_18,dog/brown/images/english_cocker_spaniel_18.jpg,dog/brown/masks/english_cocker_spaniel_18.png,dog,english_cocker_spaniel,brown,47.827754974365234,12.437790870666504,21.183883666992188,149403,True,,train
english_cocker_spaniel_181,dog/brown/images/english_cocker_spaniel_181.jpg,dog/brown/masks/english_cocker_spaniel_181.png,dog,english_cocker_spaniel,brown,31.720947265625,11.84988021850586,24.033143997192383,76495,True,,train
english_cocker_spaniel_185,dog/brown/images/english_cocker_spaniel_185.jpg,dog/brown/masks/english_cocker_spaniel_185.png,dog,english_cocker_spaniel,brown,54.682655334472656,5.662977695465088,14.814794540405272,11276,True,,train
english_cocker_spaniel_188,dog/brown/images/english_cocker_spaniel_188.jpg,dog/brown/masks/english_cocker_spaniel_188.png,dog,english_cocker_spaniel,brown,68.7589111328125,9.82266616821289,23.651838302612305,61121,True,,train
english_cocker_spaniel_189,dog/brown/images/english_cocker_spaniel_189.jpg,dog/brown/masks/english_cocker_spaniel_189.png,dog,english_cocker_spaniel,brown,35.07406234741211,30.165969848632812,23.656219482421875,27615,True,,train
english_cocker_spaniel_190,dog/brown/images/english_cocker_spaniel_190.jpg,dog/brown/masks/english_cocker_spaniel_190.png,dog,english_cocker_spaniel,brown,51.687232971191406,7.670969009399414,20.704151153564453,40910,True,,train
english_cocker_spaniel_192,dog/brown/images/english_cocker_spaniel_192.jpg,dog/brown/masks/english_cocker_spaniel_192.png,dog,english_cocker_spaniel,brown,49.941123962402344,7.2055158615112305,18.951152801513672,74847,True,,train
english_cocker_spaniel_196,dog/brown/images/english_cocker_spaniel_196.jpg,dog/brown/masks/english_cocker_spaniel_196.png,dog,english_cocker_spaniel,brown,33.40597915649414,6.273001670837402,18.482437133789062,37702,True,,train
english_cocker_spaniel_198,dog/brown/images/english_cocker_spaniel_198.jpg,dog/brown/masks/english_cocker_spaniel_198.png,dog,english_cocker_spaniel,brown,48.59587097167969,17.94034194946289,24.298349380493164,54876,True,,train
english_cocker_spaniel_199,dog/brown/images/english_cocker_spaniel_199.jpg,dog/brown/masks/english_cocker_spaniel_199.png,dog,english_cocker_spaniel,brown,64.95791625976562,13.930991172790527,23.019420623779297,56246,True,,train
english_cocker_spaniel_21,dog/brown/images/english_cocker_spaniel_21.jpg,dog/brown/masks/english_cocker_spaniel_21.png,dog,english_cocker_spaniel,brown,37.37870407104492,4.992738246917725,12.410551071166992,79129,True,,train
english_cocker_spaniel_23,dog/brown/images/english_cocker_spaniel_23.jpg,dog/brown/masks/english_cocker_spaniel_23.png,dog,english_cocker_spaniel,brown,45.539546966552734,6.16687536239624,18.822250366210938,123590,True,,train
english_cocker_spaniel_24,dog/brown/images/english_cocker_spaniel_24.jpg,dog/brown/masks/english_cocker_spaniel_24.png,dog,english_cocker_spaniel,brown,35.5570182800293,6.309419631958008,17.7377872467041,99050,True,,train
english_cocker_spaniel_26,dog/brown/images/english_cocker_spaniel_26.jpg,dog/brown/masks/english_cocker_spaniel_26.png,dog,english_cocker_spaniel,brown,37.15070343017578,8.123845100402832,14.796066284179688,69955,True,,train
english_cocker_spaniel_33,dog/brown/images/english_cocker_spaniel_33.jpg,dog/brown/masks/english_cocker_spaniel_33.png,dog,english_cocker_spaniel,brown,31.70088577270508,6.84143590927124,14.737415313720703,64629,True,,train
english_cocker_spaniel_36,dog/brown/images/english_cocker_spaniel_36.jpg,dog/brown/masks/english_cocker_spaniel_36.png,dog,english_cocker_spaniel,brown,47.18488311767578,5.227133750915527,12.358951568603516,44502,True,,train
english_cocker_spaniel_37,dog/brown/images/english_cocker_spaniel_37.jpg,dog/brown/masks/english_cocker_spaniel_37.png,dog,english_cocker_spaniel,brown,38.88736724853515,17.798782348632812,32.41187286376953,80539,True,,train
english_cocker_spaniel_38,dog/brown/images/english_cocker_spaniel_38.jpg,dog/brown/masks/english_cocker_spaniel_38.png,dog,english_cocker_spaniel,brown,35.759361267089844,11.891901016235352,15.435012817382812,32481,True,,train
english_cocker_spaniel_41,dog/brown/images/english_cocker_spaniel_41.jpg,dog/brown/masks/english_cocker_spaniel_41.png,dog,english_cocker_spaniel,brown,48.008033752441406,17.311439514160156,23.650894165039062,46787,True,,train
english_cocker_spaniel_50,dog/brown/images/english_cocker_spaniel_50.jpg,dog/brown/masks/english_cocker_spaniel_50.png,dog,english_cocker_spaniel,brown,44.055938720703125,23.575000762939453,29.202938079833984,90276,True,,train
english_cocker_spaniel_6,dog/brown/images/english_cocker_spaniel_6.jpg,dog/brown/masks/english_cocker_spaniel_6.png,dog,english_cocker_spaniel,brown,43.25639724731445,10.055303573608398,25.789201736450195,127353,True,,train
english_cocker_spaniel_60,dog/brown/images/english_cocker_spaniel_60.jpg,dog/brown/masks/english_cocker_spaniel_60.png,dog,english_cocker_spaniel,brown,50.385284423828125,9.87440299987793,25.441009521484375,18575,True,,train
english_cocker_spaniel_61,dog/brown/images/english_cocker_spaniel_61.jpg,dog/brown/masks/english_cocker_spaniel_61.png,dog,english_cocker_spaniel,brown,50.41178894042969,9.67361068725586,20.956737518310547,50625,True,,train
english_cocker_spaniel_62,dog/brown/images/english_cocker_spaniel_62.jpg,dog/brown/masks/english_cocker_spaniel_62.png,dog,english_cocker_spaniel,brown,50.21183776855469,9.58697509765625,18.971294403076172,119244,True,,train
english_cocker_spaniel_64,dog/brown/images/english_cocker_spaniel_64.jpg,dog/brown/masks/english_cocker_spaniel_64.png,dog,english_cocker_spaniel,brown,51.642784118652344,31.209617614746097,48.00872802734375,98678,True,,train
english_cocker_spaniel_68,dog/brown/images/english_cocker_spaniel_68.jpg,dog/brown/masks/english_cocker_spaniel_68.png,dog,english_cocker_spaniel,brown,37.86180877685547,6.252936840057373,12.58879566192627,89656,True,,train
english_cocker_spaniel_72,dog/brown/images/english_cocker_spaniel_72.jpg,dog/brown/masks/english_cocker_spaniel_72.png,dog,english_cocker_spaniel,brown,61.26048278808594,3.703713417053222,21.15489196777344,31160,True,,train
english_cocker_spaniel_78,dog/brown/images/english_cocker_spaniel_78.jpg,dog/brown/masks/english_cocker_spaniel_78.png,dog,english_cocker_spaniel,brown,39.17601776123047,4.534900188446045,15.131956100463867,18821,True,,train
english_cocker_spaniel_79,dog/brown/images/english_cocker_spaniel_79.jpg,dog/brown/masks/english_cocker_spaniel_79.png,dog,english_cocker_spaniel,brown,56.293663024902344,18.65826416015625,31.7929630279541,86692,True,,train
english_cocker_spaniel_84,dog/brown/images/english_cocker_spaniel_84.jpg,dog/brown/masks/english_cocker_spaniel_84.png,dog,english_cocker_spaniel,brown,39.02550506591797,14.659375190734863,20.177019119262695,105243,True,,train
english_cocker_spaniel_85,dog/brown/images/english_cocker_spaniel_85.jpg,dog/brown/masks/english_cocker_spaniel_85.png,dog,english_cocker_spaniel,brown,41.38948440551758,8.461811065673828,21.14938163757324,113376,True,,train
english_cocker_spaniel_97,dog/brown/images/english_cocker_spaniel_97.jpg,dog/brown/masks/english_cocker_spaniel_97.png,dog,english_cocker_spaniel,brown,60.67387390136719,18.68582534790039,37.94097900390625,31932,True,,train
english_setter_47,dog/brown/images/english_setter_47.jpg,dog/brown/masks/english_setter_47.png,dog,english_setter,brown,36.86967849731445,14.616802215576172,28.909021377563477,52061,True,,train
german_shorthaired_103,dog/brown/images/german_shorthaired_103.jpg,dog/brown/masks/german_shorthaired_103.png,dog,german_shorthaired,brown,35.72065353393555,12.12929916381836,14.723115921020508,57097,True,,train
german_shorthaired_115,dog/brown/images/german_shorthaired_115.jpg,dog/brown/masks/german_shorthaired_115.png,dog,german_shorthaired,brown,36.790287017822266,4.079606056213379,17.217758178710938,101352,True,,train
german_shorthaired_116,dog/brown/images/german_shorthaired_116.jpg,dog/brown/masks/german_shorthaired_116.png,dog,german_shorthaired,brown,50.81035614013672,4.938900470733643,20.772748947143555,61378,True,,train
german_shorthaired_12,dog/brown/images/german_shorthaired_12.jpg,dog/brown/masks/german_shorthaired_12.png,dog,german_shorthaired,brown,46.05344009399414,10.098814964294434,13.72784423828125,65582,True,,train
german_shorthaired_123,dog/brown/images/german_shorthaired_123.jpg,dog/brown/masks/german_shorthaired_123.png,dog,german_shorthaired,brown,42.6070556640625,3.6872477531433105,13.209086418151855,50422,True,,train
german_shorthaired_139,dog/brown/images/german_shorthaired_139.jpg,dog/brown/masks/german_shorthaired_139.png,dog,german_shorthaired,brown,35.91279983520508,3.920569896697998,15.441036224365234,161744,True,,train
german_shorthaired_72,dog/brown/images/german_shorthaired_72.jpg,dog/brown/masks/german_shorthaired_72.png,dog,german_shorthaired,brown,45.8536491394043,15.037894248962402,35.623023986816406,60953,True,,train
german_shorthaired_78,dog/brown/images/german_shorthaired_78.jpg,dog/brown/masks/german_shorthaired_78.png,dog,german_shorthaired,brown,48.66343688964844,8.56667709350586,13.641595840454102,62303,True,,train
german_shorthaired_86,dog/brown/images/german_shorthaired_86.jpg,dog/brown/masks/german_shorthaired_86.png,dog,german_shorthaired,brown,36.36772918701172,10.625123977661133,15.374385833740234,56664,True,,train
great_pyrenees_194,dog/brown/images/great_pyrenees_194.jpg,dog/brown/masks/great_pyrenees_194.png,dog,great_pyrenees,brown,61.058929443359375,3.449596405029297,17.19832420349121,110784,True,,train
havanese_112,dog/brown/images/havanese_112.jpg,dog/brown/masks/havanese_112.png,dog,havanese,brown,65.9333267211914,9.639001846313477,26.15269470214844,106364,True,,train
havanese_115,dog/brown/images/havanese_115.jpg,dog/brown/masks/havanese_115.png,dog,havanese,brown,57.17707061767578,4.799574851989746,12.117115020751951,113520,True,,train
havanese_118,dog/brown/images/havanese_118.jpg,dog/brown/masks/havanese_118.png,dog,havanese,brown,45.02555465698242,8.228689193725586,15.678834915161133,86510,True,,train
havanese_138,dog/brown/images/havanese_138.jpg,dog/brown/masks/havanese_138.png,dog,havanese,brown,65.61283111572266,4.864245414733887,18.723344802856445,19881,True,,train
havanese_38,dog/brown/images/havanese_38.jpg,dog/brown/masks/havanese_38.png,dog,havanese,brown,52.159690856933594,3.0299723148345947,13.106775283813477,89515,True,,train
havanese_41,dog/brown/images/havanese_41.jpg,dog/brown/masks/havanese_41.png,dog,havanese,brown,64.60248565673828,9.854375839233398,26.63430404663086,43794,True,,train
havanese_48,dog/brown/images/havanese_48.jpg,dog/brown/masks/havanese_48.png,dog,havanese,brown,41.97454071044922,8.451133728027344,14.609941482543944,77925,True,,train
havanese_55,dog/brown/images/havanese_55.jpg,dog/brown/masks/havanese_55.png,dog,havanese,brown,48.884796142578125,6.709903717041016,21.08188247680664,74512,True,,train
japanese_chin_103,dog/brown/images/japanese_chin_103.jpg,dog/brown/masks/japanese_chin_103.png,dog,japanese_chin,brown,44.66685104370117,14.772415161132812,24.57786750793457,138329,True,,train
japanese_chin_149,dog/brown/images/japanese_chin_149.jpg,dog/brown/masks/japanese_chin_149.png,dog,japanese_chin,brown,65.8201904296875,3.145158290863037,25.916040420532227,132729,True,,train
leonberger_10,dog/brown/images/leonberger_10.jpg,dog/brown/masks/leonberger_10.png,dog,leonberger,brown,38.04481506347656,6.01726770401001,27.327316284179688,62420,True,,train
leonberger_101,dog/brown/images/leonberger_101.jpg,dog/brown/masks/leonberger_101.png,dog,leonberger,brown,36.7480583190918,11.131353378295898,22.100622177124023,22835,True,,train
leonberger_103,dog/brown/images/leonberger_103.jpg,dog/brown/masks/leonberger_103.png,dog,leonberger,brown,31.501880645751953,12.406333923339844,25.765609741210938,48977,True,,train
leonberger_105,dog/brown/images/leonberger_105.jpg,dog/brown/masks/leonberger_105.png,dog,leonberger,brown,57.36345672607422,7.954537868499756,25.235015869140625,85152,True,,train
leonberger_111,dog/brown/images/leonberger_111.jpg,dog/brown/masks/leonberger_111.png,dog,leonberger,brown,42.84620666503906,6.425201892852783,19.68526840209961,88416,True,,train
leonberger_121,dog/brown/images/leonberger_121.jpg,dog/brown/masks/leonberger_121.png,dog,leonberger,brown,56.812896728515625,4.678964614868164,19.023752212524418,66035,True,,train
leonberger_123,dog/brown/images/leonberger_123.jpg,dog/brown/masks/leonberger_123.png,dog,leonberger,brown,41.964393615722656,5.1972270011901855,22.77110290527344,93235,True,,train
leonberger_125,dog/brown/images/leonberger_125.jpg,dog/brown/masks/leonberger_125.png,dog,leonberger,brown,41.500732421875,2.044886350631714,15.544092178344728,94493,True,,train
leonberger_126,dog/brown/images/leonberger_126.jpg,dog/brown/masks/leonberger_126.png,dog,leonberger,brown,49.19383239746094,3.2551586627960205,20.08415412902832,94657,True,,train
leonberger_13,dog/brown/images/leonberger_13.jpg,dog/brown/masks/leonberger_13.png,dog,leonberger,brown,40.11053085327149,14.716997146606444,21.549028396606445,87926,True,,train
leonberger_130,dog/brown/images/leonberger_130.jpg,dog/brown/masks/leonberger_130.png,dog,leonberger,brown,40.50260925292969,2.9160678386688232,19.246971130371097,62083,True,,train
leonberger_133,dog/brown/images/leonberger_133.jpg,dog/brown/masks/leonberger_133.png,dog,leonberger,brown,48.75630187988281,2.0385236740112305,19.05603408813477,43998,True,,train
leonberger_134,dog/brown/images/leonberger_134.jpg,dog/brown/masks/leonberger_134.png,dog,leonberger,brown,60.176780700683594,3.982573747634888,13.654529571533203,110337,True,,train
leonberger_136,dog/brown/images/leonberger_136.jpg,dog/brown/masks/leonberger_136.png,dog,leonberger,brown,41.53852081298828,6.146073341369629,24.72878646850586,84671,True,,train
leonberger_138,dog/brown/images/leonberger_138.jpg,dog/brown/masks/leonberger_138.png,dog,leonberger,brown,38.91357421875,4.902660846710205,21.169286727905273,47701,True,,train
leonberger_142,dog/brown/images/leonberger_142.jpg,dog/brown/masks/leonberger_142.png,dog,leonberger,brown,57.451995849609375,3.5930871963500977,18.03811836242676,69860,True,,train
leonberger_146,dog/brown/images/leonberger_146.jpg,dog/brown/masks/leonberger_146.png,dog,leonberger,brown,50.36750030517578,4.403889179229736,12.280869483947754,49131,True,,train
leonberger_147,dog/brown/images/leonberger_147.jpg,dog/brown/masks/leonberger_147.png,dog,leonberger,brown,49.64771270751953,16.963228225708008,31.30763816833496,72195,True,,train
leonberger_148,dog/brown/images/leonberger_148.jpg,dog/brown/masks/leonberger_148.png,dog,leonberger,brown,43.59893035888672,7.484234809875488,26.085954666137695,50917,True,,train
leonberger_15,dog/brown/images/leonberger_15.jpg,dog/brown/masks/leonberger_15.png,dog,leonberger,brown,40.4779052734375,10.119811058044434,17.532047271728516,61680,True,,train
leonberger_150,dog/brown/images/leonberger_150.jpg,dog/brown/masks/leonberger_150.png,dog,leonberger,brown,46.72782516479492,13.929128646850586,23.44178009033203,103573,True,,train
leonberger_166,dog/brown/images/leonberger_166.jpg,dog/brown/masks/leonberger_166.png,dog,leonberger,brown,41.08379364013672,2.5448203086853027,16.49095916748047,131408,True,,train
leonberger_171,dog/brown/images/leonberger_171.jpg,dog/brown/masks/leonberger_171.png,dog,leonberger,brown,57.50379180908203,3.144592046737671,15.820717811584473,146913,True,,train
leonberger_178,dog/brown/images/leonberger_178.jpg,dog/brown/masks/leonberger_178.png,dog,leonberger,brown,68.30331420898438,6.651968002319336,28.920238494873047,60126,True,,train
leonberger_181,dog/brown/images/leonberger_181.jpg,dog/brown/masks/leonberger_181.png,dog,leonberger,brown,34.6651725769043,15.723228454589844,24.46642684936523,43230,True,,train
leonberger_189,dog/brown/images/leonberger_189.jpg,dog/brown/masks/leonberger_189.png,dog,leonberger,brown,58.83916473388672,8.305459976196289,27.860206604003903,85994,True,,train
leonberger_19,dog/brown/images/leonberger_19.jpg,dog/brown/masks/leonberger_19.png,dog,leonberger,brown,51.33900451660156,8.850842475891113,19.738842010498047,70929,True,,train
leonberger_196,dog/brown/images/leonberger_196.jpg,dog/brown/masks/leonberger_196.png,dog,leonberger,brown,47.28286361694336,4.879087448120117,17.649709701538086,42885,True,,train
leonberger_199,dog/brown/images/leonberger_199.jpg,dog/brown/masks/leonberger_199.png,dog,leonberger,brown,47.46209716796875,2.9205756187438965,20.3582763671875,65732,True,,train
leonberger_2,dog/brown/images/leonberger_2.jpg,dog/brown/masks/leonberger_2.png,dog,leonberger,brown,59.72894287109375,8.034616470336914,26.962005615234375,89637,True,,train
leonberger_20,dog/brown/images/leonberger_20.jpg,dog/brown/masks/leonberger_20.png,dog,leonberger,brown,54.31304168701172,3.1950175762176514,25.91168212890625,48271,True,,train
leonberger_21,dog/brown/images/leonberger_21.jpg,dog/brown/masks/leonberger_21.png,dog,leonberger,brown,53.56903839111328,7.067427158355713,15.589677810668944,50568,True,,train
leonberger_22,dog/brown/images/leonberger_22.jpg,dog/brown/masks/leonberger_22.png,dog,leonberger,brown,66.18882751464844,5.783364295959473,18.667877197265625,86652,True,,train
leonberger_27,dog/brown/images/leonberger_27.jpg,dog/brown/masks/leonberger_27.png,dog,leonberger,brown,55.728763580322266,7.007397651672363,19.385482788085938,113428,True,,train
leonberger_3,dog/brown/images/leonberger_3.jpg,dog/brown/masks/leonberger_3.png,dog,leonberger,brown,67.95638275146484,6.249129772186279,22.437000274658203,73483,True,,train
leonberger_38,dog/brown/images/leonberger_38.jpg,dog/brown/masks/leonberger_38.png,dog,leonberger,brown,45.362579345703125,6.934553146362305,24.520374298095703,49287,True,,train
leonberger_39,dog/brown/images/leonberger_39.jpg,dog/brown/masks/leonberger_39.png,dog,leonberger,brown,46.05850982666016,7.49240779876709,21.87714576721191,76240,True,,train
leonberger_4,dog/brown/images/leonberger_4.jpg,dog/brown/masks/leonberger_4.png,dog,leonberger,brown,30.966232299804688,2.665996551513672,13.579440116882324,61730,True,,train
leonberger_40,dog/brown/images/leonberger_40.jpg,dog/brown/masks/leonberger_40.png,dog,leonberger,brown,47.73088073730469,7.499739646911621,22.82365608215332,107927,True,,train
leonberger_42,dog/brown/images/leonberger_42.jpg,dog/brown/masks/leonberger_42.png,dog,leonberger,brown,62.53704833984375,4.517406463623047,12.729907035827637,34044,True,,train
leonberger_43,dog/brown/images/leonberger_43.jpg,dog/brown/masks/leonberger_43.png,dog,leonberger,brown,52.531349182128906,5.201726913452148,14.144587516784668,130074,True,,train
leonberger_5,dog/brown/images/leonberger_5.jpg,dog/brown/masks/leonberger_5.png,dog,leonberger,brown,45.906009674072266,5.03823184967041,14.407563209533691,66508,True,,train
leonberger_50,dog/brown/images/leonberger_50.jpg,dog/brown/masks/leonberger_50.png,dog,leonberger,brown,39.75141525268555,8.946083068847656,15.839958190917969,170462,True,,train
leonberger_52,dog/brown/images/leonberger_52.jpg,dog/brown/masks/leonberger_52.png,dog,leonberger,brown,53.575294494628906,6.293267250061035,14.78087329864502,21487,True,,train
leonberger_69,dog/brown/images/leonberger_69.jpg,dog/brown/masks/leonberger_69.png,dog,leonberger,brown,48.08356857299805,9.549647331237791,19.069433212280273,50662,True,,train
leonberger_7,dog/brown/images/leonberger_7.jpg,dog/brown/masks/leonberger_7.png,dog,leonberger,brown,43.375030517578125,8.436538696289062,18.504554748535156,31086,True,,train
leonberger_70,dog/brown/images/leonberger_70.jpg,dog/brown/masks/leonberger_70.png,dog,leonberger,brown,48.3687858581543,4.731215476989746,23.714168548583984,24444,True,,train
leonberger_71,dog/brown/images/leonberger_71.jpg,dog/brown/masks/leonberger_71.png,dog,leonberger,brown,55.630882263183594,6.834097385406494,25.194168090820312,159615,True,,train
leonberger_80,dog/brown/images/leonberger_80.jpg,dog/brown/masks/leonberger_80.png,dog,leonberger,brown,49.63243865966797,6.6439208984375,12.471514701843262,35979,True,,train
leonberger_9,dog/brown/images/leonberger_9.jpg,dog/brown/masks/leonberger_9.png,dog,leonberger,brown,45.99393081665039,5.971938133239746,19.59937858581543,72197,True,,train
leonberger_94,dog/brown/images/leonberger_94.jpg,dog/brown/masks/leonberger_94.png,dog,leonberger,brown,34.282997131347656,9.395331382751465,12.751126289367676,27636,True,,train
miniature_pinscher_100,dog/brown/images/miniature_pinscher_100.jpg,dog/brown/masks/miniature_pinscher_100.png,dog,miniature_pinscher,brown,47.85211944580078,15.53015422821045,32.27366256713867,77077,True,,train
miniature_pinscher_102,dog/brown/images/miniature_pinscher_102.jpg,dog/brown/masks/miniature_pinscher_102.png,dog,miniature_pinscher,brown,37.48721694946289,18.92019844055176,28.97301864624023,55629,True,,train
miniature_pinscher_105,dog/brown/images/miniature_pinscher_105.jpg,dog/brown/masks/miniature_pinscher_105.png,dog,miniature_pinscher,brown,33.78305435180664,9.59550666809082,17.847097396850586,62368,True,,train
miniature_pinscher_109,dog/brown/images/miniature_pinscher_109.jpg,dog/brown/masks/miniature_pinscher_109.png,dog,miniature_pinscher,brown,34.92673873901367,19.393638610839844,24.884164810180664,57026,True,,train
miniature_pinscher_114,dog/brown/images/miniature_pinscher_114.jpg,dog/brown/masks/miniature_pinscher_114.png,dog,miniature_pinscher,brown,51.23683547973633,11.994987487792969,32.026100158691406,17380,True,,train
miniature_pinscher_116,dog/brown/images/miniature_pinscher_116.jpg,dog/brown/masks/miniature_pinscher_116.png,dog,miniature_pinscher,brown,35.10606384277344,19.959211349487305,16.936195373535156,13385,True,,train
miniature_pinscher_118,dog/brown/images/miniature_pinscher_118.jpg,dog/brown/masks/miniature_pinscher_118.png,dog,miniature_pinscher,brown,46.50590896606445,11.034697532653809,21.67436981201172,22499,True,,train
miniature_pinscher_124,dog/brown/images/miniature_pinscher_124.jpg,dog/brown/masks/miniature_pinscher_124.png,dog,miniature_pinscher,brown,34.301734924316406,3.8181543350219727,21.012496948242188,8542,True,,train
miniature_pinscher_126,dog/brown/images/miniature_pinscher_126.jpg,dog/brown/masks/miniature_pinscher_126.png,dog,miniature_pinscher,brown,65.09707641601562,14.427923202514648,40.46459197998047,25084,True,,train
miniature_pinscher_140,dog/brown/images/miniature_pinscher_140.jpg,dog/brown/masks/miniature_pinscher_140.png,dog,miniature_pinscher,brown,63.05655670166016,6.064146995544434,29.87943649291992,32170,True,,train
miniature_pinscher_145,dog/brown/images/miniature_pinscher_145.jpg,dog/brown/masks/miniature_pinscher_145.png,dog,miniature_pinscher,brown,35.62403106689453,22.459789276123047,27.350515365600582,24296,True,,train
miniature_pinscher_148,dog/brown/images/miniature_pinscher_148.jpg,dog/brown/masks/miniature_pinscher_148.png,dog,miniature_pinscher,brown,49.825469970703125,19.62142562866211,24.112287521362305,14206,True,,train
miniature_pinscher_159,dog/brown/images/miniature_pinscher_159.jpg,dog/brown/masks/miniature_pinscher_159.png,dog,miniature_pinscher,brown,40.34157943725586,20.61083984375,20.127517700195312,21006,True,,train
miniature_pinscher_166,dog/brown/images/miniature_pinscher_166.jpg,dog/brown/masks/miniature_pinscher_166.png,dog,miniature_pinscher,brown,47.489646911621094,10.00697135925293,18.776153564453125,18626,True,,train
miniature_pinscher_174,dog/brown/images/miniature_pinscher_174.jpg,dog/brown/masks/miniature_pinscher_174.png,dog,miniature_pinscher,brown,48.181243896484375,14.412254333496094,28.35729217529297,16997,True,,train
miniature_pinscher_175,dog/brown/images/miniature_pinscher_175.jpg,dog/brown/masks/miniature_pinscher_175.png,dog,miniature_pinscher,brown,52.64834976196289,20.65930557250977,48.32067108154297,16482,True,,train
miniature_pinscher_188,dog/brown/images/miniature_pinscher_188.jpg,dog/brown/masks/miniature_pinscher_188.png,dog,miniature_pinscher,brown,55.52564239501953,9.19334602355957,29.18762588500977,31009,True,,train
miniature_pinscher_195,dog/brown/images/miniature_pinscher_195.jpg,dog/brown/masks/miniature_pinscher_195.png,dog,miniature_pinscher,brown,34.52227783203125,16.270442962646484,17.59207534790039,15076,True,,train
miniature_pinscher_21,dog/brown/images/miniature_pinscher_21.jpg,dog/brown/masks/miniature_pinscher_21.png,dog,miniature_pinscher,brown,43.24872970581055,12.476012229919434,38.41728591918945,56158,True,,train
miniature_pinscher_3,dog/brown/images/miniature_pinscher_3.jpg,dog/brown/masks/miniature_pinscher_3.png,dog,miniature_pinscher,brown,60.40393829345703,10.221287727355955,40.46102142333984,80534,True,,train
miniature_pinscher_31,dog/brown/images/miniature_pinscher_31.jpg,dog/brown/masks/miniature_pinscher_31.png,dog,miniature_pinscher,brown,32.81602096557617,4.41339635848999,12.52763557434082,31630,True,,train
miniature_pinscher_33,dog/brown/images/miniature_pinscher_33.jpg,dog/brown/masks/miniature_pinscher_33.png,dog,miniature_pinscher,brown,45.95637512207031,25.786169052124023,39.477027893066406,24443,True,,train
miniature_pinscher_43,dog/brown/images/miniature_pinscher_43.jpg,dog/brown/masks/miniature_pinscher_43.png,dog,miniature_pinscher,brown,45.27339553833008,8.79722785949707,16.16383171081543,15795,True,,train
miniature_pinscher_45,dog/brown/images/miniature_pinscher_45.jpg,dog/brown/masks/miniature_pinscher_45.png,dog,miniature_pinscher,brown,36.7292366027832,15.438511848449709,20.496976852416992,42703,True,,train
miniature_pinscher_49,dog/brown/images/miniature_pinscher_49.jpg,dog/brown/masks/miniature_pinscher_49.png,dog,miniature_pinscher,brown,58.0262451171875,2.766549587249756,27.784395217895508,101651,True,,train
miniature_pinscher_52,dog/brown/images/miniature_pinscher_52.jpg,dog/brown/masks/miniature_pinscher_52.png,dog,miniature_pinscher,brown,46.97244644165039,3.422305107116699,37.48832321166992,44073,True,,train
miniature_pinscher_57,dog/brown/images/miniature_pinscher_57.jpg,dog/brown/masks/miniature_pinscher_57.png,dog,miniature_pinscher,brown,36.97478866577149,24.667545318603516,34.59620666503906,45254,True,,train
miniature_pinscher_58,dog/brown/images/miniature_pinscher_58.jpg,dog/brown/masks/miniature_pinscher_58.png,dog,miniature_pinscher,brown,37.65685272216797,8.422761917114258,12.61783504486084,168214,True,,train
miniature_pinscher_59,dog/brown/images/miniature_pinscher_59.jpg,dog/brown/masks/miniature_pinscher_59.png,dog,miniature_pinscher,brown,48.22126770019531,20.12225914001465,35.114501953125,56852,True,,train
miniature_pinscher_71,dog/brown/images/miniature_pinscher_71.jpg,dog/brown/masks/miniature_pinscher_71.png,dog,miniature_pinscher,brown,54.680931091308594,14.481186866760254,24.767791748046875,26572,True,,train
miniature_pinscher_81,dog/brown/images/miniature_pinscher_81.jpg,dog/brown/masks/miniature_pinscher_81.png,dog,miniature_pinscher,brown,33.00218200683594,5.397647857666016,22.774803161621097,22885,True,,train
miniature_pinscher_82,dog/brown/images/miniature_pinscher_82.jpg,dog/brown/masks/miniature_pinscher_82.png,dog,miniature_pinscher,brown,39.134315490722656,27.72772216796875,32.75131607055664,49681,True,,train
miniature_pinscher_86,dog/brown/images/miniature_pinscher_86.jpg,dog/brown/masks/miniature_pinscher_86.png,dog,miniature_pinscher,brown,47.106231689453125,5.7596564292907715,26.492849349975582,38582,True,,train
miniature_pinscher_90,dog/brown/images/miniature_pinscher_90.jpg,dog/brown/masks/miniature_pinscher_90.png,dog,miniature_pinscher,brown,47.32882308959961,17.450214385986328,24.581628799438477,50865,True,,train
miniature_pinscher_95,dog/brown/images/miniature_pinscher_95.jpg,dog/brown/masks/miniature_pinscher_95.png,dog,miniature_pinscher,brown,57.033233642578125,15.9771146774292,26.182401657104492,61281,True,,train
miniature_pinscher_96,dog/brown/images/miniature_pinscher_96.jpg,dog/brown/masks/miniature_pinscher_96.png,dog,miniature_pinscher,brown,44.31278610229492,8.199750900268555,18.964767456054688,44451,True,,train
miniature_pinscher_97,dog/brown/images/miniature_pinscher_97.jpg,dog/brown/masks/miniature_pinscher_97.png,dog,miniature_pinscher,brown,39.56159591674805,18.49867248535156,27.30331802368164,53286,True,,train
miniature_pinscher_98,dog/brown/images/miniature_pinscher_98.jpg,dog/brown/masks/miniature_pinscher_98.png,dog,miniature_pinscher,brown,44.34754180908203,12.425481796264648,25.91335678100586,30688,True,,train
newfoundland_108,dog/brown/images/newfoundland_108.jpg,dog/brown/masks/newfoundland_108.png,dog,newfoundland,brown,47.710201263427734,9.941935539245604,12.203449249267578,141236,True,,train
newfoundland_128,dog/brown/images/newfoundland_128.jpg,dog/brown/masks/newfoundland_128.png,dog,newfoundland,brown,41.223106384277344,7.31736421585083,15.083293914794922,105126,True,,train
newfoundland_164,dog/brown/images/newfoundland_164.jpg,dog/brown/masks/newfoundland_164.png,dog,newfoundland,brown,44.225921630859375,6.791815280914307,12.681686401367188,76106,True,,train
newfoundland_165,dog/brown/images/newfoundland_165.jpg,dog/brown/masks/newfoundland_165.png,dog,newfoundland,brown,53.78770446777344,10.429054260253906,20.825416564941406,55717,True,,train
newfoundland_166,dog/brown/images/newfoundland_166.jpg,dog/brown/masks/newfoundland_166.png,dog,newfoundland,brown,46.89503860473633,7.916510105133057,14.714652061462402,73515,True,,train
newfoundland_189,dog/brown/images/newfoundland_189.jpg,dog/brown/masks/newfoundland_189.png,dog,newfoundland,brown,34.39973449707031,6.327726364135742,13.911247253417969,61578,True,,train
pomeranian_1,dog/brown/images/pomeranian_1.jpg,dog/brown/masks/pomeranian_1.png,dog,pomeranian,brown,31.671356201171875,8.825644493103027,12.921142578125,153060,True,,train
pomeranian_100,dog/brown/images/pomeranian_100.jpg,dog/brown/masks/pomeranian_100.png,dog,pomeranian,brown,47.214935302734375,8.793086051940918,25.89249610900879,89375,True,,train
pomeranian_101,dog/brown/images/pomeranian_101.jpg,dog/brown/masks/pomeranian_101.png,dog,pomeranian,brown,49.548301696777344,9.354636192321776,26.083839416503903,89287,True,,train
pomeranian_103,dog/brown/images/pomeranian_103.jpg,dog/brown/masks/pomeranian_103.png,dog,pomeranian,brown,50.56211853027344,2.840965986251831,23.36455535888672,23513,True,,train
pomeranian_104,dog/brown/images/pomeranian_104.jpg,dog/brown/masks/pomeranian_104.png,dog,pomeranian,brown,59.576141357421875,6.808757781982422,18.462980270385746,58877,True,,train
pomeranian_106,dog/brown/images/pomeranian_106.jpg,dog/brown/masks/pomeranian_106.png,dog,pomeranian,brown,63.77183532714844,5.672156810760498,21.755266189575195,14727,True,,train
pomeranian_11,dog/brown/images/pomeranian_11.jpg,dog/brown/masks/pomeranian_11.png,dog,pomeranian,brown,55.067626953125,8.814022064208984,13.478899002075195,79797,True,,train
pomeranian_112,dog/brown/images/pomeranian_112.jpg,dog/brown/masks/pomeranian_112.png,dog,pomeranian,brown,39.80263900756836,7.929653167724609,16.703372955322266,39608,True,,train
pomeranian_115,dog/brown/images/pomeranian_115.jpg,dog/brown/masks/pomeranian_115.png,dog,pomeranian,brown,48.65919876098633,14.816701889038086,35.86857986450195,39812,True,,train
pomeranian_117,dog/brown/images/pomeranian_117.jpg,dog/brown/masks/pomeranian_117.png,dog,pomeranian,brown,54.41172790527344,8.306921005249023,19.889713287353516,35714,True,,train
pomeranian_126,dog/brown/images/pomeranian_126.jpg,dog/brown/masks/pomeranian_126.png,dog,pomeranian,brown,43.69278335571289,16.06509017944336,13.288152694702148,18195,True,,train
pomeranian_127,dog/brown/images/pomeranian_127.jpg,dog/brown/masks/pomeranian_127.png,dog,pomeranian,brown,48.67227935791016,10.564595222473145,13.50663948059082,18287,True,,train
pomeranian_129,dog/brown/images/pomeranian_129.jpg,dog/brown/masks/pomeranian_129.png,dog,pomeranian,brown,58.09386444091797,16.761571884155273,33.10723114013672,43653,True,,train
pomeranian_13,dog/brown/images/pomeranian_13.jpg,dog/brown/masks/pomeranian_13.png,dog,pomeranian,brown,60.34958267211914,7.010199069976807,43.81256866455078,56492,True,,train
pomeranian_130,dog/brown/images/pomeranian_130.jpg,dog/brown/masks/pomeranian_130.png,dog,pomeranian,brown,65.50253295898438,10.150522232055664,28.373790740966797,32184,True,,train
pomeranian_132,dog/brown/images/pomeranian_132.jpg,dog/brown/masks/pomeranian_132.png,dog,pomeranian,brown,57.548709869384766,10.252296447753906,25.738922119140625,23476,True,,train
pomeranian_136,dog/brown/images/pomeranian_136.jpg,dog/brown/masks/pomeranian_136.png,dog,pomeranian,brown,62.34516143798828,19.867151260375977,28.239280700683594,57099,True,,train
pomeranian_139,dog/brown/images/pomeranian_139.jpg,dog/brown/masks/pomeranian_139.png,dog,pomeranian,brown,62.78314208984375,4.237443447113037,24.186288833618164,27706,True,,train
pomeranian_140,dog/brown/images/pomeranian_140.jpg,dog/brown/masks/pomeranian_140.png,dog,pomeranian,brown,57.22862243652344,6.198328018188477,38.22535705566406,34710,True,,train
pomeranian_141,dog/brown/images/pomeranian_141.jpg,dog/brown/masks/pomeranian_141.png,dog,pomeranian,brown,63.293212890625,11.481613159179688,25.47578811645508,15763,True,,train
pomeranian_142,dog/brown/images/pomeranian_142.jpg,dog/brown/masks/pomeranian_142.png,dog,pomeranian,brown,54.653419494628906,11.713922500610352,29.191648483276367,21131,True,,train
pomeranian_143,dog/brown/images/pomeranian_143.jpg,dog/brown/masks/pomeranian_143.png,dog,pomeranian,brown,49.85261535644531,12.202225685119627,12.3676118850708,21948,True,,train
pomeranian_146,dog/brown/images/pomeranian_146.jpg,dog/brown/masks/pomeranian_146.png,dog,pomeranian,brown,50.37254333496094,8.508160591125488,26.791805267333984,38615,True,,train
pomeranian_147,dog/brown/images/pomeranian_147.jpg,dog/brown/masks/pomeranian_147.png,dog,pomeranian,brown,32.73503112792969,11.576950073242188,16.135311126708984,38756,True,,train
pomeranian_148,dog/brown/images/pomeranian_148.jpg,dog/brown/masks/pomeranian_148.png,dog,pomeranian,brown,42.18894958496094,6.909966468811035,13.017045974731444,22847,True,,train
pomeranian_15,dog/brown/images/pomeranian_15.jpg,dog/brown/masks/pomeranian_15.png,dog,pomeranian,brown,64.64775848388672,2.1008551120758057,13.670635223388672,66019,True,,train
pomeranian_151,dog/brown/images/pomeranian_151.jpg,dog/brown/masks/pomeranian_151.png,dog,pomeranian,brown,48.34778594970703,8.24764347076416,28.638160705566406,21207,True,,train
pomeranian_152,dog/brown/images/pomeranian_152.jpg,dog/brown/masks/pomeranian_152.png,dog,pomeranian,brown,42.301883697509766,15.674814224243164,30.971019744873047,25939,True,,train
pomeranian_155,dog/brown/images/pomeranian_155.jpg,dog/brown/masks/pomeranian_155.png,dog,pomeranian,brown,53.95140075683594,6.243348121643066,22.05560874938965,20818,True,,train
pomeranian_156,dog/brown/images/pomeranian_156.jpg,dog/brown/masks/pomeranian_156.png,dog,pomeranian,brown,46.160133361816406,10.90964698791504,22.655969619750977,31003,True,,train
pomeranian_160,dog/brown/images/pomeranian_160.jpg,dog/brown/masks/pomeranian_160.png,dog,pomeranian,brown,60.71858215332031,9.150684356689451,22.706418991088867,40162,True,,train
pomeranian_162,dog/brown/images/pomeranian_162.jpg,dog/brown/masks/pomeranian_162.png,dog,pomeranian,brown,61.69322967529297,2.046525478363037,13.81024169921875,43132,True,,train
pomeranian_176,dog/brown/images/pomeranian_176.jpg,dog/brown/masks/pomeranian_176.png,dog,pomeranian,brown,55.99202346801758,16.091882705688477,43.035213470458984,17126,True,,train
pomeranian_178,dog/brown/images/pomeranian_178.jpg,dog/brown/masks/pomeranian_178.png,dog,pomeranian,brown,65.78292083740234,8.222282409667969,17.16946792602539,26286,True,,train
pomeranian_181,dog/brown/images/pomeranian_181.jpg,dog/brown/masks/pomeranian_181.png,dog,pomeranian,brown,43.88467025756836,13.419002532958984,21.612585067749023,44834,True,,train
pomeranian_187,dog/brown/images/pomeranian_187.jpg,dog/brown/masks/pomeranian_187.png,dog,pomeranian,brown,66.64999389648438,9.854942321777344,15.461503982543944,29757,True,,train
pomeranian_188,dog/brown/images/pomeranian_188.jpg,dog/brown/masks/pomeranian_188.png,dog,pomeranian,brown,52.13856506347656,12.745290756225586,30.23419952392578,15798,True,,train
pomeranian_19,dog/brown/images/pomeranian_19.jpg,dog/brown/masks/pomeranian_19.png,dog,pomeranian,brown,57.313377380371094,14.66500759124756,19.775115966796875,80913,True,,train
pomeranian_192,dog/brown/images/pomeranian_192.jpg,dog/brown/masks/pomeranian_192.png,dog,pomeranian,brown,55.48957061767578,19.596771240234375,25.86932373046875,33038,True,,train
pomeranian_193,dog/brown/images/pomeranian_193.jpg,dog/brown/masks/pomeranian_193.png,dog,pomeranian,brown,53.821327209472656,6.279513359069824,24.314208984375,18644,True,,train
pomeranian_198,dog/brown/images/pomeranian_198.jpg,dog/brown/masks/pomeranian_198.png,dog,pomeranian,brown,32.818145751953125,10.604307174682615,17.828672409057617,29245,True,,train
pomeranian_199,dog/brown/images/pomeranian_199.jpg,dog/brown/masks/pomeranian_199.png,dog,pomeranian,brown,42.24238967895508,10.650217056274414,15.895795822143556,53340,True,,train
pomeranian_22,dog/brown/images/pomeranian_22.jpg,dog/brown/masks/pomeranian_22.png,dog,pomeranian,brown,47.76189804077149,7.898956298828125,17.482017517089844,65988,True,,train
pomeranian_24,dog/brown/images/pomeranian_24.jpg,dog/brown/masks/pomeranian_24.png,dog,pomeranian,brown,60.59494400024414,4.284858703613281,15.42963981628418,94790,True,,train
pomeranian_26,dog/brown/images/pomeranian_26.jpg,dog/brown/masks/pomeranian_26.png,dog,pomeranian,brown,49.35343933105469,6.36446475982666,20.419450759887695,59929,True,,train
pomeranian_27,dog/brown/images/pomeranian_27.jpg,dog/brown/masks/pomeranian_27.png,dog,pomeranian,brown,31.77397918701172,19.299999237060547,33.230674743652344,47581,True,,train
pomeranian_29,dog/brown/images/pomeranian_29.jpg,dog/brown/masks/pomeranian_29.png,dog,pomeranian,brown,66.27490997314453,4.747003555297852,15.345012664794922,100683,True,,train
pomeranian_32,dog/brown/images/pomeranian_32.jpg,dog/brown/masks/pomeranian_32.png,dog,pomeranian,brown,43.660736083984375,27.482643127441406,39.59428024291992,73815,True,,train
pomeranian_33,dog/brown/images/pomeranian_33.jpg,dog/brown/masks/pomeranian_33.png,dog,pomeranian,brown,57.91538619995117,4.271127700805664,13.62004280090332,64212,True,,train
pomeranian_36,dog/brown/images/pomeranian_36.jpg,dog/brown/masks/pomeranian_36.png,dog,pomeranian,brown,39.82745361328125,7.646381855010986,14.9275541305542,83440,True,,train
pomeranian_37,dog/brown/images/pomeranian_37.jpg,dog/brown/masks/pomeranian_37.png,dog,pomeranian,brown,46.62440490722656,6.626226425170898,19.435792922973633,67322,True,,train
pomeranian_39,dog/brown/images/pomeranian_39.jpg,dog/brown/masks/pomeranian_39.png,dog,pomeranian,brown,60.46930694580078,4.527896881103516,15.852392196655272,96532,True,,train
pomeranian_48,dog/brown/images/pomeranian_48.jpg,dog/brown/masks/pomeranian_48.png,dog,pomeranian,brown,31.211387634277344,2.3550689220428467,13.342618942260742,68673,True,,train
pomeranian_52,dog/brown/images/pomeranian_52.jpg,dog/brown/masks/pomeranian_52.png,dog,pomeranian,brown,59.669044494628906,4.228830337524414,24.925649642944336,131570,True,,train
pomeranian_54,dog/brown/images/pomeranian_54.jpg,dog/brown/masks/pomeranian_54.png,dog,pomeranian,brown,43.93500518798828,5.87645149230957,16.640064239501953,73860,True,,train
pomeranian_6,dog/brown/images/pomeranian_6.jpg,dog/brown/masks/pomeranian_6.png,dog,pomeranian,brown,50.360633850097656,3.50305438041687,12.461555480957031,135484,True,,train
pomeranian_60,dog/brown/images/pomeranian_60.jpg,dog/brown/masks/pomeranian_60.png,dog,pomeranian,brown,51.05206298828125,10.329797744750977,15.49130630493164,34616,True,,train
pomeranian_63,dog/brown/images/pomeranian_63.jpg,dog/brown/masks/pomeranian_63.png,dog,pomeranian,brown,49.89691162109375,4.218578338623047,17.99715805053711,101015,True,,train
pomeranian_68,dog/brown/images/pomeranian_68.jpg,dog/brown/masks/pomeranian_68.png,dog,pomeranian,brown,50.19439697265625,5.527496337890625,21.67879295349121,147373,True,,train
pomeranian_72,dog/brown/images/pomeranian_72.jpg,dog/brown/masks/pomeranian_72.png,dog,pomeranian,brown,36.87696838378906,4.411220550537109,20.504384994506836,142913,True,,train
pomeranian_73,dog/brown/images/pomeranian_73.jpg,dog/brown/masks/pomeranian_73.png,dog,pomeranian,brown,37.15387344360352,7.505268096923828,25.291324615478516,79066,True,,train
pomeranian_78,dog/brown/images/pomeranian_78.jpg,dog/brown/masks/pomeranian_78.png,dog,pomeranian,brown,58.954803466796875,5.855709075927734,21.90158462524414,69033,True,,train
pomeranian_79,dog/brown/images/pomeranian_79.jpg,dog/brown/masks/pomeranian_79.png,dog,pomeranian,brown,34.93207550048828,11.30189037322998,28.301071166992188,63887,True,,train
pomeranian_8,dog/brown/images/pomeranian_8.jpg,dog/brown/masks/pomeranian_8.png,dog,pomeranian,brown,42.956199645996094,7.945328712463379,19.124412536621097,54285,True,,train
pomeranian_82,dog/brown/images/pomeranian_82.jpg,dog/brown/masks/pomeranian_82.png,dog,pomeranian,brown,57.50908660888672,12.526601791381836,41.65841293334961,107535,True,,train
pomeranian_84,dog/brown/images/pomeranian_84.jpg,dog/brown/masks/pomeranian_84.png,dog,pomeranian,brown,48.450706481933594,10.984838485717772,23.79376983642578,94095,True,,train
pomeranian_89,dog/brown/images/pomeranian_89.jpg,dog/brown/masks/pomeranian_89.png,dog,pomeranian,brown,56.69990539550781,8.90943431854248,20.144580841064453,183797,True,,train
pomeranian_91,dog/brown/images/pomeranian_91.jpg,dog/brown/masks/pomeranian_91.png,dog,pomeranian,brown,41.222164154052734,4.155487060546875,18.017017364501953,31219,True,,train
pomeranian_92,dog/brown/images/pomeranian_92.jpg,dog/brown/masks/pomeranian_92.png,dog,pomeranian,brown,58.59596252441406,8.263677597045898,35.626888275146484,75621,True,,train
pomeranian_93,dog/brown/images/pomeranian_93.jpg,dog/brown/masks/pomeranian_93.png,dog,pomeranian,brown,32.492218017578125,18.204540252685547,24.347675323486328,129223,True,,train
pomeranian_95,dog/brown/images/pomeranian_95.jpg,dog/brown/masks/pomeranian_95.png,dog,pomeranian,brown,30.432662963867188,13.55467700958252,20.016616821289062,91119,True,,train
pomeranian_96,dog/brown/images/pomeranian_96.jpg,dog/brown/masks/pomeranian_96.png,dog,pomeranian,brown,66.44480895996094,10.91468334197998,26.404022216796875,34947,True,,train
pomeranian_98,dog/brown/images/pomeranian_98.jpg,dog/brown/masks/pomeranian_98.png,dog,pomeranian,brown,42.3783073425293,10.284751892089844,23.00476455688477,132694,True,,train
pomeranian_99,dog/brown/images/pomeranian_99.jpg,dog/brown/masks/pomeranian_99.png,dog,pomeranian,brown,52.89886474609375,5.6206583976745605,21.424448013305664,49005,True,,train
pug_27,dog/brown/images/pug_27.jpg,dog/brown/masks/pug_27.png,dog,pug,brown,44.7380485534668,9.48077392578125,18.65593147277832,29297,True,,train
saint_bernard_106,dog/brown/images/saint_bernard_106.jpg,dog/brown/masks/saint_bernard_106.png,dog,saint_bernard,brown,35.636085510253906,5.138516426086426,18.17461395263672,49174,True,,train
saint_bernard_116,dog/brown/images/saint_bernard_116.jpg,dog/brown/masks/saint_bernard_116.png,dog,saint_bernard,brown,52.49475860595703,3.6776363849639897,12.001996994018556,121773,True,,train
saint_bernard_118,dog/brown/images/saint_bernard_118.jpg,dog/brown/masks/saint_bernard_118.png,dog,saint_bernard,brown,41.55231475830078,6.477966785430908,14.937520027160645,117232,True,,train
saint_bernard_136,dog/brown/images/saint_bernard_136.jpg,dog/brown/masks/saint_bernard_136.png,dog,saint_bernard,brown,52.22514343261719,4.09671688079834,19.220226287841797,32845,True,,train
saint_bernard_148,dog/brown/images/saint_bernard_148.jpg,dog/brown/masks/saint_bernard_148.png,dog,saint_bernard,brown,31.980178833007812,11.592909812927246,17.98340606689453,88423,True,,train
saint_bernard_176,dog/brown/images/saint_bernard_176.jpg,dog/brown/masks/saint_bernard_176.png,dog,saint_bernard,brown,51.403907775878906,13.09812068939209,27.158117294311523,48865,True,,train
saint_bernard_177,dog/brown/images/saint_bernard_177.jpg,dog/brown/masks/saint_bernard_177.png,dog,saint_bernard,brown,51.08934783935547,13.217836380004885,21.2029972076416,40245,True,,train
saint_bernard_194,dog/brown/images/saint_bernard_194.jpg,dog/brown/masks/saint_bernard_194.png,dog,saint_bernard,brown,46.39439392089844,11.497892379760742,23.3214054107666,37750,True,,train
saint_bernard_196,dog/brown/images/saint_bernard_196.jpg,dog/brown/masks/saint_bernard_196.png,dog,saint_bernard,brown,52.234397888183594,2.266958236694336,15.421366691589355,72761,True,,train
saint_bernard_20,dog/brown/images/saint_bernard_20.jpg,dog/brown/masks/saint_bernard_20.png,dog,saint_bernard,brown,36.46638488769531,7.443547248840332,16.746633529663086,22634,True,,train
saint_bernard_200,dog/brown/images/saint_bernard_200.jpg,dog/brown/masks/saint_bernard_200.png,dog,saint_bernard,brown,35.974430084228516,10.574862480163574,19.38204765319824,26663,True,,train
saint_bernard_52,dog/brown/images/saint_bernard_52.jpg,dog/brown/masks/saint_bernard_52.png,dog,saint_bernard,brown,65.6539077758789,4.904359817504883,14.603435516357422,106407,True,,train
saint_bernard_97,dog/brown/images/saint_bernard_97.jpg,dog/brown/masks/saint_bernard_97.png,dog,saint_bernard,brown,33.04621124267578,8.316591262817383,20.119213104248047,105478,True,,train
scottish_terrier_102,dog/brown/images/scottish_terrier_102.jpg,dog/brown/masks/scottish_terrier_102.png,dog,scottish_terrier,brown,62.05109786987305,3.559619188308716,18.457609176635746,11242,True,,train
scottish_terrier_105,dog/brown/images/scottish_terrier_105.jpg,dog/brown/masks/scottish_terrier_105.png,dog,scottish_terrier,brown,51.92564392089844,4.025876522064209,15.703129768371582,41758,True,,train
scottish_terrier_107,dog/brown/images/scottish_terrier_107.jpg,dog/brown/masks/scottish_terrier_107.png,dog,scottish_terrier,brown,58.99237823486328,9.236454963684082,21.059917449951172,24773,True,,train
scottish_terrier_95,dog/brown/images/scottish_terrier_95.jpg,dog/brown/masks/scottish_terrier_95.png,dog,scottish_terrier,brown,48.422119140625,17.04800033569336,29.470516204833984,46356,True,,train
shiba_inu_1,dog/brown/images/shiba_inu_1.jpg,dog/brown/masks/shiba_inu_1.png,dog,shiba_inu,brown,47.081642150878906,18.898113250732425,23.170751571655273,22200,True,,train
shiba_inu_100,dog/brown/images/shiba_inu_100.jpg,dog/brown/masks/shiba_inu_100.png,dog,shiba_inu,brown,54.30842590332031,5.7875213623046875,25.96380615234375,70060,True,,train
shiba_inu_102,dog/brown/images/shiba_inu_102.jpg,dog/brown/masks/shiba_inu_102.png,dog,shiba_inu,brown,47.53571701049805,14.67353057861328,22.045076370239254,45825,True,,train
shiba_inu_104,dog/brown/images/shiba_inu_104.jpg,dog/brown/masks/shiba_inu_104.png,dog,shiba_inu,brown,44.35869598388672,6.682038307189941,23.51139259338379,88113,True,,train
shiba_inu_105,dog/brown/images/shiba_inu_105.jpg,dog/brown/masks/shiba_inu_105.png,dog,shiba_inu,brown,54.87745666503906,9.557634353637695,19.907379150390625,46857,True,,train
shiba_inu_109,dog/brown/images/shiba_inu_109.jpg,dog/brown/masks/shiba_inu_109.png,dog,shiba_inu,brown,67.78323364257812,3.480851650238037,19.100357055664062,37557,True,,train
shiba_inu_11,dog/brown/images/shiba_inu_11.jpg,dog/brown/masks/shiba_inu_11.png,dog,shiba_inu,brown,60.27922821044922,5.59765100479126,21.424657821655273,73873,True,,train
shiba_inu_113,dog/brown/images/shiba_inu_113.jpg,dog/brown/masks/shiba_inu_113.png,dog,shiba_inu,brown,61.66405487060547,4.179179668426514,24.37704849243164,30123,True,,train
shiba_inu_116,dog/brown/images/shiba_inu_116.jpg,dog/brown/masks/shiba_inu_116.png,dog,shiba_inu,brown,65.82061767578125,6.774425506591797,33.77813720703125,48280,True,,train
shiba_inu_117,dog/brown/images/shiba_inu_117.jpg,dog/brown/masks/shiba_inu_117.png,dog,shiba_inu,brown,58.36452102661133,7.001862049102783,21.390247344970703,36838,True,,train
shiba_inu_118,dog/brown/images/shiba_inu_118.jpg,dog/brown/masks/shiba_inu_118.png,dog,shiba_inu,brown,65.2881851196289,9.042821884155272,37.23345947265625,42990,True,,train
shiba_inu_120,dog/brown/images/shiba_inu_120.jpg,dog/brown/masks/shiba_inu_120.png,dog,shiba_inu,brown,62.41020965576172,7.783785343170166,25.141233444213867,9972,True,,train
shiba_inu_127,dog/brown/images/shiba_inu_127.jpg,dog/brown/masks/shiba_inu_127.png,dog,shiba_inu,brown,45.971832275390625,7.794819831848144,14.077276229858398,15337,True,,train
shiba_inu_128,dog/brown/images/shiba_inu_128.jpg,dog/brown/masks/shiba_inu_128.png,dog,shiba_inu,brown,54.237762451171875,5.4198503494262695,15.101605415344238,18569,True,,train
shiba_inu_129,dog/brown/images/shiba_inu_129.jpg,dog/brown/masks/shiba_inu_129.png,dog,shiba_inu,brown,59.800994873046875,7.0101318359375,14.780068397521973,35697,True,,train
shiba_inu_130,dog/brown/images/shiba_inu_130.jpg,dog/brown/masks/shiba_inu_130.png,dog,shiba_inu,brown,57.06895446777344,3.54236364364624,13.104730606079102,27253,True,,train
shiba_inu_132,dog/brown/images/shiba_inu_132.jpg,dog/brown/masks/shiba_inu_132.png,dog,shiba_inu,brown,60.74134063720703,4.749007701873779,18.471616744995117,92083,True,,train
shiba_inu_135,dog/brown/images/shiba_inu_135.jpg,dog/brown/masks/shiba_inu_135.png,dog,shiba_inu,brown,54.74481964111328,20.16177749633789,36.69841766357422,63231,True,,train
shiba_inu_136,dog/brown/images/shiba_inu_136.jpg,dog/brown/masks/shiba_inu_136.png,dog,shiba_inu,brown,52.972999572753906,3.733336925506592,17.171876907348633,38817,True,,train
shiba_inu_14,dog/brown/images/shiba_inu_14.jpg,dog/brown/masks/shiba_inu_14.png,dog,shiba_inu,brown,64.93435668945312,4.289705276489258,16.92597198486328,21272,True,,train
shiba_inu_142,dog/brown/images/shiba_inu_142.jpg,dog/brown/masks/shiba_inu_142.png,dog,shiba_inu,brown,35.18816375732422,10.252639770507812,19.687997817993164,58025,True,,train
shiba_inu_145,dog/brown/images/shiba_inu_145.jpg,dog/brown/masks/shiba_inu_145.png,dog,shiba_inu,brown,59.92853927612305,5.6251139640808105,19.324634552001953,26152,True,,train
shiba_inu_146,dog/brown/images/shiba_inu_146.jpg,dog/brown/masks/shiba_inu_146.png,dog,shiba_inu,brown,56.80107879638672,6.46182918548584,19.97199058532715,32183,True,,train
shiba_inu_15,dog/brown/images/shiba_inu_15.jpg,dog/brown/masks/shiba_inu_15.png,dog,shiba_inu,brown,50.39091110229492,5.320638656616211,23.24897003173828,97918,True,,train
shiba_inu_150,dog/brown/images/shiba_inu_150.jpg,dog/brown/masks/shiba_inu_150.png,dog,shiba_inu,brown,52.29417419433594,3.000572204589844,24.562602996826172,81346,True,,train
shiba_inu_152,dog/brown/images/shiba_inu_152.jpg,dog/brown/masks/shiba_inu_152.png,dog,shiba_inu,brown,51.641632080078125,2.2216439247131348,18.194257736206055,59013,True,,train
shiba_inu_153,dog/brown/images/shiba_inu_153.jpg,dog/brown/masks/shiba_inu_153.png,dog,shiba_inu,brown,50.64775848388672,3.388434648513794,26.64632797241211,94601,True,,train
shiba_inu_158,dog/brown/images/shiba_inu_158.jpg,dog/brown/masks/shiba_inu_158.png,dog,shiba_inu,brown,34.2039680480957,5.513444423675537,14.376461029052734,85713,True,,train
shiba_inu_160,dog/brown/images/shiba_inu_160.jpg,dog/brown/masks/shiba_inu_160.png,dog,shiba_inu,brown,53.481903076171875,14.04884433746338,29.258548736572266,90068,True,,train
shiba_inu_161,dog/brown/images/shiba_inu_161.jpg,dog/brown/masks/shiba_inu_161.png,dog,shiba_inu,brown,51.724212646484375,4.575103282928467,18.48865509033203,34878,True,,train
shiba_inu_171,dog/brown/images/shiba_inu_171.jpg,dog/brown/masks/shiba_inu_171.png,dog,shiba_inu,brown,48.88465118408203,5.560636520385742,20.527332305908203,116264,True,,train
shiba_inu_172,dog/brown/images/shiba_inu_172.jpg,dog/brown/masks/shiba_inu_172.png,dog,shiba_inu,brown,62.83226013183594,12.337535858154297,35.928524017333984,88966,True,,train
shiba_inu_174,dog/brown/images/shiba_inu_174.jpg,dog/brown/masks/shiba_inu_174.png,dog,shiba_inu,brown,56.182334899902344,19.295007705688477,51.16242218017578,48633,True,,train
shiba_inu_176,dog/brown/images/shiba_inu_176.jpg,dog/brown/masks/shiba_inu_176.png,dog,shiba_inu,brown,38.34318542480469,2.677455425262451,15.168630599975586,112085,True,,train
shiba_inu_177,dog/brown/images/shiba_inu_177.jpg,dog/brown/masks/shiba_inu_177.png,dog,shiba_inu,brown,54.01911163330078,5.8425068855285645,23.482847213745117,57089,True,,train
shiba_inu_178,dog/brown/images/shiba_inu_178.jpg,dog/brown/masks/shiba_inu_178.png,dog,shiba_inu,brown,42.506385803222656,6.081133842468262,19.988025665283203,70980,True,,train
shiba_inu_179,dog/brown/images/shiba_inu_179.jpg,dog/brown/masks/shiba_inu_179.png,dog,shiba_inu,brown,59.976036071777344,4.889339447021484,19.378488540649418,64811,True,,train
shiba_inu_18,dog/brown/images/shiba_inu_18.jpg,dog/brown/masks/shiba_inu_18.png,dog,shiba_inu,brown,68.20457458496094,5.744948863983154,16.31049156188965,54822,True,,train
shiba_inu_182,dog/brown/images/shiba_inu_182.jpg,dog/brown/masks/shiba_inu_182.png,dog,shiba_inu,brown,42.11175155639648,7.4065327644348145,16.61292266845703,131381,True,,train
shiba_inu_183,dog/brown/images/shiba_inu_183.jpg,dog/brown/masks/shiba_inu_183.png,dog,shiba_inu,brown,61.791358947753906,3.8181543350219727,13.486469268798828,52023,True,,train
shiba_inu_186,dog/brown/images/shiba_inu_186.jpg,dog/brown/masks/shiba_inu_186.png,dog,shiba_inu,brown,62.670623779296875,4.356712341308594,14.972901344299316,52435,True,,train
shiba_inu_199,dog/brown/images/shiba_inu_199.jpg,dog/brown/masks/shiba_inu_199.png,dog,shiba_inu,brown,48.12989044189453,5.641325950622559,13.506364822387695,119854,True,,train
shiba_inu_20,dog/brown/images/shiba_inu_20.jpg,dog/brown/masks/shiba_inu_20.png,dog,shiba_inu,brown,69.3948974609375,11.278838157653809,24.65947914123535,83372,True,,train
shiba_inu_203,dog/brown/images/shiba_inu_203.jpg,dog/brown/masks/shiba_inu_203.png,dog,shiba_inu,brown,68.39505004882812,11.737764358520508,20.98870849609375,109305,True,,train
shiba_inu_207,dog/brown/images/shiba_inu_207.jpg,dog/brown/masks/shiba_inu_207.png,dog,shiba_inu,brown,59.250938415527344,4.629105567932129,15.365373611450195,38055,True,,train
shiba_inu_208,dog/brown/images/shiba_inu_208.jpg,dog/brown/masks/shiba_inu_208.png,dog,shiba_inu,brown,43.89085006713867,5.343988418579102,20.16637420654297,57770,True,,train
shiba_inu_24,dog/brown/images/shiba_inu_24.jpg,dog/brown/masks/shiba_inu_24.png,dog,shiba_inu,brown,53.35380554199219,3.364443778991699,14.87407684326172,77647,True,,train
shiba_inu_26,dog/brown/images/shiba_inu_26.jpg,dog/brown/masks/shiba_inu_26.png,dog,shiba_inu,brown,61.396820068359375,4.345327377319336,12.772727012634276,119951,True,,train
shiba_inu_36,dog/brown/images/shiba_inu_36.jpg,dog/brown/masks/shiba_inu_36.png,dog,shiba_inu,brown,63.534820556640625,4.586428642272949,17.05135154724121,107337,True,,train
shiba_inu_37,dog/brown/images/shiba_inu_37.jpg,dog/brown/masks/shiba_inu_37.png,dog,shiba_inu,brown,55.34740447998047,5.563020706176758,14.005732536315918,88059,True,,train
shiba_inu_38,dog/brown/images/shiba_inu_38.jpg,dog/brown/masks/shiba_inu_38.png,dog,shiba_inu,brown,49.379432678222656,7.4022111892700195,19.921974182128903,77346,True,,train
shiba_inu_39,dog/brown/images/shiba_inu_39.jpg,dog/brown/masks/shiba_inu_39.png,dog,shiba_inu,brown,52.38250732421875,6.336703777313232,19.132978439331055,71804,True,,train
shiba_inu_41,dog/brown/images/shiba_inu_41.jpg,dog/brown/masks/shiba_inu_41.png,dog,shiba_inu,brown,47.12092208862305,6.990462303161621,20.68687629699707,77976,True,,train
shiba_inu_46,dog/brown/images/shiba_inu_46.jpg,dog/brown/masks/shiba_inu_46.png,dog,shiba_inu,brown,45.50765228271485,6.732419013977051,15.101613998413086,80088,True,,train
shiba_inu_5,dog/brown/images/shiba_inu_5.jpg,dog/brown/masks/shiba_inu_5.png,dog,shiba_inu,brown,55.97988510131836,4.902153968811035,17.380821228027344,82008,True,,train
shiba_inu_51,dog/brown/images/shiba_inu_51.jpg,dog/brown/masks/shiba_inu_51.png,dog,shiba_inu,brown,56.816864013671875,10.448217391967772,45.58819961547851,15207,True,,train
shiba_inu_53,dog/brown/images/shiba_inu_53.jpg,dog/brown/masks/shiba_inu_53.png,dog,shiba_inu,brown,43.839637756347656,4.393428802490234,16.73091697692871,62861,True,,train
shiba_inu_54,dog/brown/images/shiba_inu_54.jpg,dog/brown/masks/shiba_inu_54.png,dog,shiba_inu,brown,55.376708984375,18.661678314208984,59.8222541809082,65245,True,,train
shiba_inu_58,dog/brown/images/shiba_inu_58.jpg,dog/brown/masks/shiba_inu_58.png,dog,shiba_inu,brown,54.237361907958984,5.3868889808654785,14.808597564697266,29146,True,,train
shiba_inu_63,dog/brown/images/shiba_inu_63.jpg,dog/brown/masks/shiba_inu_63.png,dog,shiba_inu,brown,67.40677642822266,3.410637378692627,27.57022476196289,55261,True,,train
shiba_inu_65,dog/brown/images/shiba_inu_65.jpg,dog/brown/masks/shiba_inu_65.png,dog,shiba_inu,brown,54.36433410644531,7.223472118377685,21.77673721313477,8964,True,,train
shiba_inu_66,dog/brown/images/shiba_inu_66.jpg,dog/brown/masks/shiba_inu_66.png,dog,shiba_inu,brown,31.30262756347656,10.495841979980469,19.948619842529297,94317,True,,train
shiba_inu_70,dog/brown/images/shiba_inu_70.jpg,dog/brown/masks/shiba_inu_70.png,dog,shiba_inu,brown,49.350852966308594,7.850706577301025,17.559539794921875,147499,True,,train
shiba_inu_71,dog/brown/images/shiba_inu_71.jpg,dog/brown/masks/shiba_inu_71.png,dog,shiba_inu,brown,58.10838317871094,10.51044464111328,28.339136123657227,81438,True,,train
shiba_inu_72,dog/brown/images/shiba_inu_72.jpg,dog/brown/masks/shiba_inu_72.png,dog,shiba_inu,brown,52.09357452392578,12.456059455871582,26.410642623901367,93306,True,,train
shiba_inu_73,dog/brown/images/shiba_inu_73.jpg,dog/brown/masks/shiba_inu_73.png,dog,shiba_inu,brown,59.54412078857422,13.68108367919922,49.54749298095703,44940,True,,train
shiba_inu_74,dog/brown/images/shiba_inu_74.jpg,dog/brown/masks/shiba_inu_74.png,dog,shiba_inu,brown,60.3409423828125,3.499329090118408,41.52309799194336,94621,True,,train
shiba_inu_76,dog/brown/images/shiba_inu_76.jpg,dog/brown/masks/shiba_inu_76.png,dog,shiba_inu,brown,48.57518768310547,15.554875373840332,42.87260818481445,48555,True,,train
shiba_inu_79,dog/brown/images/shiba_inu_79.jpg,dog/brown/masks/shiba_inu_79.png,dog,shiba_inu,brown,55.07768249511719,7.376447200775147,18.491565704345703,71194,True,,train
shiba_inu_8,dog/brown/images/shiba_inu_8.jpg,dog/brown/masks/shiba_inu_8.png,dog,shiba_inu,brown,52.71370315551758,6.247084617614746,15.620756149291992,47734,True,,train
shiba_inu_82,dog/brown/images/shiba_inu_82.jpg,dog/brown/masks/shiba_inu_82.png,dog,shiba_inu,brown,53.7535400390625,11.778264999389648,21.19849395751953,68429,True,,train
shiba_inu_83,dog/brown/images/shiba_inu_83.jpg,dog/brown/masks/shiba_inu_83.png,dog,shiba_inu,brown,42.05779647827149,6.497531890869141,12.455206871032717,113054,True,,train
shiba_inu_84,dog/brown/images/shiba_inu_84.jpg,dog/brown/masks/shiba_inu_84.png,dog,shiba_inu,brown,48.46085357666016,3.642469644546509,32.0704345703125,26261,True,,train
shiba_inu_85,dog/brown/images/shiba_inu_85.jpg,dog/brown/masks/shiba_inu_85.png,dog,shiba_inu,brown,67.9322280883789,3.693044185638428,21.71716690063477,46907,True,,train
shiba_inu_87,dog/brown/images/shiba_inu_87.jpg,dog/brown/masks/shiba_inu_87.png,dog,shiba_inu,brown,40.58580780029297,6.221026420593262,21.613603591918945,60662,True,,train
shiba_inu_89,dog/brown/images/shiba_inu_89.jpg,dog/brown/masks/shiba_inu_89.png,dog,shiba_inu,brown,62.331581115722656,8.015096664428711,14.364301681518556,55270,True,,train
shiba_inu_9,dog/brown/images/shiba_inu_9.jpg,dog/brown/masks/shiba_inu_9.png,dog,shiba_inu,brown,56.030174255371094,5.182504653930664,18.25010681152344,42903,True,,train
shiba_inu_91,dog/brown/images/shiba_inu_91.jpg,dog/brown/masks/shiba_inu_91.png,dog,shiba_inu,brown,38.78276443481445,5.971711158752441,12.514800071716309,32024,True,,train
shiba_inu_94,dog/brown/images/shiba_inu_94.jpg,dog/brown/masks/shiba_inu_94.png,dog,shiba_inu,brown,53.82463836669922,5.869775772094727,15.455248832702637,24068,True,,train
shiba_inu_95,dog/brown/images/shiba_inu_95.jpg,dog/brown/masks/shiba_inu_95.png,dog,shiba_inu,brown,61.42559814453125,6.447911262512207,26.06581687927246,104379,True,,train
shiba_inu_99,dog/brown/images/shiba_inu_99.jpg,dog/brown/masks/shiba_inu_99.png,dog,shiba_inu,brown,49.05297088623047,5.310073375701904,20.367204666137695,48752,True,,train
staffordshire_bull_terrier_101,dog/brown/images/staffordshire_bull_terrier_101.jpg,dog/brown/masks/staffordshire_bull_terrier_101.png,dog,staffordshire_bull_terrier,brown,52.48046875,5.703062057495117,18.99813461303711,53699,True,,train
staffordshire_bull_terrier_104,dog/brown/images/staffordshire_bull_terrier_104.jpg,dog/brown/masks/staffordshire_bull_terrier_104.png,dog,staffordshire_bull_terrier,brown,42.348777770996094,7.162928581237793,15.307211875915527,77465,True,,train
staffordshire_bull_terrier_108,dog/brown/images/staffordshire_bull_terrier_108.jpg,dog/brown/masks/staffordshire_bull_terrier_108.png,dog,staffordshire_bull_terrier,brown,36.65959167480469,12.796536445617676,14.845359802246094,50300,True,,train
staffordshire_bull_terrier_160,dog/brown/images/staffordshire_bull_terrier_160.jpg,dog/brown/masks/staffordshire_bull_terrier_160.png,dog,staffordshire_bull_terrier,brown,46.40828704833984,14.02999496459961,29.62289810180664,59288,True,,train
staffordshire_bull_terrier_166,dog/brown/images/staffordshire_bull_terrier_166.jpg,dog/brown/masks/staffordshire_bull_terrier_166.png,dog,staffordshire_bull_terrier,brown,54.07261276245117,7.494803428649902,29.417484283447266,59578,True,,train
staffordshire_bull_terrier_175,dog/brown/images/staffordshire_bull_terrier_175.jpg,dog/brown/masks/staffordshire_bull_terrier_175.png,dog,staffordshire_bull_terrier,brown,48.06452178955078,9.01500129699707,26.43983459472656,84036,True,,train
staffordshire_bull_terrier_192,dog/brown/images/staffordshire_bull_terrier_192.jpg,dog/brown/masks/staffordshire_bull_terrier_192.png,dog,staffordshire_bull_terrier,brown,49.957218170166016,5.150243759155273,22.717554092407227,39656,True,,train
staffordshire_bull_terrier_21,dog/brown/images/staffordshire_bull_terrier_21.jpg,dog/brown/masks/staffordshire_bull_terrier_21.png,dog,staffordshire_bull_terrier,brown,47.22529602050781,6.367653846740723,16.37285041809082,15938,True,,train
staffordshire_bull_terrier_24,dog/brown/images/staffordshire_bull_terrier_24.jpg,dog/brown/masks/staffordshire_bull_terrier_24.png,dog,staffordshire_bull_terrier,brown,35.380802154541016,10.328106880187988,25.219900131225582,76430,True,,train
staffordshire_bull_terrier_25,dog/brown/images/staffordshire_bull_terrier_25.jpg,dog/brown/masks/staffordshire_bull_terrier_25.png,dog,staffordshire_bull_terrier,brown,65.30299377441406,7.42158317565918,21.538848876953125,25076,True,,train
staffordshire_bull_terrier_32,dog/brown/images/staffordshire_bull_terrier_32.jpg,dog/brown/masks/staffordshire_bull_terrier_32.png,dog,staffordshire_bull_terrier,brown,31.96859359741211,5.411498069763184,15.820717811584473,64166,True,,train
staffordshire_bull_terrier_4,dog/brown/images/staffordshire_bull_terrier_4.jpg,dog/brown/masks/staffordshire_bull_terrier_4.png,dog,staffordshire_bull_terrier,brown,51.02986145019531,12.977093696594238,28.756248474121097,121329,True,,train
staffordshire_bull_terrier_5,dog/brown/images/staffordshire_bull_terrier_5.jpg,dog/brown/masks/staffordshire_bull_terrier_5.png,dog,staffordshire_bull_terrier,brown,46.6392707824707,3.17557144165039,14.984411239624023,94999,True,,train
staffordshire_bull_terrier_7,dog/brown/images/staffordshire_bull_terrier_7.jpg,dog/brown/masks/staffordshire_bull_terrier_7.png,dog,staffordshire_bull_terrier,brown,42.12200546264648,8.870333671569824,15.225536346435549,31274,True,,train
staffordshire_bull_terrier_70,dog/brown/images/staffordshire_bull_terrier_70.jpg,dog/brown/masks/staffordshire_bull_terrier_70.png,dog,staffordshire_bull_terrier,brown,42.5202751159668,7.600888729095459,13.093578338623049,70317,True,,train
staffordshire_bull_terrier_8,dog/brown/images/staffordshire_bull_terrier_8.jpg,dog/brown/masks/staffordshire_bull_terrier_8.png,dog,staffordshire_bull_terrier,brown,60.909523010253906,9.418905258178713,15.010333061218262,124605,True,,train
staffordshire_bull_terrier_80,dog/brown/images/staffordshire_bull_terrier_80.jpg,dog/brown/masks/staffordshire_bull_terrier_80.png,dog,staffordshire_bull_terrier,brown,46.86505889892578,8.704200744628906,20.102500915527344,48938,True,,train
staffordshire_bull_terrier_81,dog/brown/images/staffordshire_bull_terrier_81.jpg,dog/brown/masks/staffordshire_bull_terrier_81.png,dog,staffordshire_bull_terrier,brown,50.306182861328125,8.540853500366211,22.26995277404785,157905,True,,train
wheaten_terrier_13,dog/brown/images/wheaten_terrier_13.jpg,dog/brown/masks/wheaten_terrier_13.png,dog,wheaten_terrier,brown,58.61115264892578,5.346745491027832,22.82221221923828,39549,True,,train
wheaten_terrier_138,dog/brown/images/wheaten_terrier_138.jpg,dog/brown/masks/wheaten_terrier_138.png,dog,wheaten_terrier,brown,57.08488464355469,3.7925243377685542,17.33167266845703,57263,True,,train
wheaten_terrier_140,dog/brown/images/wheaten_terrier_140.jpg,dog/brown/masks/wheaten_terrier_140.png,dog,wheaten_terrier,brown,52.628204345703125,7.4022111892700195,15.23326015472412,105801,True,,train
wheaten_terrier_143,dog/brown/images/wheaten_terrier_143.jpg,dog/brown/masks/wheaten_terrier_143.png,dog,wheaten_terrier,brown,61.43724822998047,7.2779059410095215,17.400217056274414,54566,True,,train
wheaten_terrier_151,dog/brown/images/wheaten_terrier_151.jpg,dog/brown/masks/wheaten_terrier_151.png,dog,wheaten_terrier,brown,60.32672882080078,7.281184196472168,19.70884704589844,122227,True,,train
wheaten_terrier_153,dog/brown/images/wheaten_terrier_153.jpg,dog/brown/masks/wheaten_terrier_153.png,dog,wheaten_terrier,brown,50.328948974609375,14.017433166503906,37.27620315551758,90299,True,,train
wheaten_terrier_154,dog/brown/images/wheaten_terrier_154.jpg,dog/brown/masks/wheaten_terrier_154.png,dog,wheaten_terrier,brown,63.149879455566406,4.175991058349609,21.931861877441406,87120,True,,train
wheaten_terrier_155,dog/brown/images/wheaten_terrier_155.jpg,dog/brown/masks/wheaten_terrier_155.png,dog,wheaten_terrier,brown,52.93418884277344,4.215270042419434,14.704257011413574,34564,True,,train
wheaten_terrier_156,dog/brown/images/wheaten_terrier_156.jpg,dog/brown/masks/wheaten_terrier_156.png,dog,wheaten_terrier,brown,65.1064682006836,6.317481517791748,14.373159408569336,50322,True,,train
wheaten_terrier_160,dog/brown/images/wheaten_terrier_160.jpg,dog/brown/masks/wheaten_terrier_160.png,dog,wheaten_terrier,brown,63.80295944213867,4.461824893951416,12.076940536499023,45894,True,,train
wheaten_terrier_161,dog/brown/images/wheaten_terrier_161.jpg,dog/brown/masks/wheaten_terrier_161.png,dog,wheaten_terrier,brown,59.29804992675781,4.8387346267700195,15.336060523986816,74554,True,,train
wheaten_terrier_167,dog/brown/images/wheaten_terrier_167.jpg,dog/brown/masks/wheaten_terrier_167.png,dog,wheaten_terrier,brown,58.06656646728515,5.753890037536621,21.102941513061523,124946,True,,train
wheaten_terrier_181,dog/brown/images/wheaten_terrier_181.jpg,dog/brown/masks/wheaten_terrier_181.png,dog,wheaten_terrier,brown,57.714881896972656,5.185932159423828,14.295852661132812,100297,True,,train
wheaten_terrier_188,dog/brown/images/wheaten_terrier_188.jpg,dog/brown/masks/wheaten_terrier_188.png,dog,wheaten_terrier,brown,47.53962326049805,5.113780498504639,12.95515251159668,33529,True,,train
wheaten_terrier_32,dog/brown/images/wheaten_terrier_32.jpg,dog/brown/masks/wheaten_terrier_32.png,dog,wheaten_terrier,brown,54.1275634765625,7.20059871673584,12.302148818969728,13687,True,,train
wheaten_terrier_37,dog/brown/images/wheaten_terrier_37.jpg,dog/brown/masks/wheaten_terrier_37.png,dog,wheaten_terrier,brown,42.49800491333008,5.396664142608643,17.04348373413086,156345,True,,train
wheaten_terrier_40,dog/brown/images/wheaten_terrier_40.jpg,dog/brown/masks/wheaten_terrier_40.png,dog,wheaten_terrier,brown,62.21723937988281,3.4991800785064697,20.694446563720703,110225,True,,train
wheaten_terrier_43,dog/brown/images/wheaten_terrier_43.jpg,dog/brown/masks/wheaten_terrier_43.png,dog,wheaten_terrier,brown,57.82184600830078,11.549845695495604,21.95197296142578,34406,True,,train
wheaten_terrier_55,dog/brown/images/wheaten_terrier_55.jpg,dog/brown/masks/wheaten_terrier_55.png,dog,wheaten_terrier,brown,51.77429962158203,7.717065811157227,21.81457901000977,13288,True,,train
wheaten_terrier_67,dog/brown/images/wheaten_terrier_67.jpg,dog/brown/masks/wheaten_terrier_67.png,dog,wheaten_terrier,brown,57.48369598388672,22.55800437927246,49.62685012817383,81885,True,,train
wheaten_terrier_7,dog/brown/images/wheaten_terrier_7.jpg,dog/brown/masks/wheaten_terrier_7.png,dog,wheaten_terrier,brown,51.119171142578125,22.05944061279297,42.56137466430664,65647,True,,train
wheaten_terrier_70,dog/brown/images/wheaten_terrier_70.jpg,dog/brown/masks/wheaten_terrier_70.png,dog,wheaten_terrier,brown,46.39939880371094,3.101825714111328,16.43157386779785,32626,True,,train
wheaten_terrier_71,dog/brown/images/wheaten_terrier_71.jpg,dog/brown/masks/wheaten_terrier_71.png,dog,wheaten_terrier,brown,56.60977554321289,17.810911178588867,34.398956298828125,93984,True,,train
wheaten_terrier_72,dog/brown/images/wheaten_terrier_72.jpg,dog/brown/masks/wheaten_terrier_72.png,dog,wheaten_terrier,brown,58.9783935546875,9.42227268218994,13.542920112609863,13437,True,,train
wheaten_terrier_82,dog/brown/images/wheaten_terrier_82.jpg,dog/brown/masks/wheaten_terrier_82.png,dog,wheaten_terrier,brown,64.1148910522461,6.54686975479126,25.37904930114746,65493,True,,train
wheaten_terrier_9,dog/brown/images/wheaten_terrier_9.jpg,dog/brown/masks/wheaten_terrier_9.png,dog,wheaten_terrier,brown,58.104736328125,21.159523010253903,45.17246627807617,116722,True,,train
wheaten_terrier_92,dog/brown/images/wheaten_terrier_92.jpg,dog/brown/masks/wheaten_terrier_92.png,dog,wheaten_terrier,brown,46.773223876953125,2.4839043617248535,23.093605041503903,16025,True,,train
wheaten_terrier_93,dog/brown/images/wheaten_terrier_93.jpg,dog/brown/masks/wheaten_terrier_93.png,dog,wheaten_terrier,brown,50.670387268066406,5.781017303466797,25.390411376953125,84466,True,,train
yorkshire_terrier_1,dog/brown/images/yorkshire_terrier_1.jpg,dog/brown/masks/yorkshire_terrier_1.png,dog,yorkshire_terrier,brown,61.00864791870117,4.691645622253418,25.525360107421875,75492,True,,train
yorkshire_terrier_10,dog/brown/images/yorkshire_terrier_10.jpg,dog/brown/masks/yorkshire_terrier_10.png,dog,yorkshire_terrier,brown,46.87476348876953,9.500890731811523,17.78874397277832,90727,True,,train
yorkshire_terrier_101,dog/brown/images/yorkshire_terrier_101.jpg,dog/brown/masks/yorkshire_terrier_101.png,dog,yorkshire_terrier,brown,59.71874237060547,4.811257362365723,22.13568687438965,130078,True,,train
yorkshire_terrier_109,dog/brown/images/yorkshire_terrier_109.jpg,dog/brown/masks/yorkshire_terrier_109.png,dog,yorkshire_terrier,brown,35.7547721862793,10.56247901916504,18.631053924560547,173031,True,,train
yorkshire_terrier_110,dog/brown/images/yorkshire_terrier_110.jpg,dog/brown/masks/yorkshire_terrier_110.png,dog,yorkshire_terrier,brown,40.9478645324707,16.38031768798828,25.4419002532959,63372,True,,train
yorkshire_terrier_12,dog/brown/images/yorkshire_terrier_12.jpg,dog/brown/masks/yorkshire_terrier_12.png,dog,yorkshire_terrier,brown,48.13804626464844,14.375835418701172,28.043067932128903,49632,True,,train
yorkshire_terrier_123,dog/brown/images/yorkshire_terrier_123.jpg,dog/brown/masks/yorkshire_terrier_123.png,dog,yorkshire_terrier,brown,38.88086700439453,4.251331329345703,33.85725021362305,20294,True,,train
yorkshire_terrier_127,dog/brown/images/yorkshire_terrier_127.jpg,dog/brown/masks/yorkshire_terrier_127.png,dog,yorkshire_terrier,brown,45.39848709106445,8.938118934631348,14.973152160644531,46455,True,,train
yorkshire_terrier_128,dog/brown/images/yorkshire_terrier_128.jpg,dog/brown/masks/yorkshire_terrier_128.png,dog,yorkshire_terrier,brown,55.59234619140625,4.981011390686035,19.50809860229492,32643,True,,train
yorkshire_terrier_147,dog/brown/images/yorkshire_terrier_147.jpg,dog/brown/masks/yorkshire_terrier_147.png,dog,yorkshire_terrier,brown,38.632667541503906,9.152889251708984,17.952274322509766,34317,True,,train
yorkshire_terrier_160,dog/brown/images/yorkshire_terrier_160.jpg,dog/brown/masks/yorkshire_terrier_160.png,dog,yorkshire_terrier,brown,45.21305465698242,16.482769012451172,32.3724365234375,71962,True,,train
yorkshire_terrier_161,dog/brown/images/yorkshire_terrier_161.jpg,dog/brown/masks/yorkshire_terrier_161.png,dog,yorkshire_terrier,brown,31.82875061035156,15.084833145141602,25.80004119873047,66807,True,,train
yorkshire_terrier_162,dog/brown/images/yorkshire_terrier_162.jpg,dog/brown/masks/yorkshire_terrier_162.png,dog,yorkshire_terrier,brown,50.29707336425781,4.6150312423706055,12.717342376708984,71956,True,,train
yorkshire_terrier_168,dog/brown/images/yorkshire_terrier_168.jpg,dog/brown/masks/yorkshire_terrier_168.png,dog,yorkshire_terrier,brown,58.479217529296875,9.714349746704102,19.07758331298828,57669,True,,train
yorkshire_terrier_169,dog/brown/images/yorkshire_terrier_169.jpg,dog/brown/masks/yorkshire_terrier_169.png,dog,yorkshire_terrier,brown,58.66218566894531,13.54104232788086,18.631195068359375,26956,True,,train
yorkshire_terrier_175,dog/brown/images/yorkshire_terrier_175.jpg,dog/brown/masks/yorkshire_terrier_175.png,dog,yorkshire_terrier,brown,43.946815490722656,6.302051067352295,12.119913101196287,58481,True,,train
yorkshire_terrier_182,dog/brown/images/yorkshire_terrier_182.jpg,dog/brown/masks/yorkshire_terrier_182.png,dog,yorkshire_terrier,brown,41.86940002441406,6.091981887817383,12.059682846069336,60238,True,,train
yorkshire_terrier_183,dog/brown/images/yorkshire_terrier_183.jpg,dog/brown/masks/yorkshire_terrier_183.png,dog,yorkshire_terrier,brown,47.01016998291016,6.918966770172119,12.287282943725586,66829,True,,train
yorkshire_terrier_186,dog/brown/images/yorkshire_terrier_186.jpg,dog/brown/masks/yorkshire_terrier_186.png,dog,yorkshire_terrier,brown,58.09386444091797,12.267083168029783,27.22177505493164,47834,True,,train
yorkshire_terrier_198,dog/brown/images/yorkshire_terrier_198.jpg,dog/brown/masks/yorkshire_terrier_198.png,dog,yorkshire_terrier,brown,63.27565002441406,2.419978380203247,23.947200775146484,67090,True,,train
yorkshire_terrier_2,dog/brown/images/yorkshire_terrier_2.jpg,dog/brown/masks/yorkshire_terrier_2.png,dog,yorkshire_terrier,brown,59.95092010498047,3.528341770172119,12.145614624023438,27791,True,,train
yorkshire_terrier_20,dog/brown/images/yorkshire_terrier_20.jpg,dog/brown/masks/yorkshire_terrier_20.png,dog,yorkshire_terrier,brown,50.056373596191406,5.643099784851074,20.124435424804688,148247,True,,train
yorkshire_terrier_200,dog/brown/images/yorkshire_terrier_200.jpg,dog/brown/masks/yorkshire_terrier_200.png,dog,yorkshire_terrier,brown,45.839080810546875,17.347156524658203,14.817285537719728,35933,True,,train
yorkshire_terrier_21,dog/brown/images/yorkshire_terrier_21.jpg,dog/brown/masks/yorkshire_terrier_21.png,dog,yorkshire_terrier,brown,43.344696044921875,8.876785278320312,18.3126220703125,83585,True,,train
yorkshire_terrier_31,dog/brown/images/yorkshire_terrier_31.jpg,dog/brown/masks/yorkshire_terrier_31.png,dog,yorkshire_terrier,brown,44.95270919799805,6.789877891540527,13.94810676574707,50617,True,,train
yorkshire_terrier_32,dog/brown/images/yorkshire_terrier_32.jpg,dog/brown/masks/yorkshire_terrier_32.png,dog,yorkshire_terrier,brown,46.07918930053711,5.827546119689941,14.03130340576172,50371,True,,train
yorkshire_terrier_36,dog/brown/images/yorkshire_terrier_36.jpg,dog/brown/masks/yorkshire_terrier_36.png,dog,yorkshire_terrier,brown,49.09825897216797,7.370650768280029,14.047890663146973,114246,True,,train
yorkshire_terrier_38,dog/brown/images/yorkshire_terrier_38.jpg,dog/brown/masks/yorkshire_terrier_38.png,dog,yorkshire_terrier,brown,41.99966812133789,7.544800758361816,17.087305068969727,144505,True,,train
yorkshire_terrier_44,dog/brown/images/yorkshire_terrier_44.jpg,dog/brown/masks/yorkshire_terrier_44.png,dog,yorkshire_terrier,brown,46.00786209106445,14.287799835205078,29.134157180786133,44803,True,,train
yorkshire_terrier_45,dog/brown/images/yorkshire_terrier_45.jpg,dog/brown/masks/yorkshire_terrier_45.png,dog,yorkshire_terrier,brown,43.315399169921875,13.675496101379396,25.260454177856445,135788,True,,train
yorkshire_terrier_47,dog/brown/images/yorkshire_terrier_47.jpg,dog/brown/masks/yorkshire_terrier_47.png,dog,yorkshire_terrier,brown,49.89362335205078,2.0945966243743896,15.623664855957031,78897,True,,train
yorkshire_terrier_49,dog/brown/images/yorkshire_terrier_49.jpg,dog/brown/masks/yorkshire_terrier_49.png,dog,yorkshire_terrier,brown,61.335174560546875,5.819521903991699,30.918888092041016,51960,True,,train
yorkshire_terrier_50,dog/brown/images/yorkshire_terrier_50.jpg,dog/brown/masks/yorkshire_terrier_50.png,dog,yorkshire_terrier,brown,41.005672454833984,3.670990467071533,15.187668800354004,51439,True,,train
yorkshire_terrier_57,dog/brown/images/yorkshire_terrier_57.jpg,dog/brown/masks/yorkshire_terrier_57.png,dog,yorkshire_terrier,brown,50.69975280761719,9.068012237548828,13.857269287109377,66883,True,,train
yorkshire_terrier_63,dog/brown/images/yorkshire_terrier_63.jpg,dog/brown/masks/yorkshire_terrier_63.png,dog,yorkshire_terrier,brown,40.172264099121094,6.411254405975342,17.178524017333984,78201,True,,train
yorkshire_terrier_64,dog/brown/images/yorkshire_terrier_64.jpg,dog/brown/masks/yorkshire_terrier_64.png,dog,yorkshire_terrier,brown,38.29666519165039,3.399282693862915,13.18059539794922,55286,True,,train
yorkshire_terrier_69,dog/brown/images/yorkshire_terrier_69.jpg,dog/brown/masks/yorkshire_terrier_69.png,dog,yorkshire_terrier,brown,40.94841384887695,8.934870719909668,17.29617691040039,111247,True,,train
yorkshire_terrier_70,dog/brown/images/yorkshire_terrier_70.jpg,dog/brown/masks/yorkshire_terrier_70.png,dog,yorkshire_terrier,brown,41.64305114746094,12.697458267211914,22.97896194458008,134765,True,,train
yorkshire_terrier_72,dog/brown/images/yorkshire_terrier_72.jpg,dog/brown/masks/yorkshire_terrier_72.png,dog,yorkshire_terrier,brown,35.331016540527344,2.6863365173339844,13.20347785949707,101191,True,,train
yorkshire_terrier_77,dog/brown/images/yorkshire_terrier_77.jpg,dog/brown/masks/yorkshire_terrier_77.png,dog,yorkshire_terrier,brown,64.30807495117188,12.48762035369873,27.719921112060547,31549,True,,train
yorkshire_terrier_81,dog/brown/images/yorkshire_terrier_81.jpg,dog/brown/masks/yorkshire_terrier_81.png,dog,yorkshire_terrier,brown,44.3557243347168,2.0414514541625977,14.3233060836792,61516,True,,train
yorkshire_terrier_84,dog/brown/images/yorkshire_terrier_84.jpg,dog/brown/masks/yorkshire_terrier_84.png,dog,yorkshire_terrier,brown,36.00027084350586,2.334684133529663,12.67738914489746,48525,True,,train
yorkshire_terrier_90,dog/brown/images/yorkshire_terrier_90.jpg,dog/brown/masks/yorkshire_terrier_90.png,dog,yorkshire_terrier,brown,58.136383056640625,12.04817008972168,29.140579223632812,126093,True,,train
