ISIC_0000558.jpg,0,1,0
ISIC_0000559.jpg,0,1,0
ISIC_0000561.jpg,0,1,0
ISIC_0000562.jpg,0,1,0
ISIC_0000563.jpg,0,1,0
ISIC_0000565.jpg,0,1,0
ISIC_0000566.jpg,0,1,0
ISIC_0000567.jpg,0,1,0
ISIC_0000568.jpg,0,1,0
ISIC_0000569.jpg,0,1,0
ISIC_0000570.jpg,0,1,0
ISIC_0000571.jpg,0,1,0
ISIC_0000574.jpg,0,1,0
ISIC_0000575.jpg,0,1,0
ISIC_0000576.jpg,0,1,0
ISIC_0000579.jpg,0,1,0
ISIC_0000580.jpg,0,1,0
ISIC_0000581.jpg,0,1,0
ISIC_0000582.jpg,0,1,0
ISIC_0000587.jpg,0,1,0
ISIC_0000588.jpg,0,1,0
ISIC_0000589.jpg,0,1,0
ISIC_0000590.jpg,0,1,0
ISIC_0000592.jpg,0,1,0
ISIC_0000593.jpg,0,1,0
ISIC_0000597.jpg,0,1,0
ISIC_0000598.jpg,0,1,0
ISIC_0000600.jpg,0,1,0
ISIC_0000601.jpg,0,1,0
ISIC_0000602.jpg,0,1,0
ISIC_0000603.jpg,0,1,0
ISIC_0000604.jpg,0,1,0
ISIC_0000605.jpg,0,1,0
ISIC_0000607.jpg,0,1,0
ISIC_0000609.jpg,0,1,0
ISIC_0000610.jpg,0,1,0
ISIC_0000611.jpg,0,1,0
ISIC_0000612.jpg,0,1,0
ISIC_0000614.jpg,0,1,0
ISIC_0000615.jpg,0,1,0
ISIC_0000616.jpg,0,1,0
ISIC_0000620.jpg,0,1,0
ISIC_0000622.jpg,0,1,0
ISIC_0000623.jpg,0,1,0
ISIC_0000626.jpg,0,1,0
ISIC_0000628.jpg,0,1,0
ISIC_0000630.jpg,0,1,0
ISIC_0000631.jpg,0,1,0
ISIC_0000632.jpg,0,1,0
ISIC_0000633.jpg,0,1,0
ISIC_0000634.jpg,0,1,0
ISIC_0000635.jpg,0,1,0
ISIC_0000636.jpg,0,1,0
ISIC_0000638.jpg,0,1,0
ISIC_0000640.jpg,0,1,0
ISIC_0000642.jpg,0,1,0
ISIC_0000643.jpg,0,1,0
ISIC_0000644.jpg,0,1,0
ISIC_0000645.jpg,0,1,0
ISIC_0000648.jpg,0,1,0
ISIC_0000649.jpg,0,1,0
ISIC_0000653.jpg,0,1,0
ISIC_0000656.jpg,0,1,0
ISIC_0000658.jpg,0,1,0
ISIC_0000659.jpg,0,1,0
ISIC_0000662.jpg,0,1,0
ISIC_0000663.jpg,0,1,0
ISIC_0000665.jpg,0,1,0
ISIC_0000666.jpg,0,1,0
ISIC_0000668.jpg,0,1,0
ISIC_0000671.jpg,0,1,0
ISIC_0000672.jpg,0,1,0
ISIC_0000673.jpg,0,1,0
ISIC_0000674.jpg,0,1,0
ISIC_0000676.jpg,0,1,0
ISIC_0000678.jpg,0,1,0
ISIC_0000679.jpg,0,1,0
ISIC_0000682.jpg,0,1,0
ISIC_0000684.jpg,0,1,0
ISIC_0000686.jpg,0,1,0
ISIC_0000689.jpg,0,1,0
ISIC_0000690.jpg,0,1,0
ISIC_0000692.jpg,0,1,0
ISIC_0000693.jpg,0,1,0
ISIC_0000697.jpg,0,1,0
ISIC_0000698.jpg,0,1,0
ISIC_0000699.jpg,0,1,0
ISIC_0000701.jpg,0,1,0
ISIC_0000702.jpg,0,1,0
ISIC_0000703.jpg,0,1,0
ISIC_0000705.jpg,0,1,0
ISIC_0000706.jpg,0,1,0
ISIC_0000708.jpg,0,1,0
ISIC_0000709.jpg,0,1,0
ISIC_0000710.jpg,0,1,0
ISIC_0000711.jpg,0,1,0
ISIC_0000712.jpg,0,1,0
ISIC_0000714.jpg,0,1,0
ISIC_0000715.jpg,0,1,0
ISIC_0000717.jpg,0,1,0
ISIC_0000718.jpg,0,1,0
ISIC_0000721.jpg,0,1,0
ISIC_0000723.jpg,0,1,0
ISIC_0000726.jpg,0,1,0
ISIC_0000727.jpg,0,1,0
ISIC_0000729.jpg,0,1,0
ISIC_0000733.jpg,0,1,0
ISIC_0000735.jpg,0,1,0
ISIC_0000736.jpg,0,1,0
ISIC_0000737.jpg,0,1,0
ISIC_0000738.jpg,0,1,0
ISIC_0000739.jpg,0,1,0
ISIC_0000740.jpg,0,1,0
ISIC_0000741.jpg,0,1,0
ISIC_0000742.jpg,0,1,0
ISIC_0000746.jpg,0,1,0
ISIC_0000747.jpg,0,1,0
ISIC_0000749.jpg,0,1,0
ISIC_0000753.jpg,0,1,0
ISIC_0000754.jpg,0,1,0
ISIC_0000756.jpg,0,1,0
ISIC_0000757.jpg,0,1,0
ISIC_0000759.jpg,0,1,0
ISIC_0000760.jpg,0,1,0
ISIC_0000761.jpg,0,1,0
ISIC_0000762.jpg,0,1,0
ISIC_0000763.jpg,0,1,0
ISIC_0000766.jpg,0,1,0
ISIC_0000767.jpg,0,1,0
ISIC_0000768.jpg,0,1,0
ISIC_0000769.jpg,0,1,0
ISIC_0000770.jpg,0,1,0
ISIC_0000772.jpg,0,1,0
ISIC_0000773.jpg,0,1,0
ISIC_0000774.jpg,0,1,0
ISIC_0000775.jpg,0,1,0
ISIC_0000777.jpg,0,1,0
ISIC_0000778.jpg,0,1,0
ISIC_0000779.jpg,0,1,0
ISIC_0000780.jpg,0,1,0
ISIC_0000781.jpg,0,1,0
ISIC_0000782.jpg,0,1,0
ISIC_0000784.jpg,0,1,0
ISIC_0000786.jpg,0,1,0
ISIC_0000788.jpg,0,1,0
ISIC_0000792.jpg,0,1,0
ISIC_0000793.jpg,0,1,0
ISIC_0000796.jpg,0,1,0
ISIC_0000797.jpg,0,1,0
ISIC_0000798.jpg,0,1,0
ISIC_0000799.jpg,0,1,0
ISIC_0000801.jpg,0,1,0
ISIC_0000803.jpg,0,1,0
ISIC_0000804.jpg,0,1,0
ISIC_0000805.jpg,0,1,0
ISIC_0000806.jpg,0,1,0
ISIC_0000807.jpg,0,1,0
ISIC_0000808.jpg,0,1,0
ISIC_0000809.jpg,0,1,0
ISIC_0000810.jpg,0,1,0
ISIC_0000811.jpg,0,1,0
ISIC_0000812.jpg,0,1,0
ISIC_0000813.jpg,0,1,0
ISIC_0000814.jpg,0,1,0
ISIC_0000815.jpg,0,1,0
ISIC_0000817.jpg,0,1,0
ISIC_0000818.jpg,0,1,0
ISIC_0000819.jpg,0,1,0
ISIC_0000821.jpg,0,1,0
ISIC_0000824.jpg,0,1,0
ISIC_0000826.jpg,0,1,0
ISIC_0000827.jpg,0,1,0
ISIC_0000828.jpg,0,1,0
ISIC_0000830.jpg,0,1,0
ISIC_0000831.jpg,0,1,0
ISIC_0000833.jpg,0,1,0
ISIC_0000834.jpg,0,1,0
ISIC_0000835.jpg,0,1,0
ISIC_0000836.jpg,0,1,0
ISIC_0000838.jpg,0,1,0
ISIC_0000840.jpg,0,1,0
ISIC_0000843.jpg,0,1,0
ISIC_0000844.jpg,0,1,0
ISIC_0000846.jpg,0,1,0
ISIC_0000847.jpg,0,1,0
ISIC_0000850.jpg,0,1,0
ISIC_0000852.jpg,0,1,0
ISIC_0000854.jpg,0,1,0
ISIC_0000855.jpg,0,1,0
ISIC_0000856.jpg,0,1,0
ISIC_0000858.jpg,0,1,0
ISIC_0000861.jpg,0,1,0
ISIC_0000862.jpg,0,1,0
ISIC_0000863.jpg,0,1,0
ISIC_0000867.jpg,0,1,0
ISIC_0000869.jpg,0,1,0
ISIC_0000870.jpg,0,1,0
ISIC_0000871.jpg,0,1,0
ISIC_0000872.jpg,0,1,0
ISIC_0000873.jpg,0,1,0
ISIC_0000874.jpg,0,1,0
ISIC_0000875.jpg,0,1,0
ISIC_0000876.jpg,0,1,0
ISIC_0000877.jpg,0,1,0
ISIC_0000880.jpg,0,1,0
ISIC_0000881.jpg,0,1,0
ISIC_0000883.jpg,0,1,0
ISIC_0000884.jpg,0,1,0
ISIC_0000886.jpg,0,1,0
ISIC_0000888.jpg,0,1,0
ISIC_0000890.jpg,0,1,0
ISIC_0000891.jpg,0,1,0
ISIC_0000893.jpg,0,1,0
ISIC_0000896.jpg,0,1,0
ISIC_0000898.jpg,0,1,0
ISIC_0000900.jpg,0,1,0
ISIC_0000902.jpg,0,1,0
ISIC_0000903.jpg,0,1,0
ISIC_0000906.jpg,0,1,0
ISIC_0000909.jpg,0,1,0
ISIC_0000910.jpg,0,1,0
ISIC_0000911.jpg,0,1,0
ISIC_0000914.jpg,0,1,0
ISIC_0000915.jpg,0,1,0
ISIC_0000916.jpg,0,1,0
ISIC_0000917.jpg,0,1,0
ISIC_0000919.jpg,0,1,0
ISIC_0000922.jpg,0,1,0
ISIC_0000924.jpg,0,1,0
ISIC_0000925.jpg,0,1,0
ISIC_0000927.jpg,0,1,0
ISIC_0000928.jpg,0,1,0
ISIC_0000929.jpg,0,1,0
ISIC_0000930.jpg,0,1,0
ISIC_0000932.jpg,0,1,0
ISIC_0000933.jpg,0,1,0
ISIC_0000935.jpg,0,1,0
ISIC_0000936.jpg,0,1,0
ISIC_0000937.jpg,0,1,0
ISIC_0000940.jpg,0,1,0
ISIC_0000941.jpg,0,1,0
ISIC_0000942.jpg,0,1,0
ISIC_0000944.jpg,0,1,0
ISIC_0000945.jpg,0,1,0
ISIC_0000946.jpg,0,1,0
ISIC_0000950.jpg,0,1,0
ISIC_0000953.jpg,0,1,0
ISIC_0000954.jpg,0,1,0
ISIC_0000956.jpg,0,1,0
ISIC_0000957.jpg,0,1,0
ISIC_0000958.jpg,0,1,0
ISIC_0000961.jpg,0,1,0
ISIC_0000962.jpg,0,1,0
ISIC_0000964.jpg,0,1,0
ISIC_0000965.jpg,0,1,0
ISIC_0000966.jpg,0,1,0
ISIC_0000967.jpg,0,1,0
ISIC_0000968.jpg,0,1,0
ISIC_0000970.jpg,0,1,0
ISIC_0000972.jpg,0,1,0
ISIC_0000975.jpg,0,1,0
ISIC_0000976.jpg,0,1,0
ISIC_0000977.jpg,0,1,0
ISIC_0000978.jpg,0,1,0
ISIC_0000979.jpg,0,1,0
ISIC_0000984.jpg,0,1,0
ISIC_0000987.jpg,0,1,0
ISIC_0000989.jpg,0,1,0
ISIC_0000993.jpg,0,1,0
ISIC_0000994.jpg,0,1,0
ISIC_0000995.jpg,0,1,0
ISIC_0000996.jpg,0,1,0
ISIC_0000997.jpg,0,1,0
ISIC_0000998.jpg,0,1,0
ISIC_0001001.jpg,0,1,0
ISIC_0001002.jpg,0,1,0
ISIC_0001003.jpg,0,1,0
ISIC_0001004.jpg,0,1,0
ISIC_0001005.jpg,0,1,0
ISIC_0001010.jpg,0,1,0
ISIC_0001011.jpg,0,1,0
ISIC_0001012.jpg,0,1,0
ISIC_0001013.jpg,0,1,0
ISIC_0001015.jpg,0,1,0
ISIC_0001016.jpg,0,1,0
ISIC_0001017.jpg,0,1,0
ISIC_0001019.jpg,0,1,0
ISIC_0001020.jpg,0,1,0
ISIC_0001021.jpg,0,1,0
ISIC_0001022.jpg,0,1,0
ISIC_0001024.jpg,0,1,0
ISIC_0001026.jpg,0,1,0
ISIC_0001027.jpg,0,1,0
ISIC_0001028.jpg,0,1,0
ISIC_0001029.jpg,0,1,0
ISIC_0001030.jpg,0,1,0
ISIC_0001031.jpg,0,1,0
ISIC_0001034.jpg,0,1,0
ISIC_0001037.jpg,0,1,0
ISIC_0001038.jpg,0,1,0
ISIC_0001039.jpg,0,1,0
ISIC_0001040.jpg,0,1,0
ISIC_0001041.jpg,0,1,0
ISIC_0001043.jpg,0,1,0
ISIC_0001045.jpg,0,1,0
ISIC_0001047.jpg,0,1,0
ISIC_0001048.jpg,0,1,0
ISIC_0001049.jpg,0,1,0
ISIC_0001052.jpg,0,1,0
ISIC_0001053.jpg,0,1,0
ISIC_0001055.jpg,0,1,0
ISIC_0001057.jpg,0,1,0
ISIC_0001060.jpg,0,1,0
ISIC_0001061.jpg,0,1,0
ISIC_0001063.jpg,0,1,0
ISIC_0001065.jpg,0,1,0
ISIC_0001067.jpg,0,1,0
ISIC_0001068.jpg,0,1,0
ISIC_0001070.jpg,0,1,0
ISIC_0001072.jpg,0,1,0
ISIC_0001078.jpg,0,1,0
ISIC_0001079.jpg,0,1,0
ISIC_0001080.jpg,0,1,0
ISIC_0001081.jpg,0,1,0
ISIC_0001082.jpg,0,1,0
ISIC_0001083.jpg,0,1,0
ISIC_0001084.jpg,0,1,0
ISIC_0001087.jpg,0,1,0
ISIC_0001089.jpg,0,1,0
ISIC_0001091.jpg,0,1,0
ISIC_0001092.jpg,0,1,0
ISIC_0001093.jpg,0,1,0
ISIC_0001094.jpg,0,1,0
ISIC_0001098.jpg,0,1,0
ISIC_0001099.jpg,0,1,0
ISIC_0001161.jpg,0,1,0
ISIC_0001163.jpg,0,1,0
ISIC_0001164.jpg,0,1,0
ISIC_0001165.jpg,0,1,0
ISIC_0001167.jpg,0,1,0
ISIC_0001168.jpg,0,1,0
ISIC_0001169.jpg,0,1,0
ISIC_0001172.jpg,0,1,0
ISIC_0001173.jpg,0,1,0
ISIC_0001174.jpg,0,1,0
ISIC_0001178.jpg,0,1,0
ISIC_0001179.jpg,0,1,0
ISIC_0001180.jpg,0,1,0
ISIC_0001181.jpg,0,1,0
ISIC_0001182.jpg,0,1,0
ISIC_0001184.jpg,0,1,0
ISIC_0001185.jpg,0,1,0
ISIC_0001186.jpg,0,1,0
ISIC_0001188.jpg,0,1,0
ISIC_0001189.jpg,0,1,0
ISIC_0001190.jpg,0,1,0
ISIC_0001191.jpg,0,1,0
ISIC_0001193.jpg,0,1,0
ISIC_0001197.jpg,0,1,0
ISIC_0001198.jpg,0,1,0
ISIC_0001199.jpg,0,1,0
ISIC_0001201.jpg,0,1,0
ISIC_0001203.jpg,0,1,0
ISIC_0001204.jpg,0,1,0
ISIC_0001206.jpg,0,1,0
ISIC_0001207.jpg,0,1,0
ISIC_0001208.jpg,0,1,0
ISIC_0001212.jpg,0,1,0
ISIC_0001214.jpg,0,1,0
ISIC_0001216.jpg,0,1,0
ISIC_0001217.jpg,0,1,0
ISIC_0001218.jpg,0,1,0
ISIC_0001219.jpg,0,1,0
ISIC_0001221.jpg,0,1,0
ISIC_0001222.jpg,0,1,0
ISIC_0001223.jpg,0,1,0
ISIC_0001224.jpg,0,1,0
ISIC_0001227.jpg,0,1,0
ISIC_0001229.jpg,0,1,0
ISIC_0001232.jpg,0,1,0
ISIC_0001234.jpg,0,1,0
ISIC_0001235.jpg,0,1,0
ISIC_0001236.jpg,0,1,0
ISIC_0001237.jpg,0,1,0
ISIC_0001238.jpg,0,1,0
ISIC_0001239.jpg,0,1,0
ISIC_0001240.jpg,0,1,0
ISIC_0001242.jpg,0,1,0
ISIC_0001245.jpg,0,1,0
ISIC_0001248.jpg,0,1,0
ISIC_0001250.jpg,0,1,0
ISIC_0001251.jpg,0,1,0
ISIC_0001254.jpg,0,1,0
ISIC_0001255.jpg,0,1,0
ISIC_0001256.jpg,0,1,0
ISIC_0001257.jpg,0,1,0
ISIC_0001258.jpg,0,1,0
ISIC_0001259.jpg,0,1,0
ISIC_0001261.jpg,0,1,0
ISIC_0001263.jpg,0,1,0
ISIC_0001264.jpg,0,1,0
ISIC_0001265.jpg,0,1,0
ISIC_0001268.jpg,0,1,0
ISIC_0001269.jpg,0,1,0
ISIC_0001270.jpg,0,1,0
ISIC_0001271.jpg,0,1,0
ISIC_0001272.jpg,0,1,0
ISIC_0001273.jpg,0,1,0
ISIC_0001276.jpg,0,1,0
ISIC_0001277.jpg,0,1,0
ISIC_0001278.jpg,0,1,0
ISIC_0001279.jpg,0,1,0
ISIC_0001280.jpg,0,1,0
ISIC_0001281.jpg,0,1,0
ISIC_0001282.jpg,0,1,0
ISIC_0001284.jpg,0,1,0
ISIC_0001288.jpg,0,1,0
ISIC_0001289.jpg,0,1,0
ISIC_0001295.jpg,0,1,0
ISIC_0001296.jpg,0,1,0
ISIC_0001297.jpg,0,1,0
ISIC_0001302.jpg,0,1,0
ISIC_0001304.jpg,0,1,0
ISIC_0001305.jpg,0,1,0
ISIC_0001307.jpg,0,1,0
ISIC_0001309.jpg,0,1,0
ISIC_0001310.jpg,0,1,0
ISIC_0001314.jpg,0,1,0
ISIC_0001315.jpg,0,1,0
ISIC_0001316.jpg,0,1,0
ISIC_0001318.jpg,0,1,0
ISIC_0001319.jpg,0,1,0
ISIC_0001321.jpg,0,1,0
ISIC_0001324.jpg,0,1,0
ISIC_0001325.jpg,0,1,0
ISIC_0001326.jpg,0,1,0
ISIC_0001327.jpg,0,1,0
ISIC_0001328.jpg,0,1,0
ISIC_0001330.jpg,0,1,0
ISIC_0001332.jpg,0,1,0
ISIC_0001333.jpg,0,1,0
ISIC_0001334.jpg,0,1,0
ISIC_0001335.jpg,0,1,0
ISIC_0001336.jpg,0,1,0
ISIC_0001337.jpg,0,1,0
ISIC_0001338.jpg,0,1,0
ISIC_0001339.jpg,0,1,0
ISIC_0001340.jpg,0,1,0
ISIC_0001346.jpg,0,1,0
ISIC_0001347.jpg,0,1,0
ISIC_0001350.jpg,0,1,0
ISIC_0001351.jpg,0,1,0
ISIC_0001352.jpg,0,1,0
ISIC_0001353.jpg,0,1,0
ISIC_0001354.jpg,0,1,0
ISIC_0001356.jpg,0,1,0
ISIC_0001357.jpg,0,1,0
ISIC_0001358.jpg,0,1,0
ISIC_0001361.jpg,0,1,0
ISIC_0001362.jpg,0,1,0
ISIC_0001363.jpg,0,1,0
ISIC_0001364.jpg,0,1,0
ISIC_0001365.jpg,0,1,0
ISIC_0001366.jpg,0,1,0
ISIC_0001369.jpg,0,1,0
ISIC_0001373.jpg,0,1,0
ISIC_0001375.jpg,0,1,0
ISIC_0001376.jpg,0,1,0
ISIC_0001377.jpg,0,1,0
ISIC_0001378.jpg,0,1,0
ISIC_0001380.jpg,0,1,0
ISIC_0001381.jpg,0,1,0
ISIC_0001384.jpg,0,1,0
ISIC_0001385.jpg,0,1,0
ISIC_0001387.jpg,0,1,0
ISIC_0001388.jpg,0,1,0
ISIC_0001389.jpg,0,1,0
ISIC_0001392.jpg,0,1,0
ISIC_0001395.jpg,0,1,0
ISIC_0001396.jpg,0,1,0
ISIC_0001397.jpg,0,1,0
ISIC_0001398.jpg,0,1,0
ISIC_0001399.jpg,0,1,0
ISIC_0001401.jpg,0,1,0
ISIC_0001406.jpg,0,1,0
ISIC_0001408.jpg,0,1,0
ISIC_0001409.jpg,0,1,0
ISIC_0001410.jpg,0,1,0
ISIC_0001411.jpg,0,1,0
ISIC_0001412.jpg,0,1,0
ISIC_0001413.jpg,0,1,0
ISIC_0001414.jpg,0,1,0
ISIC_0001415.jpg,0,1,0
ISIC_0001416.jpg,0,1,0
ISIC_0001417.jpg,0,1,0
ISIC_0001418.jpg,0,1,0
ISIC_0001420.jpg,0,1,0
ISIC_0001422.jpg,0,1,0
ISIC_0001428.jpg,0,1,0
ISIC_0001429.jpg,0,1,0
ISIC_0001432.jpg,0,1,0
ISIC_0001433.jpg,0,1,0
ISIC_0001434.jpg,0,1,0
ISIC_0001435.jpg,0,1,0
ISIC_0001436.jpg,0,1,0
ISIC_0001438.jpg,0,1,0
ISIC_0001439.jpg,0,1,0
ISIC_0001445.jpg,0,1,0
ISIC_0001446.jpg,0,1,0
ISIC_0001447.jpg,0,1,0
ISIC_0001448.jpg,0,1,0
ISIC_0001449.jpg,0,1,0
ISIC_0001450.jpg,0,1,0
ISIC_0001451.jpg,0,1,0
ISIC_0001452.jpg,0,1,0
ISIC_0001453.jpg,0,1,0
ISIC_0001456.jpg,0,1,0
ISIC_0001458.jpg,0,1,0
ISIC_0001460.jpg,0,1,0
ISIC_0001461.jpg,0,1,0
ISIC_0001462.jpg,0,1,0
ISIC_0001463.jpg,0,1,0
ISIC_0001464.jpg,0,1,0
ISIC_0001465.jpg,0,1,0
ISIC_0001466.jpg,0,1,0
ISIC_0001467.jpg,0,1,0
ISIC_0001470.jpg,0,1,0
ISIC_0001471.jpg,0,1,0
ISIC_0001473.jpg,0,1,0
ISIC_0001474.jpg,0,1,0
ISIC_0001479.jpg,0,1,0
ISIC_0001481.jpg,0,1,0
ISIC_0001482.jpg,0,1,0
ISIC_0001484.jpg,0,1,0
ISIC_0001485.jpg,0,1,0
ISIC_0001486.jpg,0,1,0
ISIC_0001487.jpg,0,1,0
ISIC_0001490.jpg,0,1,0
ISIC_0001491.jpg,0,1,0
ISIC_0001492.jpg,0,1,0
ISIC_0001493.jpg,0,1,0
ISIC_0001494.jpg,0,1,0
ISIC_0001495.jpg,0,1,0
ISIC_0001496.jpg,0,1,0
ISIC_0001498.jpg,0,1,0
ISIC_0001504.jpg,0,1,0
ISIC_0001505.jpg,0,1,0
ISIC_0001506.jpg,0,1,0
ISIC_0001507.jpg,0,1,0
ISIC_0001508.jpg,0,1,0
ISIC_0001510.jpg,0,1,0
ISIC_0001515.jpg,0,1,0
ISIC_0001517.jpg,0,1,0
ISIC_0001519.jpg,0,1,0
ISIC_0001527.jpg,0,1,0
ISIC_0001528.jpg,0,1,0
ISIC_0001529.jpg,0,1,0
ISIC_0001530.jpg,0,1,0
ISIC_0001533.jpg,0,1,0
ISIC_0001534.jpg,0,1,0
ISIC_0001535.jpg,0,1,0
ISIC_0001537.jpg,0,1,0
ISIC_0001538.jpg,0,1,0
ISIC_0001539.jpg,0,1,0
ISIC_0001540.jpg,0,1,0
ISIC_0001541.jpg,0,1,0
ISIC_0001545.jpg,0,1,0
ISIC_0001546.jpg,0,1,0
ISIC_0001549.jpg,0,1,0
ISIC_0001551.jpg,0,1,0
ISIC_0001553.jpg,0,1,0
ISIC_0001554.jpg,0,1,0
ISIC_0001557.jpg,0,1,0
ISIC_0001558.jpg,0,1,0
ISIC_0001562.jpg,0,1,0
ISIC_0001563.jpg,0,1,0
ISIC_0001565.jpg,0,1,0
ISIC_0001567.jpg,0,1,0
ISIC_0001569.jpg,0,1,0
ISIC_0001570.jpg,0,1,0
ISIC_0001571.jpg,0,1,0
ISIC_0001573.jpg,0,1,0
ISIC_0001576.jpg,0,1,0
ISIC_0001577.jpg,0,1,0
ISIC_0001579.jpg,0,1,0
ISIC_0001581.jpg,0,1,0
ISIC_0001582.jpg,0,1,0
ISIC_0001585.jpg,0,1,0
ISIC_0001587.jpg,0,1,0
ISIC_0001588.jpg,0,1,0
ISIC_0001589.jpg,0,1,0
ISIC_0001590.jpg,0,1,0
ISIC_0001591.jpg,0,1,0
ISIC_0001592.jpg,0,1,0
ISIC_0001594.jpg,0,1,0
ISIC_0001595.jpg,0,1,0
ISIC_0001596.jpg,0,1,0
ISIC_0001599.jpg,0,1,0
ISIC_0001600.jpg,0,1,0
ISIC_0001604.jpg,0,1,0
ISIC_0001606.jpg,0,1,0
ISIC_0001607.jpg,0,1,0
ISIC_0001608.jpg,0,1,0
ISIC_0001610.jpg,0,1,0
ISIC_0001611.jpg,0,1,0
ISIC_0001612.jpg,0,1,0
ISIC_0001614.jpg,0,1,0
ISIC_0001617.jpg,0,1,0
ISIC_0001618.jpg,0,1,0
ISIC_0001619.jpg,0,1,0
ISIC_0001622.jpg,0,1,0
ISIC_0001625.jpg,0,1,0
ISIC_0001626.jpg,0,1,0
ISIC_0001628.jpg,0,1,0
ISIC_0001629.jpg,0,1,0
ISIC_0001630.jpg,0,1,0
ISIC_0001634.jpg,0,1,0
ISIC_0001635.jpg,0,1,0
ISIC_0001637.jpg,0,1,0
ISIC_0001639.jpg,0,1,0
ISIC_0001641.jpg,0,1,0
ISIC_0001643.jpg,0,1,0
ISIC_0001644.jpg,0,1,0
ISIC_0001645.jpg,0,1,0
ISIC_0001648.jpg,0,1,0
ISIC_0001651.jpg,0,1,0
ISIC_0001652.jpg,0,1,0
ISIC_0001654.jpg,0,1,0
ISIC_0001656.jpg,0,1,0
ISIC_0001658.jpg,0,1,0
ISIC_0001660.jpg,0,1,0
ISIC_0001663.jpg,0,1,0
ISIC_0001664.jpg,0,1,0
ISIC_0001665.jpg,0,1,0
ISIC_0001667.jpg,0,1,0
ISIC_0001668.jpg,0,1,0
ISIC_0001670.jpg,0,1,0
ISIC_0001671.jpg,0,1,0
ISIC_0001672.jpg,0,1,0
ISIC_0001678.jpg,0,1,0
ISIC_0001680.jpg,0,1,0
ISIC_0001681.jpg,0,1,0
ISIC_0001683.jpg,0,1,0
ISIC_0001684.jpg,0,1,0
ISIC_0001689.jpg,0,1,0
ISIC_0001691.jpg,0,1,0
ISIC_0001692.jpg,0,1,0
ISIC_0001695.jpg,0,1,0
ISIC_0001698.jpg,0,1,0
ISIC_0001699.jpg,0,1,0
ISIC_0001701.jpg,0,1,0
ISIC_0001702.jpg,0,1,0
ISIC_0001710.jpg,0,1,0
ISIC_0001711.jpg,0,1,0
ISIC_0001714.jpg,0,1,0
ISIC_0001717.jpg,0,1,0
ISIC_0001719.jpg,0,1,0
ISIC_0001720.jpg,0,1,0
ISIC_0001722.jpg,0,1,0
ISIC_0001724.jpg,0,1,0
ISIC_0001726.jpg,0,1,0
ISIC_0001727.jpg,0,1,0
ISIC_0001728.jpg,0,1,0
ISIC_0001730.jpg,0,1,0
ISIC_0001731.jpg,0,1,0
ISIC_0001732.jpg,0,1,0
ISIC_0001733.jpg,0,1,0
ISIC_0001734.jpg,0,1,0
ISIC_0001735.jpg,0,1,0
ISIC_0001736.jpg,0,1,0
ISIC_0001739.jpg,0,1,0
ISIC_0001740.jpg,0,1,0
ISIC_0001741.jpg,0,1,0
ISIC_0001742.jpg,0,1,0
ISIC_0001743.jpg,0,1,0
ISIC_0001744.jpg,0,1,0
ISIC_0001745.jpg,0,1,0
ISIC_0001746.jpg,0,1,0
ISIC_0001748.jpg,0,1,0
ISIC_0001751.jpg,0,1,0
ISIC_0001753.jpg,0,1,0
ISIC_0001755.jpg,0,1,0
ISIC_0001756.jpg,0,1,0
ISIC_0001758.jpg,0,1,0
ISIC_0001759.jpg,0,1,0
ISIC_0001761.jpg,0,1,0
ISIC_0001763.jpg,0,1,0
ISIC_0001765.jpg,0,1,0
ISIC_0001766.jpg,0,1,0
ISIC_0001768.jpg,0,1,0
ISIC_0001769.jpg,0,1,0
ISIC_0001772.jpg,0,1,0
ISIC_0001773.jpg,0,1,0
ISIC_0001774.jpg,0,1,0
ISIC_0001775.jpg,0,1,0
ISIC_0001776.jpg,0,1,0
ISIC_0001777.jpg,0,1,0
ISIC_0001778.jpg,0,1,0
ISIC_0001779.jpg,0,1,0
ISIC_0001780.jpg,0,1,0
ISIC_0001781.jpg,0,1,0
ISIC_0001782.jpg,0,1,0
ISIC_0001787.jpg,0,1,0
ISIC_0001788.jpg,0,1,0
ISIC_0001790.jpg,0,1,0
ISIC_0001791.jpg,0,1,0
ISIC_0001792.jpg,0,1,0
ISIC_0001795.jpg,0,1,0
ISIC_0001796.jpg,0,1,0
ISIC_0001797.jpg,0,1,0
ISIC_0001798.jpg,0,1,0
ISIC_0001800.jpg,0,1,0
ISIC_0001801.jpg,0,1,0
ISIC_0001802.jpg,0,1,0
ISIC_0001803.jpg,0,1,0
ISIC_0001804.jpg,0,1,0
ISIC_0001805.jpg,0,1,0
ISIC_0001806.jpg,0,1,0
ISIC_0001808.jpg,0,1,0
ISIC_0001809.jpg,0,1,0
ISIC_0001810.jpg,0,1,0
ISIC_0001813.jpg,0,1,0
ISIC_0001814.jpg,0,1,0
ISIC_0001815.jpg,0,1,0
ISIC_0001820.jpg,0,1,0
ISIC_0001821.jpg,0,1,0
ISIC_0001823.jpg,0,1,0
ISIC_0001824.jpg,0,1,0
ISIC_0001826.jpg,0,1,0
ISIC_0001827.jpg,0,1,0
ISIC_0001828.jpg,0,1,0
ISIC_0001829.jpg,0,1,0
ISIC_0001830.jpg,0,1,0
ISIC_0001831.jpg,0,1,0
ISIC_0001832.jpg,0,1,0
ISIC_0001835.jpg,0,1,0
ISIC_0001836.jpg,0,1,0
ISIC_0001839.jpg,0,1,0
ISIC_0001840.jpg,0,1,0
ISIC_0001841.jpg,0,1,0
ISIC_0001842.jpg,0,1,0
ISIC_0001844.jpg,0,1,0
ISIC_0001846.jpg,0,1,0
ISIC_0001847.jpg,0,1,0
ISIC_0001848.jpg,0,1,0
ISIC_0001849.jpg,0,1,0
ISIC_0001850.jpg,0,1,0
ISIC_0001851.jpg,0,1,0
ISIC_0001855.jpg,0,1,0
ISIC_0001856.jpg,0,1,0
ISIC_0001858.jpg,0,1,0
ISIC_0001859.jpg,0,1,0
ISIC_0001861.jpg,0,1,0
ISIC_0001863.jpg,0,1,0
ISIC_0001865.jpg,0,1,0
ISIC_0001867.jpg,0,1,0
ISIC_0001868.jpg,0,1,0
ISIC_0001872.jpg,0,1,0
ISIC_0001873.jpg,0,1,0
ISIC_0001875.jpg,0,1,0
ISIC_0001877.jpg,0,1,0
ISIC_0001881.jpg,0,1,0
ISIC_0001882.jpg,0,1,0
ISIC_0001883.jpg,0,1,0
ISIC_0001885.jpg,0,1,0
ISIC_0001888.jpg,0,1,0
ISIC_0001889.jpg,0,1,0
ISIC_0001891.jpg,0,1,0
ISIC_0001895.jpg,0,1,0
ISIC_0001896.jpg,0,1,0
ISIC_0001898.jpg,0,1,0
ISIC_0001901.jpg,0,1,0
ISIC_0001902.jpg,0,1,0
ISIC_0001903.jpg,0,1,0
ISIC_0001904.jpg,0,1,0
ISIC_0001905.jpg,0,1,0
ISIC_0001906.jpg,0,1,0
ISIC_0001907.jpg,0,1,0
ISIC_0001908.jpg,0,1,0
ISIC_0001909.jpg,0,1,0
ISIC_0001910.jpg,0,1,0
ISIC_0001912.jpg,0,1,0
ISIC_0001914.jpg,0,1,0
ISIC_0001916.jpg,0,1,0
ISIC_0001918.jpg,0,1,0
ISIC_0001919.jpg,0,1,0
ISIC_0001920.jpg,0,1,0
ISIC_0001921.jpg,0,1,0
ISIC_0001923.jpg,0,1,0
ISIC_0001924.jpg,0,1,0
ISIC_0001926.jpg,0,1,0
ISIC_0001927.jpg,0,1,0
ISIC_0001929.jpg,0,1,0
ISIC_0001930.jpg,0,1,0
ISIC_0001931.jpg,0,1,0
ISIC_0001934.jpg,0,1,0
ISIC_0001935.jpg,0,1,0
ISIC_0001936.jpg,0,1,0
ISIC_0001937.jpg,0,1,0
ISIC_0001939.jpg,0,1,0
ISIC_0001940.jpg,0,1,0
ISIC_0001943.jpg,0,1,0
ISIC_0001944.jpg,0,1,0
ISIC_0001945.jpg,0,1,0
ISIC_0001947.jpg,0,1,0
ISIC_0001948.jpg,0,1,0
ISIC_0001949.jpg,0,1,0
ISIC_0001950.jpg,0,1,0
ISIC_0001952.jpg,0,1,0
ISIC_0001953.jpg,0,1,0
ISIC_0001954.jpg,0,1,0
ISIC_0001958.jpg,0,1,0
ISIC_0001959.jpg,0,1,0
ISIC_0001960.jpg,0,1,0
ISIC_0001963.jpg,0,1,0
ISIC_0001965.jpg,0,1,0
ISIC_0001967.jpg,0,1,0
ISIC_0001969.jpg,0,1,0
ISIC_0001974.jpg,0,1,0
ISIC_0001978.jpg,0,1,0
ISIC_0001980.jpg,0,1,0
ISIC_0001981.jpg,0,1,0
ISIC_0001982.jpg,0,1,0
ISIC_0001984.jpg,0,1,0
ISIC_0001985.jpg,0,1,0
ISIC_0001986.jpg,0,1,0
ISIC_0001989.jpg,0,1,0
ISIC_0001990.jpg,0,1,0
ISIC_0001991.jpg,0,1,0
ISIC_0001992.jpg,0,1,0
ISIC_0001993.jpg,0,1,0
ISIC_0001994.jpg,0,1,0
ISIC_0001995.jpg,0,1,0
ISIC_0001996.jpg,0,1,0
ISIC_0002001.jpg,0,1,0
ISIC_0002002.jpg,0,1,0
ISIC_0002003.jpg,0,1,0
ISIC_0002004.jpg,0,1,0
ISIC_0002006.jpg,0,1,0
ISIC_0002008.jpg,0,1,0
ISIC_0002010.jpg,0,1,0
ISIC_0002013.jpg,0,1,0
ISIC_0002014.jpg,0,1,0
ISIC_0002015.jpg,0,1,0
ISIC_0002016.jpg,0,1,0
ISIC_0002017.jpg,0,1,0
ISIC_0002018.jpg,0,1,0
ISIC_0002020.jpg,0,1,0
ISIC_0002023.jpg,0,1,0
ISIC_0002025.jpg,0,1,0
ISIC_0002027.jpg,0,1,0
ISIC_0002028.jpg,0,1,0
ISIC_0002030.jpg,0,1,0
ISIC_0002031.jpg,0,1,0
ISIC_0002033.jpg,0,1,0
ISIC_0002035.jpg,0,1,0
ISIC_0002038.jpg,0,1,0
ISIC_0002041.jpg,0,1,0
ISIC_0002042.jpg,0,1,0
ISIC_0002043.jpg,0,1,0
ISIC_0002044.jpg,0,1,0
ISIC_0002045.jpg,0,1,0
ISIC_0002047.jpg,0,1,0
ISIC_0002049.jpg,0,1,0
ISIC_0002053.jpg,0,1,0
ISIC_0002054.jpg,0,1,0
ISIC_0002055.jpg,0,1,0
ISIC_0002057.jpg,0,1,0
ISIC_0002058.jpg,0,1,0
ISIC_0002059.jpg,0,1,0
ISIC_0002060.jpg,0,1,0
ISIC_0002064.jpg,0,1,0
ISIC_0002066.jpg,0,1,0
ISIC_0002067.jpg,0,1,0
ISIC_0002068.jpg,0,1,0
ISIC_0002070.jpg,0,1,0
ISIC_0002071.jpg,0,1,0
ISIC_0002072.jpg,0,1,0
ISIC_0002073.jpg,0,1,0
ISIC_0002075.jpg,0,1,0
ISIC_0002076.jpg,0,1,0
ISIC_0002077.jpg,0,1,0
ISIC_0002080.jpg,0,1,0
ISIC_0002081.jpg,0,1,0
ISIC_0002082.jpg,0,1,0
ISIC_0002086.jpg,0,1,0
ISIC_0002089.jpg,0,1,0
ISIC_0002093.jpg,0,1,0
ISIC_0002098.jpg,0,1,0
ISIC_0002100.jpg,0,1,0
ISIC_0002101.jpg,0,1,0
ISIC_0002104.jpg,0,1,0
ISIC_0002105.jpg,0,1,0
ISIC_0002108.jpg,0,1,0
ISIC_0002109.jpg,0,1,0
ISIC_0002110.jpg,0,1,0
ISIC_0002111.jpg,0,1,0
ISIC_0002116.jpg,0,1,0
ISIC_0002117.jpg,0,1,0
ISIC_0002118.jpg,0,1,0
ISIC_0002119.jpg,0,1,0
ISIC_0002120.jpg,0,1,0
ISIC_0002121.jpg,0,1,0
ISIC_0002122.jpg,0,1,0
ISIC_0002124.jpg,0,1,0
ISIC_0002125.jpg,0,1,0
ISIC_0002126.jpg,0,1,0
ISIC_0002127.jpg,0,1,0
ISIC_0002129.jpg,0,1,0
ISIC_0002130.jpg,0,1,0
ISIC_0002131.jpg,0,1,0
ISIC_0002135.jpg,0,1,0
ISIC_0002138.jpg,0,1,0
ISIC_0002141.jpg,0,1,0
ISIC_0002143.jpg,0,1,0
ISIC_0002145.jpg,0,1,0
ISIC_0002147.jpg,0,1,0
ISIC_0002151.jpg,0,1,0
ISIC_0002152.jpg,0,1,0
ISIC_0002155.jpg,0,1,0
ISIC_0002156.jpg,0,1,0
ISIC_0002157.jpg,0,1,0
ISIC_0002164.jpg,0,1,0
ISIC_0002165.jpg,0,1,0
ISIC_0002167.jpg,0,1,0
ISIC_0002168.jpg,0,1,0
ISIC_0002169.jpg,0,1,0
ISIC_0002170.jpg,0,1,0
ISIC_0002171.jpg,0,1,0
ISIC_0002173.jpg,0,1,0
ISIC_0002174.jpg,0,1,0
ISIC_0002175.jpg,0,1,0
ISIC_0002176.jpg,0,1,0
ISIC_0002178.jpg,0,1,0
ISIC_0002181.jpg,0,1,0
ISIC_0002182.jpg,0,1,0
ISIC_0002183.jpg,0,1,0
ISIC_0002184.jpg,0,1,0
ISIC_0002187.jpg,0,1,0
ISIC_0002189.jpg,0,1,0
ISIC_0002191.jpg,0,1,0
ISIC_0002193.jpg,0,1,0
ISIC_0002195.jpg,0,1,0
ISIC_0002198.jpg,0,1,0
ISIC_0002199.jpg,0,1,0
ISIC_0002202.jpg,0,1,0
ISIC_0002203.jpg,0,1,0
ISIC_0002204.jpg,0,1,0
ISIC_0002206.jpg,0,1,0
ISIC_0002208.jpg,0,1,0
ISIC_0002209.jpg,0,1,0
ISIC_0002210.jpg,0,1,0
ISIC_0002211.jpg,0,1,0
ISIC_0002212.jpg,0,1,0
ISIC_0002213.jpg,0,1,0
ISIC_0002214.jpg,0,1,0
ISIC_0002215.jpg,0,1,0
ISIC_0002222.jpg,0,1,0
ISIC_0002223.jpg,0,1,0
ISIC_0002226.jpg,0,1,0
ISIC_0002230.jpg,0,1,0
ISIC_0002231.jpg,0,1,0
ISIC_0002235.jpg,0,1,0
ISIC_0002238.jpg,0,1,0
ISIC_0002240.jpg,0,1,0
ISIC_0002242.jpg,0,1,0
ISIC_0002243.jpg,0,1,0
ISIC_0002244.jpg,0,1,0
ISIC_0002250.jpg,0,1,0
ISIC_0002251.jpg,0,1,0
ISIC_0002253.jpg,0,1,0
ISIC_0002257.jpg,0,1,0
ISIC_0002258.jpg,0,1,0
ISIC_0002260.jpg,0,1,0
ISIC_0002261.jpg,0,1,0
ISIC_0002265.jpg,0,1,0
ISIC_0002267.jpg,0,1,0
ISIC_0002269.jpg,0,1,0
ISIC_0002270.jpg,0,1,0
ISIC_0002271.jpg,0,1,0
ISIC_0002272.jpg,0,1,0
ISIC_0002275.jpg,0,1,0
ISIC_0002277.jpg,0,1,0
ISIC_0002280.jpg,0,1,0
ISIC_0002281.jpg,0,1,0
ISIC_0002284.jpg,0,1,0
ISIC_0002285.jpg,0,1,0
ISIC_0002286.jpg,0,1,0
ISIC_0002287.jpg,0,1,0
ISIC_0002288.jpg,0,1,0
ISIC_0002289.jpg,0,1,0
ISIC_0002292.jpg,0,1,0
ISIC_0002293.jpg,0,1,0
ISIC_0002294.jpg,0,1,0
ISIC_0002295.jpg,0,1,0
ISIC_0002296.jpg,0,1,0
ISIC_0002297.jpg,0,1,0
ISIC_0002298.jpg,0,1,0
ISIC_0002300.jpg,0,1,0
ISIC_0002303.jpg,0,1,0
ISIC_0002305.jpg,0,1,0
ISIC_0002306.jpg,0,1,0
ISIC_0002307.jpg,0,1,0
ISIC_0002308.jpg,0,1,0
ISIC_0002309.jpg,0,1,0
ISIC_0002310.jpg,0,1,0
ISIC_0002311.jpg,0,1,0
ISIC_0002313.jpg,0,1,0
ISIC_0002314.jpg,0,1,0
ISIC_0002315.jpg,0,1,0
ISIC_0002316.jpg,0,1,0
ISIC_0002317.jpg,0,1,0
ISIC_0002319.jpg,0,1,0
ISIC_0002320.jpg,0,1,0
ISIC_0002323.jpg,0,1,0
ISIC_0002324.jpg,0,1,0
ISIC_0002325.jpg,0,1,0
ISIC_0002326.jpg,0,1,0
ISIC_0002328.jpg,0,1,0
ISIC_0002330.jpg,0,1,0
ISIC_0002331.jpg,0,1,0
ISIC_0002333.jpg,0,1,0
ISIC_0002334.jpg,0,1,0
ISIC_0002335.jpg,0,1,0
ISIC_0002337.jpg,0,1,0
ISIC_0002338.jpg,0,1,0
ISIC_0002341.jpg,0,1,0
ISIC_0002343.jpg,0,1,0
ISIC_0002347.jpg,0,1,0
ISIC_0002348.jpg,0,1,0
ISIC_0002349.jpg,0,1,0
ISIC_0002352.jpg,0,1,0
ISIC_0002353.jpg,0,1,0
ISIC_0002354.jpg,0,1,0
ISIC_0002355.jpg,0,1,0
ISIC_0002356.jpg,0,1,0
ISIC_0002357.jpg,0,1,0
ISIC_0002359.jpg,0,1,0
ISIC_0002361.jpg,0,1,0
ISIC_0002362.jpg,0,1,0
ISIC_0002365.jpg,0,1,0
ISIC_0002368.jpg,0,1,0
ISIC_0002369.jpg,0,1,0
ISIC_0002371.jpg,0,1,0
ISIC_0002372.jpg,0,1,0
ISIC_0002374.jpg,0,1,0
ISIC_0002375.jpg,0,1,0
ISIC_0002376.jpg,0,1,0
ISIC_0002377.jpg,0,1,0
ISIC_0002378.jpg,0,1,0
ISIC_0002381.jpg,0,1,0
ISIC_0002383.jpg,0,1,0
ISIC_0002385.jpg,0,1,0
ISIC_0002387.jpg,0,1,0
ISIC_0002389.jpg,0,1,0
ISIC_0002391.jpg,0,1,0
ISIC_0002393.jpg,0,1,0
ISIC_0002394.jpg,0,1,0
ISIC_0002395.jpg,0,1,0
ISIC_0002396.jpg,0,1,0
ISIC_0002398.jpg,0,1,0
ISIC_0002399.jpg,0,1,0
ISIC_0002400.jpg,0,1,0
ISIC_0002403.jpg,0,1,0
ISIC_0002406.jpg,0,1,0
ISIC_0002407.jpg,0,1,0
ISIC_0002409.jpg,0,1,0
ISIC_0002410.jpg,0,1,0
ISIC_0002411.jpg,0,1,0
ISIC_0002413.jpg,0,1,0
ISIC_0002414.jpg,0,1,0
ISIC_0002415.jpg,0,1,0
ISIC_0002416.jpg,0,1,0
ISIC_0002417.jpg,0,1,0
ISIC_0002418.jpg,0,1,0
ISIC_0002421.jpg,0,1,0
ISIC_0002424.jpg,0,1,0
ISIC_0002426.jpg,0,1,0
ISIC_0002428.jpg,0,1,0
ISIC_0002431.jpg,0,1,0
ISIC_0002432.jpg,0,1,0
ISIC_0002435.jpg,0,1,0
ISIC_0002436.jpg,0,1,0
ISIC_0002439.jpg,0,1,0
ISIC_0002440.jpg,0,1,0
ISIC_0002441.jpg,0,1,0
ISIC_0002443.jpg,0,1,0
ISIC_0002444.jpg,0,1,0
ISIC_0002445.jpg,0,1,0
ISIC_0002449.jpg,0,1,0
ISIC_0002450.jpg,0,1,0
ISIC_0002451.jpg,0,1,0
ISIC_0002454.jpg,0,1,0
ISIC_0002456.jpg,0,1,0
ISIC_0002457.jpg,0,1,0
ISIC_0002458.jpg,0,1,0
ISIC_0002465.jpg,0,1,0
ISIC_0002466.jpg,0,1,0
ISIC_0002467.jpg,0,1,0
ISIC_0002468.jpg,0,1,0
ISIC_0002472.jpg,0,1,0
ISIC_0002473.jpg,0,1,0
ISIC_0002475.jpg,0,1,0
ISIC_0002476.jpg,0,1,0
ISIC_0002477.jpg,0,1,0
ISIC_0002479.jpg,0,1,0
ISIC_0002480.jpg,0,1,0
ISIC_0002481.jpg,0,1,0
ISIC_0002482.jpg,0,1,0
ISIC_0002483.jpg,0,1,0
ISIC_0002485.jpg,0,1,0
ISIC_0002486.jpg,0,1,0
ISIC_0002487.jpg,0,1,0
ISIC_0002488.jpg,0,1,0
ISIC_0002490.jpg,0,1,0
ISIC_0002492.jpg,0,1,0
ISIC_0002493.jpg,0,1,0
ISIC_0002494.jpg,0,1,0
ISIC_0002495.jpg,0,1,0
ISIC_0002496.jpg,0,1,0
ISIC_0002497.jpg,0,1,0
ISIC_0002498.jpg,0,1,0
ISIC_0002499.jpg,0,1,0
ISIC_0002502.jpg,0,1,0
ISIC_0002504.jpg,0,1,0
ISIC_0002505.jpg,0,1,0
ISIC_0002506.jpg,0,1,0
ISIC_0002507.jpg,0,1,0
ISIC_0002508.jpg,0,1,0
ISIC_0002510.jpg,0,1,0
ISIC_0002511.jpg,0,1,0
ISIC_0002515.jpg,0,1,0
ISIC_0002516.jpg,0,1,0
ISIC_0002518.jpg,0,1,0
ISIC_0002520.jpg,0,1,0
ISIC_0002521.jpg,0,1,0
ISIC_0002522.jpg,0,1,0
ISIC_0002523.jpg,0,1,0
ISIC_0002524.jpg,0,1,0
ISIC_0002525.jpg,0,1,0
ISIC_0002526.jpg,0,1,0
ISIC_0002527.jpg,0,1,0
ISIC_0002528.jpg,0,1,0
ISIC_0002536.jpg,0,1,0
ISIC_0002537.jpg,0,1,0
ISIC_0002538.jpg,0,1,0
ISIC_0002539.jpg,0,1,0
ISIC_0002540.jpg,0,1,0
ISIC_0002542.jpg,0,1,0
ISIC_0002543.jpg,0,1,0
ISIC_0002544.jpg,0,1,0
ISIC_0002545.jpg,0,1,0
ISIC_0002549.jpg,0,1,0
ISIC_0002552.jpg,0,1,0
ISIC_0002554.jpg,0,1,0
ISIC_0002555.jpg,0,1,0
ISIC_0002556.jpg,0,1,0
ISIC_0002557.jpg,0,1,0
ISIC_0002558.jpg,0,1,0
ISIC_0002560.jpg,0,1,0
ISIC_0002561.jpg,0,1,0
ISIC_0002566.jpg,0,1,0
ISIC_0002568.jpg,0,1,0
ISIC_0002570.jpg,0,1,0
ISIC_0002572.jpg,0,1,0
ISIC_0002573.jpg,0,1,0
ISIC_0002576.jpg,0,1,0
ISIC_0002577.jpg,0,1,0
ISIC_0002582.jpg,0,1,0
ISIC_0002583.jpg,0,1,0
ISIC_0002585.jpg,0,1,0
ISIC_0002588.jpg,0,1,0
ISIC_0002589.jpg,0,1,0
ISIC_0002596.jpg,0,1,0
ISIC_0002600.jpg,0,1,0
ISIC_0002601.jpg,0,1,0
ISIC_0002604.jpg,0,1,0
ISIC_0002607.jpg,0,1,0
ISIC_0002608.jpg,0,1,0
ISIC_0002610.jpg,0,1,0
ISIC_0002611.jpg,0,1,0
ISIC_0002612.jpg,0,1,0
ISIC_0002615.jpg,0,1,0
ISIC_0002616.jpg,0,1,0
ISIC_0002617.jpg,0,1,0
ISIC_0002618.jpg,0,1,0
ISIC_0002619.jpg,0,1,0
ISIC_0002620.jpg,0,1,0
ISIC_0002623.jpg,0,1,0
ISIC_0002624.jpg,0,1,0
ISIC_0002625.jpg,0,1,0
ISIC_0002627.jpg,0,1,0
ISIC_0002628.jpg,0,1,0
ISIC_0002630.jpg,0,1,0
ISIC_0002631.jpg,0,1,0
ISIC_0002632.jpg,0,1,0
ISIC_0002633.jpg,0,1,0
ISIC_0002634.jpg,0,1,0
ISIC_0002635.jpg,0,1,0
ISIC_0002636.jpg,0,1,0
ISIC_0002637.jpg,0,1,0
ISIC_0002639.jpg,0,1,0
ISIC_0002641.jpg,0,1,0
ISIC_0002642.jpg,0,1,0
ISIC_0002645.jpg,0,1,0
ISIC_0002646.jpg,0,1,0
ISIC_0002649.jpg,0,1,0
ISIC_0002650.jpg,0,1,0
ISIC_0002651.jpg,0,1,0
ISIC_0002652.jpg,0,1,0
ISIC_0002654.jpg,0,1,0
ISIC_0002655.jpg,0,1,0
ISIC_0002656.jpg,0,1,0
ISIC_0002658.jpg,0,1,0
ISIC_0002659.jpg,0,1,0
ISIC_0002660.jpg,0,1,0
ISIC_0002661.jpg,0,1,0
ISIC_0002664.jpg,0,1,0
ISIC_0002666.jpg,0,1,0
ISIC_0002667.jpg,0,1,0
ISIC_0002675.jpg,0,1,0
ISIC_0002677.jpg,0,1,0
ISIC_0002679.jpg,0,1,0
ISIC_0002680.jpg,0,1,0
ISIC_0002681.jpg,0,1,0
ISIC_0002688.jpg,0,1,0
ISIC_0002689.jpg,0,1,0
ISIC_0002694.jpg,0,1,0
ISIC_0002695.jpg,0,1,0
ISIC_0002697.jpg,0,1,0
ISIC_0002698.jpg,0,1,0
ISIC_0002699.jpg,0,1,0
ISIC_0002700.jpg,0,1,0
ISIC_0002701.jpg,0,1,0
ISIC_0002702.jpg,0,1,0
ISIC_0002703.jpg,0,1,0
ISIC_0002704.jpg,0,1,0
ISIC_0002705.jpg,0,1,0
ISIC_0002706.jpg,0,1,0
ISIC_0002707.jpg,0,1,0
ISIC_0002708.jpg,0,1,0
ISIC_0002709.jpg,0,1,0
ISIC_0002710.jpg,0,1,0
ISIC_0002713.jpg,0,1,0
ISIC_0002714.jpg,0,1,0
ISIC_0002716.jpg,0,1,0
ISIC_0002717.jpg,0,1,0
ISIC_0002718.jpg,0,1,0
ISIC_0002720.jpg,0,1,0
ISIC_0002721.jpg,0,1,0
ISIC_0002723.jpg,0,1,0
ISIC_0002724.jpg,0,1,0
ISIC_0002728.jpg,0,1,0
ISIC_0002729.jpg,0,1,0
ISIC_0002731.jpg,0,1,0
ISIC_0002732.jpg,0,1,0
ISIC_0002733.jpg,0,1,0
ISIC_0002734.jpg,0,1,0
ISIC_0002737.jpg,0,1,0
ISIC_0002740.jpg,0,1,0
ISIC_0002741.jpg,0,1,0
ISIC_0002742.jpg,0,1,0
ISIC_0002743.jpg,0,1,0
ISIC_0002744.jpg,0,1,0
ISIC_0002745.jpg,0,1,0
ISIC_0002747.jpg,0,1,0
ISIC_0002749.jpg,0,1,0
ISIC_0002750.jpg,0,1,0
ISIC_0002753.jpg,0,1,0
ISIC_0002755.jpg,0,1,0
ISIC_0002756.jpg,0,1,0
ISIC_0002757.jpg,0,1,0
ISIC_0002758.jpg,0,1,0
ISIC_0002759.jpg,0,1,0
ISIC_0002761.jpg,0,1,0
ISIC_0002762.jpg,0,1,0
ISIC_0002763.jpg,0,1,0
ISIC_0002766.jpg,0,1,0
ISIC_0002768.jpg,0,1,0
ISIC_0002769.jpg,0,1,0
ISIC_0002770.jpg,0,1,0
ISIC_0002771.jpg,0,1,0
ISIC_0002772.jpg,0,1,0
ISIC_0002774.jpg,0,1,0
ISIC_0002777.jpg,0,1,0
ISIC_0002778.jpg,0,1,0
ISIC_0002780.jpg,0,1,0
ISIC_0002781.jpg,0,1,0
ISIC_0002782.jpg,0,1,0
ISIC_0002783.jpg,0,1,0
ISIC_0002784.jpg,0,1,0
ISIC_0002785.jpg,0,1,0
ISIC_0002786.jpg,0,1,0
ISIC_0002787.jpg,0,1,0
ISIC_0002789.jpg,0,1,0
ISIC_0002790.jpg,0,1,0
ISIC_0002791.jpg,0,1,0
ISIC_0002793.jpg,0,1,0
ISIC_0002798.jpg,0,1,0
ISIC_0002800.jpg,0,1,0
ISIC_0002801.jpg,0,1,0
ISIC_0002803.jpg,0,1,0
ISIC_0002804.jpg,0,1,0
ISIC_0002805.jpg,0,1,0
ISIC_0002807.jpg,0,1,0
ISIC_0002809.jpg,0,1,0
ISIC_0002810.jpg,0,1,0
ISIC_0002811.jpg,0,1,0
ISIC_0002812.jpg,0,1,0
ISIC_0002815.jpg,0,1,0
ISIC_0002816.jpg,0,1,0
ISIC_0002821.jpg,0,1,0
ISIC_0002822.jpg,0,1,0
ISIC_0002823.jpg,0,1,0
ISIC_0002825.jpg,0,1,0
ISIC_0002826.jpg,0,1,0
ISIC_0002827.jpg,0,1,0
ISIC_0002829.jpg,0,1,0
ISIC_0002830.jpg,0,1,0
ISIC_0002831.jpg,0,1,0
ISIC_0002832.jpg,0,1,0
ISIC_0002833.jpg,0,1,0
ISIC_0002843.jpg,0,1,0
ISIC_0002844.jpg,0,1,0
ISIC_0002845.jpg,0,1,0
ISIC_0002849.jpg,0,1,0
ISIC_0002850.jpg,0,1,0
ISIC_0002851.jpg,0,1,0
ISIC_0002855.jpg,0,1,0
ISIC_0002856.jpg,0,1,0
ISIC_0002858.jpg,0,1,0
ISIC_0002859.jpg,0,1,0
ISIC_0002860.jpg,0,1,0
ISIC_0002862.jpg,0,1,0
ISIC_0002865.jpg,0,1,0
ISIC_0002866.jpg,0,1,0
ISIC_0002867.jpg,0,1,0
ISIC_0002869.jpg,0,1,0
ISIC_0002873.jpg,0,1,0
ISIC_0002874.jpg,0,1,0
ISIC_0002878.jpg,0,1,0
ISIC_0002879.jpg,0,1,0
ISIC_0002880.jpg,0,1,0
ISIC_0002883.jpg,0,1,0
ISIC_0002886.jpg,0,1,0
ISIC_0002887.jpg,0,1,0
ISIC_0002890.jpg,0,1,0
ISIC_0002892.jpg,0,1,0
ISIC_0002897.jpg,0,1,0
ISIC_0002900.jpg,0,1,0
ISIC_0002902.jpg,0,1,0
ISIC_0002905.jpg,0,1,0
ISIC_0002909.jpg,0,1,0
ISIC_0002910.jpg,0,1,0
ISIC_0002911.jpg,0,1,0
ISIC_0002914.jpg,0,1,0
ISIC_0002917.jpg,0,1,0
ISIC_0002921.jpg,0,1,0
ISIC_0002922.jpg,0,1,0
ISIC_0002923.jpg,0,1,0
ISIC_0002925.jpg,0,1,0
ISIC_0002927.jpg,0,1,0
ISIC_0002928.jpg,0,1,0
ISIC_0002930.jpg,0,1,0
ISIC_0002935.jpg,0,1,0
ISIC_0002936.jpg,0,1,0
ISIC_0002937.jpg,0,1,0
ISIC_0002938.jpg,0,1,0
ISIC_0002940.jpg,0,1,0
ISIC_0002943.jpg,0,1,0
ISIC_0002944.jpg,0,1,0
ISIC_0002945.jpg,0,1,0
ISIC_0002946.jpg,0,1,0
ISIC_0002947.jpg,0,1,0
ISIC_0002949.jpg,0,1,0
ISIC_0002950.jpg,0,1,0
ISIC_0002953.jpg,0,1,0
ISIC_0002954.jpg,0,1,0
ISIC_0002956.jpg,0,1,0
ISIC_0002957.jpg,0,1,0
ISIC_0002960.jpg,0,1,0
ISIC_0002961.jpg,0,1,0
ISIC_0002962.jpg,0,1,0
ISIC_0002963.jpg,0,1,0
ISIC_0002964.jpg,0,1,0
ISIC_0002965.jpg,0,1,0
ISIC_0002969.jpg,0,1,0
ISIC_0002970.jpg,0,1,0
ISIC_0002972.jpg,0,1,0
ISIC_0002973.jpg,0,1,0
ISIC_0002974.jpg,0,1,0
ISIC_0002975.jpg,0,1,0
ISIC_0002976.jpg,0,1,0
ISIC_0002979.jpg,0,1,0
ISIC_0002980.jpg,0,1,0
ISIC_0002981.jpg,0,1,0
ISIC_0002982.jpg,0,1,0
ISIC_0002983.jpg,0,1,0
ISIC_0002984.jpg,0,1,0
ISIC_0002988.jpg,0,1,0
ISIC_0002989.jpg,0,1,0
ISIC_0002990.jpg,0,1,0
ISIC_0002991.jpg,0,1,0
ISIC_0002992.jpg,0,1,0
ISIC_0002993.jpg,0,1,0
ISIC_0002995.jpg,0,1,0
ISIC_0002996.jpg,0,1,0
ISIC_0002997.jpg,0,1,0
ISIC_0002998.jpg,0,1,0
ISIC_0003001.jpg,0,1,0
ISIC_0003002.jpg,0,1,0
ISIC_0003004.jpg,0,1,0
ISIC_0003005.jpg,0,1,0
ISIC_0003007.jpg,0,1,0
ISIC_0003008.jpg,0,1,0
ISIC_0003010.jpg,0,1,0
ISIC_0003011.jpg,0,1,0
ISIC_0003012.jpg,0,1,0
ISIC_0003013.jpg,0,1,0
ISIC_0003014.jpg,0,1,0
ISIC_0003015.jpg,0,1,0
ISIC_0003016.jpg,0,1,0
ISIC_0003017.jpg,0,1,0
ISIC_0003018.jpg,0,1,0
ISIC_0003019.jpg,0,1,0
ISIC_0003022.jpg,0,1,0
ISIC_0003023.jpg,0,1,0
ISIC_0003025.jpg,0,1,0
ISIC_0003026.jpg,0,1,0
ISIC_0003027.jpg,0,1,0
ISIC_0003028.jpg,0,1,0
ISIC_0003029.jpg,0,1,0
ISIC_0003032.jpg,0,1,0
ISIC_0003034.jpg,0,1,0
ISIC_0003035.jpg,0,1,0
ISIC_0003039.jpg,0,1,0
ISIC_0003040.jpg,0,1,0
ISIC_0003041.jpg,0,1,0
ISIC_0003042.jpg,0,1,0
ISIC_0003047.jpg,0,1,0
ISIC_0003048.jpg,0,1,0
ISIC_0003049.jpg,0,1,0
ISIC_0003054.jpg,0,1,0
ISIC_0003057.jpg,0,1,0
ISIC_0003058.jpg,0,1,0
ISIC_0003059.jpg,0,1,0
ISIC_0003061.jpg,0,1,0
ISIC_0003066.jpg,0,1,0
ISIC_0003067.jpg,0,1,0
ISIC_0003068.jpg,0,1,0
ISIC_0003069.jpg,0,1,0
ISIC_0003070.jpg,0,1,0
ISIC_0003071.jpg,0,1,0
ISIC_0003072.jpg,0,1,0
ISIC_0003073.jpg,0,1,0
ISIC_0003074.jpg,0,1,0
ISIC_0003078.jpg,0,1,0
ISIC_0003080.jpg,0,1,0
ISIC_0003081.jpg,0,1,0
ISIC_0003083.jpg,0,1,0
ISIC_0003086.jpg,0,1,0
ISIC_0003087.jpg,0,1,0
ISIC_0003088.jpg,0,1,0
ISIC_0003090.jpg,0,1,0
ISIC_0003091.jpg,0,1,0
ISIC_0003092.jpg,0,1,0
ISIC_0003097.jpg,0,1,0
ISIC_0003101.jpg,0,1,0
ISIC_0003103.jpg,0,1,0
ISIC_0003104.jpg,0,1,0
ISIC_0003106.jpg,0,1,0
ISIC_0003107.jpg,0,1,0
ISIC_0003109.jpg,0,1,0
ISIC_0003112.jpg,0,1,0
ISIC_0003113.jpg,0,1,0
ISIC_0003116.jpg,0,1,0
ISIC_0003117.jpg,0,1,0
ISIC_0003118.jpg,0,1,0
ISIC_0003120.jpg,0,1,0
ISIC_0003123.jpg,0,1,0
ISIC_0003124.jpg,0,1,0
ISIC_0003126.jpg,0,1,0
ISIC_0003127.jpg,0,1,0
ISIC_0003128.jpg,0,1,0
ISIC_0003129.jpg,0,1,0
ISIC_0003130.jpg,0,1,0
ISIC_0003131.jpg,0,1,0
ISIC_0003133.jpg,0,1,0
ISIC_0003134.jpg,0,1,0
ISIC_0003139.jpg,0,1,0
ISIC_0003141.jpg,0,1,0
ISIC_0003143.jpg,0,1,0
ISIC_0003144.jpg,0,1,0
ISIC_0003145.jpg,0,1,0
ISIC_0003147.jpg,0,1,0
ISIC_0003148.jpg,0,1,0
ISIC_0003149.jpg,0,1,0
ISIC_0003150.jpg,0,1,0
ISIC_0003151.jpg,0,1,0
ISIC_0003152.jpg,0,1,0
ISIC_0003153.jpg,0,1,0
ISIC_0003154.jpg,0,1,0
ISIC_0003155.jpg,0,1,0
ISIC_0003156.jpg,0,1,0
ISIC_0003160.jpg,0,1,0
ISIC_0003161.jpg,0,1,0
ISIC_0003163.jpg,0,1,0
ISIC_0003164.jpg,0,1,0
ISIC_0003165.jpg,0,1,0
ISIC_0003166.jpg,0,1,0
ISIC_0003167.jpg,0,1,0
ISIC_0003168.jpg,0,1,0
ISIC_0003169.jpg,0,1,0
ISIC_0003172.jpg,0,1,0
ISIC_0003173.jpg,0,1,0
ISIC_0003174.jpg,0,1,0
ISIC_0003175.jpg,0,1,0
ISIC_0003176.jpg,0,1,0
ISIC_0003178.jpg,0,1,0
ISIC_0003180.jpg,0,1,0
ISIC_0003182.jpg,0,1,0
ISIC_0003185.jpg,0,1,0
ISIC_0003186.jpg,0,1,0
ISIC_0003187.jpg,0,1,0
ISIC_0003188.jpg,0,1,0
ISIC_0003190.jpg,0,1,0
ISIC_0003191.jpg,0,1,0
ISIC_0003192.jpg,0,1,0
ISIC_0003194.jpg,0,1,0
ISIC_0003195.jpg,0,1,0
ISIC_0003197.jpg,0,1,0
ISIC_0003198.jpg,0,1,0
ISIC_0003203.jpg,0,1,0
ISIC_0003205.jpg,0,1,0
ISIC_0003206.jpg,0,1,0
ISIC_0003208.jpg,0,1,0
ISIC_0003211.jpg,0,1,0
ISIC_0003215.jpg,0,1,0
ISIC_0003216.jpg,0,1,0
ISIC_0003217.jpg,0,1,0
ISIC_0003221.jpg,0,1,0
ISIC_0003225.jpg,0,1,0
ISIC_0003226.jpg,0,1,0
ISIC_0003227.jpg,0,1,0
ISIC_0003228.jpg,0,1,0
ISIC_0003231.jpg,0,1,0
ISIC_0003232.jpg,0,1,0
ISIC_0003233.jpg,0,1,0
ISIC_0003235.jpg,0,1,0
ISIC_0003236.jpg,0,1,0
ISIC_0003240.jpg,0,1,0
ISIC_0003242.jpg,0,1,0
ISIC_0003243.jpg,0,1,0
ISIC_0003245.jpg,0,1,0
ISIC_0003247.jpg,0,1,0
ISIC_0003249.jpg,0,1,0
ISIC_0003250.jpg,0,1,0
ISIC_0003252.jpg,0,1,0
ISIC_0003255.jpg,0,1,0
ISIC_0003257.jpg,0,1,0
ISIC_0003258.jpg,0,1,0
ISIC_0003260.jpg,0,1,0
ISIC_0003261.jpg,0,1,0
ISIC_0003262.jpg,0,1,0
ISIC_0003263.jpg,0,1,0
ISIC_0003264.jpg,0,1,0
ISIC_0003265.jpg,0,1,0
ISIC_0003266.jpg,0,1,0
ISIC_0003269.jpg,0,1,0
ISIC_0003270.jpg,0,1,0
ISIC_0003271.jpg,0,1,0
ISIC_0003274.jpg,0,1,0
ISIC_0003275.jpg,0,1,0
ISIC_0003276.jpg,0,1,0
ISIC_0003277.jpg,0,1,0
ISIC_0003278.jpg,0,1,0
ISIC_0003279.jpg,0,1,0
ISIC_0003281.jpg,0,1,0
ISIC_0003282.jpg,0,1,0
ISIC_0003283.jpg,0,1,0
ISIC_0003287.jpg,0,1,0
ISIC_0003288.jpg,0,1,0
ISIC_0003289.jpg,0,1,0
ISIC_0003291.jpg,0,1,0
ISIC_0003292.jpg,0,1,0
ISIC_0003293.jpg,0,1,0
ISIC_0003294.jpg,0,1,0
ISIC_0003295.jpg,0,1,0
ISIC_0003297.jpg,0,1,0
ISIC_0003298.jpg,0,1,0
ISIC_0003301.jpg,0,1,0
ISIC_0003303.jpg,0,1,0
ISIC_0003304.jpg,0,1,0
ISIC_0003305.jpg,0,1,0
ISIC_0003307.jpg,0,1,0
ISIC_0003308.jpg,0,1,0
ISIC_0003310.jpg,0,1,0
ISIC_0003311.jpg,0,1,0
ISIC_0003312.jpg,0,1,0
ISIC_0003314.jpg,0,1,0
ISIC_0003316.jpg,0,1,0
ISIC_0003317.jpg,0,1,0
ISIC_0003320.jpg,0,1,0
ISIC_0003323.jpg,0,1,0
ISIC_0003324.jpg,0,1,0
ISIC_0003325.jpg,0,1,0
ISIC_0003328.jpg,0,1,0
ISIC_0003329.jpg,0,1,0
ISIC_0003330.jpg,0,1,0
ISIC_0003332.jpg,0,1,0
ISIC_0003333.jpg,0,1,0
ISIC_0003336.jpg,0,1,0
ISIC_0003338.jpg,0,1,0
ISIC_0003342.jpg,0,1,0
ISIC_0003344.jpg,0,1,0
ISIC_0003345.jpg,0,1,0
ISIC_0003346.jpg,0,1,0
ISIC_0003347.jpg,0,1,0
ISIC_0003348.jpg,0,1,0
ISIC_0003353.jpg,0,1,0
ISIC_0003356.jpg,0,1,0
ISIC_0003357.jpg,0,1,0
ISIC_0003358.jpg,0,1,0
ISIC_0003359.jpg,0,1,0
ISIC_0003362.jpg,0,1,0
ISIC_0003363.jpg,0,1,0
ISIC_0003366.jpg,0,1,0
ISIC_0003367.jpg,0,1,0
ISIC_0003368.jpg,0,1,0
ISIC_0003369.jpg,0,1,0
ISIC_0003370.jpg,0,1,0
ISIC_0003372.jpg,0,1,0
ISIC_0003373.jpg,0,1,0
ISIC_0003374.jpg,0,1,0
ISIC_0003375.jpg,0,1,0
ISIC_0003376.jpg,0,1,0
ISIC_0003377.jpg,0,1,0
ISIC_0003378.jpg,0,1,0
ISIC_0003380.jpg,0,1,0
ISIC_0003381.jpg,0,1,0
ISIC_0003382.jpg,0,1,0
ISIC_0003384.jpg,0,1,0
ISIC_0003386.jpg,0,1,0
ISIC_0003388.jpg,0,1,0
ISIC_0003389.jpg,0,1,0
ISIC_0003390.jpg,0,1,0
ISIC_0003391.jpg,0,1,0
ISIC_0003393.jpg,0,1,0
ISIC_0003395.jpg,0,1,0
ISIC_0003396.jpg,0,1,0
ISIC_0003397.jpg,0,1,0
ISIC_0003398.jpg,0,1,0
ISIC_0003399.jpg,0,1,0
ISIC_0003401.jpg,0,1,0
ISIC_0003402.jpg,0,1,0
ISIC_0003403.jpg,0,1,0
ISIC_0003406.jpg,0,1,0
ISIC_0003407.jpg,0,1,0
ISIC_0003409.jpg,0,1,0
ISIC_0003410.jpg,0,1,0
ISIC_0003411.jpg,0,1,0
ISIC_0003413.jpg,0,1,0
ISIC_0003415.jpg,0,1,0
ISIC_0003416.jpg,0,1,0
ISIC_0003417.jpg,0,1,0
ISIC_0003420.jpg,0,1,0
ISIC_0003421.jpg,0,1,0
ISIC_0003422.jpg,0,1,0
ISIC_0003424.jpg,0,1,0
ISIC_0003425.jpg,0,1,0
ISIC_0003427.jpg,0,1,0
ISIC_0003430.jpg,0,1,0
ISIC_0003431.jpg,0,1,0
ISIC_0003432.jpg,0,1,0
ISIC_0003434.jpg,0,1,0
ISIC_0003436.jpg,0,1,0
ISIC_0003437.jpg,0,1,0
ISIC_0003438.jpg,0,1,0
ISIC_0003440.jpg,0,1,0
ISIC_0003441.jpg,0,1,0
ISIC_0003444.jpg,0,1,0
ISIC_0003446.jpg,0,1,0
ISIC_0003448.jpg,0,1,0
ISIC_0003450.jpg,0,1,0
ISIC_0003452.jpg,0,1,0
ISIC_0003453.jpg,0,1,0
ISIC_0003454.jpg,0,1,0
ISIC_0003455.jpg,0,1,0
ISIC_0003457.jpg,0,1,0
ISIC_0003458.jpg,0,1,0
ISIC_0003459.jpg,0,1,0
ISIC_0003460.jpg,0,1,0
ISIC_0003463.jpg,0,1,0
ISIC_0003464.jpg,0,1,0
ISIC_0003467.jpg,0,1,0
ISIC_0003471.jpg,0,1,0
ISIC_0003472.jpg,0,1,0
ISIC_0003473.jpg,0,1,0
ISIC_0003474.jpg,0,1,0
ISIC_0003475.jpg,0,1,0
ISIC_0003477.jpg,0,1,0
ISIC_0003478.jpg,0,1,0
ISIC_0003480.jpg,0,1,0
ISIC_0003481.jpg,0,1,0
ISIC_0003482.jpg,0,1,0
ISIC_0003483.jpg,0,1,0
ISIC_0003484.jpg,0,1,0
ISIC_0003485.jpg,0,1,0
ISIC_0003487.jpg,0,1,0
ISIC_0003489.jpg,0,1,0
ISIC_0003490.jpg,0,1,0
ISIC_0003494.jpg,0,1,0
ISIC_0003495.jpg,0,1,0
ISIC_0003496.jpg,0,1,0
ISIC_0003497.jpg,0,1,0
ISIC_0003499.jpg,0,1,0
ISIC_0003500.jpg,0,1,0
ISIC_0003502.jpg,0,1,0
ISIC_0003503.jpg,0,1,0
ISIC_0003505.jpg,0,1,0
ISIC_0003506.jpg,0,1,0
ISIC_0003507.jpg,0,1,0
ISIC_0003509.jpg,0,1,0
ISIC_0003515.jpg,0,1,0
ISIC_0003516.jpg,0,1,0
ISIC_0003519.jpg,0,1,0
ISIC_0003521.jpg,0,1,0
ISIC_0003523.jpg,0,1,0
ISIC_0003524.jpg,0,1,0
ISIC_0003525.jpg,0,1,0
ISIC_0003526.jpg,0,1,0
ISIC_0003529.jpg,0,1,0
ISIC_0003530.jpg,0,1,0
ISIC_0003531.jpg,0,1,0
ISIC_0003532.jpg,0,1,0
ISIC_0003534.jpg,0,1,0
ISIC_0003535.jpg,0,1,0
ISIC_0003536.jpg,0,1,0
ISIC_0003537.jpg,0,1,0
ISIC_0003538.jpg,0,1,0
ISIC_0003540.jpg,0,1,0
ISIC_0003543.jpg,0,1,0
ISIC_0003544.jpg,0,1,0
ISIC_0003545.jpg,0,1,0
ISIC_0003546.jpg,0,1,0
ISIC_0003547.jpg,0,1,0
ISIC_0003551.jpg,0,1,0
ISIC_0003552.jpg,0,1,0
ISIC_0003553.jpg,0,1,0
ISIC_0003554.jpg,0,1,0
ISIC_0003557.jpg,0,1,0
ISIC_0003560.jpg,0,1,0
ISIC_0003561.jpg,0,1,0
ISIC_0003562.jpg,0,1,0
ISIC_0003563.jpg,0,1,0
ISIC_0003565.jpg,0,1,0
ISIC_0003566.jpg,0,1,0
ISIC_0003567.jpg,0,1,0
ISIC_0003568.jpg,0,1,0
ISIC_0003570.jpg,0,1,0
ISIC_0003572.jpg,0,1,0
ISIC_0003576.jpg,0,1,0
ISIC_0003579.jpg,0,1,0
ISIC_0003580.jpg,0,1,0
ISIC_0003581.jpg,0,1,0
ISIC_0003582.jpg,0,1,0
ISIC_0003583.jpg,0,1,0
ISIC_0003584.jpg,0,1,0
ISIC_0003585.jpg,0,1,0
ISIC_0003586.jpg,0,1,0
ISIC_0003587.jpg,0,1,0
ISIC_0003591.jpg,0,1,0
ISIC_0003593.jpg,0,1,0
ISIC_0003594.jpg,0,1,0
ISIC_0003597.jpg,0,1,0
ISIC_0003598.jpg,0,1,0
ISIC_0003600.jpg,0,1,0
ISIC_0003602.jpg,0,1,0
ISIC_0003603.jpg,0,1,0
ISIC_0003605.jpg,0,1,0
ISIC_0003608.jpg,0,1,0
ISIC_0003609.jpg,0,1,0
ISIC_0003610.jpg,0,1,0
ISIC_0003611.jpg,0,1,0
ISIC_0003612.jpg,0,1,0
ISIC_0003613.jpg,0,1,0
ISIC_0003614.jpg,0,1,0
ISIC_0003615.jpg,0,1,0
ISIC_0003616.jpg,0,1,0
ISIC_0003620.jpg,0,1,0
ISIC_0003621.jpg,0,1,0
ISIC_0003622.jpg,0,1,0
ISIC_0003626.jpg,0,1,0
ISIC_0003627.jpg,0,1,0
ISIC_0003630.jpg,0,1,0
ISIC_0003631.jpg,0,1,0
ISIC_0003632.jpg,0,1,0
ISIC_0003634.jpg,0,1,0
ISIC_0003635.jpg,0,1,0
ISIC_0003636.jpg,0,1,0
ISIC_0003637.jpg,0,1,0
ISIC_0003640.jpg,0,1,0
ISIC_0003641.jpg,0,1,0
ISIC_0003642.jpg,0,1,0
ISIC_0003643.jpg,0,1,0
ISIC_0003645.jpg,0,1,0
ISIC_0003646.jpg,0,1,0
ISIC_0003647.jpg,0,1,0
ISIC_0003652.jpg,0,1,0
ISIC_0003654.jpg,0,1,0
ISIC_0003655.jpg,0,1,0
ISIC_0003657.jpg,0,1,0
ISIC_0003660.jpg,0,1,0
ISIC_0003661.jpg,0,1,0
ISIC_0003662.jpg,0,1,0
ISIC_0003663.jpg,0,1,0
ISIC_0003664.jpg,0,1,0
ISIC_0003665.jpg,0,1,0
ISIC_0003666.jpg,0,1,0
ISIC_0003667.jpg,0,1,0
ISIC_0003668.jpg,0,1,0
ISIC_0003670.jpg,0,1,0
ISIC_0003671.jpg,0,1,0
ISIC_0003673.jpg,0,1,0
ISIC_0003675.jpg,0,1,0
ISIC_0003678.jpg,0,1,0
ISIC_0003679.jpg,0,1,0
ISIC_0003680.jpg,0,1,0
ISIC_0003681.jpg,0,1,0
ISIC_0003682.jpg,0,1,0
ISIC_0003684.jpg,0,1,0
ISIC_0003687.jpg,0,1,0
ISIC_0003689.jpg,0,1,0
ISIC_0003690.jpg,0,1,0
ISIC_0003691.jpg,0,1,0
ISIC_0003693.jpg,0,1,0
ISIC_0003698.jpg,0,1,0
ISIC_0003701.jpg,0,1,0
ISIC_0003702.jpg,0,1,0
ISIC_0003704.jpg,0,1,0
ISIC_0003706.jpg,0,1,0
ISIC_0003710.jpg,0,1,0
ISIC_0003711.jpg,0,1,0
ISIC_0003713.jpg,0,1,0
ISIC_0003714.jpg,0,1,0
ISIC_0003715.jpg,0,1,0
ISIC_0003716.jpg,0,1,0
ISIC_0003717.jpg,0,1,0
ISIC_0003718.jpg,0,1,0
ISIC_0003720.jpg,0,1,0
ISIC_0003721.jpg,0,1,0
ISIC_0003723.jpg,0,1,0
ISIC_0003725.jpg,0,1,0
ISIC_0003726.jpg,0,1,0
ISIC_0003730.jpg,0,1,0
ISIC_0003731.jpg,0,1,0
ISIC_0003732.jpg,0,1,0
ISIC_0003733.jpg,0,1,0
ISIC_0003735.jpg,0,1,0
ISIC_0003737.jpg,0,1,0
ISIC_0003740.jpg,0,1,0
ISIC_0003741.jpg,0,1,0
ISIC_0003743.jpg,0,1,0
ISIC_0003744.jpg,0,1,0
ISIC_0003745.jpg,0,1,0
ISIC_0003750.jpg,0,1,0
ISIC_0003752.jpg,0,1,0
ISIC_0003753.jpg,0,1,0
ISIC_0003756.jpg,0,1,0
ISIC_0003757.jpg,0,1,0
ISIC_0003758.jpg,0,1,0
ISIC_0003759.jpg,0,1,0
ISIC_0003760.jpg,0,1,0
ISIC_0003761.jpg,0,1,0
ISIC_0003764.jpg,0,1,0
ISIC_0003765.jpg,0,1,0
ISIC_0003767.jpg,0,1,0
ISIC_0003768.jpg,0,1,0
ISIC_0003769.jpg,0,1,0
ISIC_0003770.jpg,0,1,0
ISIC_0003774.jpg,0,1,0
ISIC_0003775.jpg,0,1,0
ISIC_0003778.jpg,0,1,0
ISIC_0003781.jpg,0,1,0
ISIC_0003782.jpg,0,1,0
ISIC_0003783.jpg,0,1,0
ISIC_0003784.jpg,0,1,0
ISIC_0003785.jpg,0,1,0
ISIC_0003787.jpg,0,1,0
ISIC_0003789.jpg,0,1,0
ISIC_0003790.jpg,0,1,0
ISIC_0003791.jpg,0,1,0
ISIC_0003792.jpg,0,1,0
ISIC_0003793.jpg,0,1,0
ISIC_0003794.jpg,0,1,0
ISIC_0003798.jpg,0,1,0
ISIC_0003800.jpg,0,1,0
ISIC_0003801.jpg,0,1,0
ISIC_0003803.jpg,0,1,0
ISIC_0003804.jpg,0,1,0
ISIC_0003806.jpg,0,1,0
ISIC_0003808.jpg,0,1,0
ISIC_0003809.jpg,0,1,0
ISIC_0003810.jpg,0,1,0
ISIC_0003811.jpg,0,1,0
ISIC_0003812.jpg,0,1,0
ISIC_0003813.jpg,0,1,0
ISIC_0003814.jpg,0,1,0
ISIC_0003815.jpg,0,1,0
ISIC_0003816.jpg,0,1,0
ISIC_0003817.jpg,0,1,0
ISIC_0003820.jpg,0,1,0
ISIC_0003821.jpg,0,1,0
ISIC_0003822.jpg,0,1,0
ISIC_0003824.jpg,0,1,0
ISIC_0003825.jpg,0,1,0
ISIC_0003826.jpg,0,1,0
ISIC_0003828.jpg,0,1,0
ISIC_0003829.jpg,0,1,0
ISIC_0003830.jpg,0,1,0
ISIC_0003831.jpg,0,1,0
ISIC_0003832.jpg,0,1,0
ISIC_0003833.jpg,0,1,0
ISIC_0003835.jpg,0,1,0
ISIC_0003836.jpg,0,1,0
ISIC_0003838.jpg,0,1,0
ISIC_0003840.jpg,0,1,0
ISIC_0003844.jpg,0,1,0
ISIC_0003845.jpg,0,1,0
ISIC_0003846.jpg,0,1,0
ISIC_0003848.jpg,0,1,0
ISIC_0003849.jpg,0,1,0
ISIC_0003850.jpg,0,1,0
ISIC_0003851.jpg,0,1,0
ISIC_0003852.jpg,0,1,0
ISIC_0003853.jpg,0,1,0
ISIC_0003855.jpg,0,1,0
ISIC_0003857.jpg,0,1,0
ISIC_0003859.jpg,0,1,0
ISIC_0003860.jpg,0,1,0
ISIC_0003861.jpg,0,1,0
ISIC_0003863.jpg,0,1,0
ISIC_0003864.jpg,0,1,0
ISIC_0003865.jpg,0,1,0
ISIC_0003866.jpg,0,1,0
ISIC_0003867.jpg,0,1,0
ISIC_0003868.jpg,0,1,0
ISIC_0003870.jpg,0,1,0
ISIC_0003871.jpg,0,1,0
ISIC_0003872.jpg,0,1,0
ISIC_0003873.jpg,0,1,0
ISIC_0003874.jpg,0,1,0
ISIC_0003875.jpg,0,1,0
ISIC_0003879.jpg,0,1,0
ISIC_0003881.jpg,0,1,0
ISIC_0003882.jpg,0,1,0
ISIC_0003883.jpg,0,1,0
ISIC_0003885.jpg,0,1,0
ISIC_0003887.jpg,0,1,0
ISIC_0003888.jpg,0,1,0
ISIC_0003889.jpg,0,1,0
ISIC_0003893.jpg,0,1,0
ISIC_0003894.jpg,0,1,0
ISIC_0003896.jpg,0,1,0
ISIC_0003898.jpg,0,1,0
ISIC_0003900.jpg,0,1,0
ISIC_0003901.jpg,0,1,0
ISIC_0003903.jpg,0,1,0
ISIC_0003904.jpg,0,1,0
ISIC_0003905.jpg,0,1,0
ISIC_0003906.jpg,0,1,0
ISIC_0003907.jpg,0,1,0
ISIC_0003908.jpg,0,1,0
ISIC_0003909.jpg,0,1,0
ISIC_0003910.jpg,0,1,0
ISIC_0003912.jpg,0,1,0
ISIC_0003915.jpg,0,1,0
ISIC_0003920.jpg,0,1,0
ISIC_0003921.jpg,0,1,0
ISIC_0003926.jpg,0,1,0
ISIC_0003927.jpg,0,1,0
ISIC_0003929.jpg,0,1,0
ISIC_0003930.jpg,0,1,0
ISIC_0003931.jpg,0,1,0
ISIC_0003933.jpg,0,1,0
ISIC_0003934.jpg,0,1,0
ISIC_0003936.jpg,0,1,0
ISIC_0003937.jpg,0,1,0
ISIC_0003938.jpg,0,1,0
ISIC_0003939.jpg,0,1,0
ISIC_0003940.jpg,0,1,0
ISIC_0003941.jpg,0,1,0
ISIC_0003945.jpg,0,1,0
ISIC_0003946.jpg,0,1,0
ISIC_0003947.jpg,0,1,0
ISIC_0003950.jpg,0,1,0
ISIC_0003951.jpg,0,1,0
ISIC_0003954.jpg,0,1,0
ISIC_0003956.jpg,0,1,0
ISIC_0003960.jpg,0,1,0
ISIC_0003961.jpg,0,1,0
ISIC_0003962.jpg,0,1,0
ISIC_0003963.jpg,0,1,0
ISIC_0003964.jpg,0,1,0
ISIC_0003966.jpg,0,1,0
ISIC_0003970.jpg,0,1,0
ISIC_0003977.jpg,0,1,0
ISIC_0003978.jpg,0,1,0
ISIC_0003979.jpg,0,1,0
ISIC_0003980.jpg,0,1,0
ISIC_0003981.jpg,0,1,0
ISIC_0003982.jpg,0,1,0
ISIC_0003983.jpg,0,1,0
ISIC_0003984.jpg,0,1,0
ISIC_0003986.jpg,0,1,0
ISIC_0003988.jpg,0,1,0
ISIC_0003989.jpg,0,1,0
ISIC_0003991.jpg,0,1,0
ISIC_0003995.jpg,0,1,0
ISIC_0003996.jpg,0,1,0
ISIC_0003997.jpg,0,1,0
ISIC_0003998.jpg,0,1,0
ISIC_0003999.jpg,0,1,0
ISIC_0004002.jpg,0,1,0
ISIC_0004004.jpg,0,1,0
ISIC_0004005.jpg,0,1,0
ISIC_0004006.jpg,0,1,0
ISIC_0004007.jpg,0,1,0
ISIC_0004010.jpg,0,1,0
ISIC_0004011.jpg,0,1,0
ISIC_0004013.jpg,0,1,0
ISIC_0004014.jpg,0,1,0
ISIC_0004016.jpg,0,1,0
ISIC_0004017.jpg,0,1,0
ISIC_0004019.jpg,0,1,0
ISIC_0004020.jpg,0,1,0
ISIC_0004023.jpg,0,1,0
ISIC_0004024.jpg,0,1,0
ISIC_0004025.jpg,0,1,0
ISIC_0004026.jpg,0,1,0
ISIC_0004028.jpg,0,1,0
ISIC_0004029.jpg,0,1,0
ISIC_0004030.jpg,0,1,0
ISIC_0004032.jpg,0,1,0
ISIC_0004033.jpg,0,1,0
ISIC_0004034.jpg,0,1,0
ISIC_0004035.jpg,0,1,0
ISIC_0004037.jpg,0,1,0
ISIC_0004039.jpg,0,1,0
ISIC_0004040.jpg,0,1,0
ISIC_0004042.jpg,0,1,0
ISIC_0004043.jpg,0,1,0
ISIC_0004044.jpg,0,1,0
ISIC_0004045.jpg,0,1,0
ISIC_0004046.jpg,0,1,0
ISIC_0004047.jpg,0,1,0
ISIC_0004050.jpg,0,1,0
ISIC_0004051.jpg,0,1,0
ISIC_0004053.jpg,0,1,0
ISIC_0004054.jpg,0,1,0
ISIC_0004058.jpg,0,1,0
ISIC_0004061.jpg,0,1,0
ISIC_0004062.jpg,0,1,0
ISIC_0004063.jpg,0,1,0
ISIC_0004064.jpg,0,1,0
ISIC_0004065.jpg,0,1,0
ISIC_0004066.jpg,0,1,0
ISIC_0004068.jpg,0,1,0
ISIC_0004070.jpg,0,1,0
ISIC_0004071.jpg,0,1,0
ISIC_0004072.jpg,0,1,0
ISIC_0004073.jpg,0,1,0
ISIC_0004074.jpg,0,1,0
ISIC_0004076.jpg,0,1,0
ISIC_0004077.jpg,0,1,0
ISIC_0004079.jpg,0,1,0
ISIC_0004080.jpg,0,1,0
ISIC_0004081.jpg,0,1,0
ISIC_0004083.jpg,0,1,0
ISIC_0004085.jpg,0,1,0
ISIC_0004086.jpg,0,1,0
ISIC_0004087.jpg,0,1,0
ISIC_0004088.jpg,0,1,0
ISIC_0004091.jpg,0,1,0
ISIC_0004092.jpg,0,1,0
ISIC_0004094.jpg,0,1,0
ISIC_0004098.jpg,0,1,0
ISIC_0004100.jpg,0,1,0
ISIC_0004107.jpg,0,1,0
ISIC_0004109.jpg,0,1,0
ISIC_0004110.jpg,0,1,0
ISIC_0004111.jpg,0,1,0
ISIC_0004112.jpg,0,1,0
ISIC_0004113.jpg,0,1,0
ISIC_0004114.jpg,0,1,0
ISIC_0004115.jpg,0,1,0
ISIC_0004116.jpg,0,1,0
ISIC_0004117.jpg,0,1,0
ISIC_0004119.jpg,0,1,0
ISIC_0004120.jpg,0,1,0
ISIC_0004122.jpg,0,1,0
ISIC_0004124.jpg,0,1,0
ISIC_0004125.jpg,0,1,0
ISIC_0004126.jpg,0,1,0
ISIC_0004127.jpg,0,1,0
ISIC_0004128.jpg,0,1,0
ISIC_0004129.jpg,0,1,0
ISIC_0004131.jpg,0,1,0
ISIC_0004132.jpg,0,1,0
ISIC_0004134.jpg,0,1,0
ISIC_0004136.jpg,0,1,0
ISIC_0004137.jpg,0,1,0
ISIC_0004139.jpg,0,1,0
ISIC_0004140.jpg,0,1,0
ISIC_0004141.jpg,0,1,0
ISIC_0004143.jpg,0,1,0
ISIC_0004147.jpg,0,1,0
ISIC_0004148.jpg,0,1,0
ISIC_0004149.jpg,0,1,0
ISIC_0004150.jpg,0,1,0
ISIC_0004152.jpg,0,1,0
ISIC_0004153.jpg,0,1,0
ISIC_0004154.jpg,0,1,0
ISIC_0004156.jpg,0,1,0
ISIC_0004158.jpg,0,1,0
ISIC_0004159.jpg,0,1,0
ISIC_0004161.jpg,0,1,0
ISIC_0004162.jpg,0,1,0
ISIC_0004164.jpg,0,1,0
ISIC_0004166.jpg,0,1,0
ISIC_0004168.jpg,0,1,0
ISIC_0004169.jpg,0,1,0
ISIC_0004170.jpg,0,1,0
ISIC_0004171.jpg,0,1,0
ISIC_0004172.jpg,0,1,0
ISIC_0004173.jpg,0,1,0
ISIC_0004174.jpg,0,1,0
ISIC_0004177.jpg,0,1,0
ISIC_0004180.jpg,0,1,0
ISIC_0004181.jpg,0,1,0
ISIC_0004186.jpg,0,1,0
ISIC_0004188.jpg,0,1,0
ISIC_0004192.jpg,0,1,0
ISIC_0004193.jpg,0,1,0
ISIC_0004195.jpg,0,1,0
ISIC_0004197.jpg,0,1,0
ISIC_0004198.jpg,0,1,0
ISIC_0004200.jpg,0,1,0
ISIC_0004203.jpg,0,1,0
ISIC_0004205.jpg,0,1,0
ISIC_0004208.jpg,0,1,0
ISIC_0004212.jpg,0,1,0
ISIC_0004215.jpg,0,1,0
ISIC_0004216.jpg,0,1,0
ISIC_0004217.jpg,0,1,0
ISIC_0004219.jpg,0,1,0
ISIC_0004220.jpg,0,1,0
ISIC_0004221.jpg,0,1,0
ISIC_0004222.jpg,0,1,0
ISIC_0004223.jpg,0,1,0
ISIC_0004224.jpg,0,1,0
ISIC_0004225.jpg,0,1,0
ISIC_0004227.jpg,0,1,0
ISIC_0004228.jpg,0,1,0
ISIC_0004230.jpg,0,1,0
ISIC_0004233.jpg,0,1,0
ISIC_0004234.jpg,0,1,0
ISIC_0004237.jpg,0,1,0
ISIC_0004239.jpg,0,1,0
ISIC_0004242.jpg,0,1,0
ISIC_0004244.jpg,0,1,0
ISIC_0004245.jpg,0,1,0
ISIC_0004249.jpg,0,1,0
ISIC_0004250.jpg,0,1,0
ISIC_0004251.jpg,0,1,0
ISIC_0004252.jpg,0,1,0
ISIC_0004253.jpg,0,1,0
ISIC_0004254.jpg,0,1,0
ISIC_0004257.jpg,0,1,0
ISIC_0004258.jpg,0,1,0
ISIC_0004262.jpg,0,1,0
ISIC_0004267.jpg,0,1,0
ISIC_0004268.jpg,0,1,0
ISIC_0004270.jpg,0,1,0
ISIC_0004271.jpg,0,1,0
ISIC_0004274.jpg,0,1,0
ISIC_0004275.jpg,0,1,0
ISIC_0004280.jpg,0,1,0
ISIC_0004282.jpg,0,1,0
ISIC_0004283.jpg,0,1,0
ISIC_0004284.jpg,0,1,0
ISIC_0004285.jpg,0,1,0
ISIC_0004287.jpg,0,1,0
ISIC_0004293.jpg,0,1,0
ISIC_0004294.jpg,0,1,0
ISIC_0004295.jpg,0,1,0
ISIC_0004296.jpg,0,1,0
ISIC_0004297.jpg,0,1,0
ISIC_0004300.jpg,0,1,0
ISIC_0004301.jpg,0,1,0
ISIC_0004302.jpg,0,1,0
ISIC_0004303.jpg,0,1,0
ISIC_0004307.jpg,0,1,0
ISIC_0004309.jpg,0,1,0
ISIC_0004310.jpg,0,1,0
ISIC_0004311.jpg,0,1,0
ISIC_0004312.jpg,0,1,0
ISIC_0004315.jpg,0,1,0
ISIC_0004316.jpg,0,1,0
ISIC_0004318.jpg,0,1,0
ISIC_0004320.jpg,0,1,0
ISIC_0004321.jpg,0,1,0
ISIC_0004322.jpg,0,1,0
ISIC_0004326.jpg,0,1,0
ISIC_0004327.jpg,0,1,0
ISIC_0004329.jpg,0,1,0
ISIC_0004330.jpg,0,1,0
ISIC_0004331.jpg,0,1,0
ISIC_0004332.jpg,0,1,0
ISIC_0004334.jpg,0,1,0
ISIC_0004335.jpg,0,1,0
ISIC_0004337.jpg,0,1,0
ISIC_0004339.jpg,0,1,0
ISIC_0004340.jpg,0,1,0
ISIC_0004341.jpg,0,1,0
ISIC_0004342.jpg,0,1,0
ISIC_0004343.jpg,0,1,0
ISIC_0004344.jpg,0,1,0
ISIC_0004348.jpg,0,1,0
ISIC_0004349.jpg,0,1,0
ISIC_0004350.jpg,0,1,0
ISIC_0004351.jpg,0,1,0
ISIC_0004355.jpg,0,1,0
ISIC_0004358.jpg,0,1,0
ISIC_0004359.jpg,0,1,0
ISIC_0004360.jpg,0,1,0
ISIC_0004362.jpg,0,1,0
ISIC_0004364.jpg,0,1,0
ISIC_0004365.jpg,0,1,0
ISIC_0004366.jpg,0,1,0
ISIC_0004367.jpg,0,1,0
ISIC_0004369.jpg,0,1,0
ISIC_0004370.jpg,0,1,0
ISIC_0004371.jpg,0,1,0
ISIC_0004372.jpg,0,1,0
ISIC_0004376.jpg,0,1,0
ISIC_0004378.jpg,0,1,0
ISIC_0004379.jpg,0,1,0
ISIC_0004381.jpg,0,1,0
ISIC_0004384.jpg,0,1,0
ISIC_0004386.jpg,0,1,0
ISIC_0004387.jpg,0,1,0
ISIC_0004390.jpg,0,1,0
ISIC_0004391.jpg,0,1,0
ISIC_0004392.jpg,0,1,0
ISIC_0004396.jpg,0,1,0
ISIC_0004397.jpg,0,1,0
ISIC_0004398.jpg,0,1,0
ISIC_0004400.jpg,0,1,0
ISIC_0004402.jpg,0,1,0
ISIC_0004404.jpg,0,1,0
ISIC_0004405.jpg,0,1,0
ISIC_0004406.jpg,0,1,0
ISIC_0004407.jpg,0,1,0
ISIC_0004410.jpg,0,1,0
ISIC_0004411.jpg,0,1,0
ISIC_0004412.jpg,0,1,0
ISIC_0004415.jpg,0,1,0
ISIC_0004416.jpg,0,1,0
ISIC_0004418.jpg,0,1,0
ISIC_0004421.jpg,0,1,0
ISIC_0004423.jpg,0,1,0
ISIC_0004424.jpg,0,1,0
ISIC_0004425.jpg,0,1,0
ISIC_0004427.jpg,0,1,0
ISIC_0004428.jpg,0,1,0
ISIC_0004429.jpg,0,1,0
ISIC_0004430.jpg,0,1,0
ISIC_0004431.jpg,0,1,0
ISIC_0004432.jpg,0,1,0
ISIC_0004434.jpg,0,1,0
ISIC_0004435.jpg,0,1,0
ISIC_0004436.jpg,0,1,0
ISIC_0004439.jpg,0,1,0
ISIC_0004441.jpg,0,1,0
ISIC_0004442.jpg,0,1,0
ISIC_0004444.jpg,0,1,0
ISIC_0004445.jpg,0,1,0
ISIC_0004447.jpg,0,1,0
ISIC_0004448.jpg,0,1,0
ISIC_0004449.jpg,0,1,0
ISIC_0004450.jpg,0,1,0
ISIC_0004451.jpg,0,1,0
ISIC_0004452.jpg,0,1,0
ISIC_0004453.jpg,0,1,0
ISIC_0004456.jpg,0,1,0
ISIC_0004457.jpg,0,1,0
ISIC_0004458.jpg,0,1,0
ISIC_0004462.jpg,0,1,0
ISIC_0004463.jpg,0,1,0
ISIC_0004464.jpg,0,1,0
ISIC_0004465.jpg,0,1,0
ISIC_0004467.jpg,0,1,0
ISIC_0004470.jpg,0,1,0
ISIC_0004471.jpg,0,1,0
ISIC_0004472.jpg,0,1,0
ISIC_0004473.jpg,0,1,0
ISIC_0004475.jpg,0,1,0
ISIC_0004476.jpg,0,1,0
ISIC_0004479.jpg,0,1,0
ISIC_0004480.jpg,0,1,0
ISIC_0004481.jpg,0,1,0
ISIC_0004482.jpg,0,1,0
ISIC_0004486.jpg,0,1,0
ISIC_0004488.jpg,0,1,0
ISIC_0004489.jpg,0,1,0
ISIC_0004491.jpg,0,1,0
ISIC_0004492.jpg,0,1,0
ISIC_0004493.jpg,0,1,0
ISIC_0004495.jpg,0,1,0
ISIC_0004497.jpg,0,1,0
ISIC_0004498.jpg,0,1,0
ISIC_0004501.jpg,0,1,0
ISIC_0004503.jpg,0,1,0
ISIC_0004507.jpg,0,1,0
ISIC_0004508.jpg,0,1,0
ISIC_0004510.jpg,0,1,0
ISIC_0004511.jpg,0,1,0
ISIC_0004512.jpg,0,1,0
ISIC_0004516.jpg,0,1,0
ISIC_0004519.jpg,0,1,0
ISIC_0004520.jpg,0,1,0
ISIC_0004521.jpg,0,1,0
ISIC_0004522.jpg,0,1,0
ISIC_0004523.jpg,0,1,0
ISIC_0004524.jpg,0,1,0
ISIC_0004525.jpg,0,1,0
ISIC_0004526.jpg,0,1,0
ISIC_0004527.jpg,0,1,0
ISIC_0004528.jpg,0,1,0
ISIC_0004530.jpg,0,1,0
ISIC_0004531.jpg,0,1,0
ISIC_0004532.jpg,0,1,0
ISIC_0004533.jpg,0,1,0
ISIC_0004534.jpg,0,1,0
ISIC_0004538.jpg,0,1,0
ISIC_0004543.jpg,0,1,0
ISIC_0004544.jpg,0,1,0
ISIC_0004551.jpg,0,1,0
ISIC_0004552.jpg,0,1,0
ISIC_0004554.jpg,0,1,0
ISIC_0004555.jpg,0,1,0
ISIC_0004557.jpg,0,1,0
ISIC_0004560.jpg,0,1,0
ISIC_0004563.jpg,0,1,0
ISIC_0004564.jpg,0,1,0
ISIC_0004565.jpg,0,1,0
ISIC_0004568.jpg,0,1,0
ISIC_0004569.jpg,0,1,0
ISIC_0004570.jpg,0,1,0
ISIC_0004572.jpg,0,1,0
ISIC_0004573.jpg,0,1,0
ISIC_0004574.jpg,0,1,0
ISIC_0004576.jpg,0,1,0
ISIC_0004577.jpg,0,1,0
ISIC_0004579.jpg,0,1,0
ISIC_0004581.jpg,0,1,0
ISIC_0004582.jpg,0,1,0
ISIC_0004583.jpg,0,1,0
ISIC_0004585.jpg,0,1,0
ISIC_0004587.jpg,0,1,0
ISIC_0004592.jpg,0,1,0
ISIC_0004593.jpg,0,1,0
ISIC_0004602.jpg,0,1,0
ISIC_0004605.jpg,0,1,0
ISIC_0004606.jpg,0,1,0
ISIC_0004609.jpg,0,1,0
ISIC_0004610.jpg,0,1,0
ISIC_0004611.jpg,0,1,0
ISIC_0004612.jpg,0,1,0
ISIC_0004613.jpg,0,1,0
ISIC_0004614.jpg,0,1,0
ISIC_0004615.jpg,0,1,0
ISIC_0004617.jpg,0,1,0
ISIC_0004618.jpg,0,1,0
ISIC_0004619.jpg,0,1,0
ISIC_0004624.jpg,0,1,0
ISIC_0004625.jpg,0,1,0
ISIC_0004630.jpg,0,1,0
ISIC_0004631.jpg,0,1,0
ISIC_0004633.jpg,0,1,0
ISIC_0004634.jpg,0,1,0
ISIC_0004639.jpg,0,1,0
ISIC_0004643.jpg,0,1,0
ISIC_0004644.jpg,0,1,0
ISIC_0004645.jpg,0,1,0
ISIC_0004648.jpg,0,1,0
ISIC_0004652.jpg,0,1,0
ISIC_0004653.jpg,0,1,0
ISIC_0004655.jpg,0,1,0
ISIC_0004656.jpg,0,1,0
ISIC_0004658.jpg,0,1,0
ISIC_0004663.jpg,0,1,0
ISIC_0004666.jpg,0,1,0
ISIC_0004667.jpg,0,1,0
ISIC_0004670.jpg,0,1,0
ISIC_0004671.jpg,0,1,0
ISIC_0004674.jpg,0,1,0
ISIC_0004675.jpg,0,1,0
ISIC_0004677.jpg,0,1,0
ISIC_0004679.jpg,0,1,0
ISIC_0004680.jpg,0,1,0
ISIC_0004682.jpg,0,1,0
ISIC_0004684.jpg,0,1,0
ISIC_0004685.jpg,0,1,0
ISIC_0004686.jpg,0,1,0
ISIC_0004688.jpg,0,1,0
ISIC_0004690.jpg,0,1,0
ISIC_0004691.jpg,0,1,0
ISIC_0004692.jpg,0,1,0
ISIC_0004696.jpg,0,1,0
ISIC_0004699.jpg,0,1,0
ISIC_0004701.jpg,0,1,0
ISIC_0004702.jpg,0,1,0
ISIC_0004704.jpg,0,1,0
ISIC_0004707.jpg,0,1,0
ISIC_0004708.jpg,0,1,0
ISIC_0004709.jpg,0,1,0
ISIC_0004713.jpg,0,1,0
ISIC_0004715.jpg,0,1,0
ISIC_0004717.jpg,0,1,0
ISIC_0004718.jpg,0,1,0
ISIC_0004721.jpg,0,1,0
ISIC_0004724.jpg,0,1,0
ISIC_0004726.jpg,0,1,0
ISIC_0004728.jpg,0,1,0
ISIC_0004729.jpg,0,1,0
ISIC_0004734.jpg,0,1,0
ISIC_0004735.jpg,0,1,0
ISIC_0004736.jpg,0,1,0
ISIC_0004737.jpg,0,1,0
ISIC_0004738.jpg,0,1,0
ISIC_0004740.jpg,0,1,0
ISIC_0004741.jpg,0,1,0
ISIC_0004742.jpg,0,1,0
ISIC_0004743.jpg,0,1,0
ISIC_0004744.jpg,0,1,0
ISIC_0004745.jpg,0,1,0
ISIC_0004747.jpg,0,1,0
ISIC_0004748.jpg,0,1,0
ISIC_0004749.jpg,0,1,0
ISIC_0004751.jpg,0,1,0
ISIC_0004752.jpg,0,1,0
ISIC_0004753.jpg,0,1,0
ISIC_0004754.jpg,0,1,0
ISIC_0004755.jpg,0,1,0
ISIC_0004756.jpg,0,1,0
ISIC_0004757.jpg,0,1,0
ISIC_0004758.jpg,0,1,0
ISIC_0004760.jpg,0,1,0
ISIC_0004761.jpg,0,1,0
ISIC_0004764.jpg,0,1,0
ISIC_0004765.jpg,0,1,0
ISIC_0004766.jpg,0,1,0
ISIC_0004767.jpg,0,1,0
ISIC_0004768.jpg,0,1,0
ISIC_0004770.jpg,0,1,0
ISIC_0004771.jpg,0,1,0
ISIC_0004774.jpg,0,1,0
ISIC_0004775.jpg,0,1,0
ISIC_0004776.jpg,0,1,0
ISIC_0004782.jpg,0,1,0
ISIC_0004783.jpg,0,1,0
ISIC_0004785.jpg,0,1,0
ISIC_0004786.jpg,0,1,0
ISIC_0004789.jpg,0,1,0
ISIC_0004790.jpg,0,1,0
ISIC_0004791.jpg,0,1,0
ISIC_0004792.jpg,0,1,0
ISIC_0004793.jpg,0,1,0
ISIC_0004794.jpg,0,1,0
ISIC_0004797.jpg,0,1,0
ISIC_0004798.jpg,0,1,0
ISIC_0004799.jpg,0,1,0
ISIC_0004800.jpg,0,1,0
ISIC_0004801.jpg,0,1,0
ISIC_0004802.jpg,0,1,0
ISIC_0004803.jpg,0,1,0
ISIC_0004807.jpg,0,1,0
ISIC_0004809.jpg,0,1,0
ISIC_0004811.jpg,0,1,0
ISIC_0004812.jpg,0,1,0
ISIC_0004813.jpg,0,1,0
ISIC_0004814.jpg,0,1,0
ISIC_0004818.jpg,0,1,0
ISIC_0004819.jpg,0,1,0
ISIC_0004822.jpg,0,1,0
ISIC_0004824.jpg,0,1,0
ISIC_0004825.jpg,0,1,0
ISIC_0004827.jpg,0,1,0
ISIC_0004828.jpg,0,1,0
ISIC_0004829.jpg,0,1,0
ISIC_0004830.jpg,0,1,0
ISIC_0004837.jpg,0,1,0
ISIC_0004840.jpg,0,1,0
ISIC_0004842.jpg,0,1,0
ISIC_0004843.jpg,0,1,0
ISIC_0004844.jpg,0,1,0
ISIC_0004845.jpg,0,1,0
ISIC_0004846.jpg,0,1,0
ISIC_0004852.jpg,0,1,0
ISIC_0004854.jpg,0,1,0
ISIC_0004855.jpg,0,1,0
ISIC_0004856.jpg,0,1,0
ISIC_0004858.jpg,0,1,0
ISIC_0004859.jpg,0,1,0
ISIC_0004860.jpg,0,1,0
ISIC_0004861.jpg,0,1,0
ISIC_0004862.jpg,0,1,0
ISIC_0004865.jpg,0,1,0
ISIC_0004867.jpg,0,1,0
ISIC_0004868.jpg,0,1,0
ISIC_0004872.jpg,0,1,0
ISIC_0004873.jpg,0,1,0
ISIC_0004874.jpg,0,1,0
ISIC_0004876.jpg,0,1,0
ISIC_0004877.jpg,0,1,0
ISIC_0004878.jpg,0,1,0
ISIC_0004879.jpg,0,1,0
ISIC_0004883.jpg,0,1,0
ISIC_0004884.jpg,0,1,0
ISIC_0004892.jpg,0,1,0
ISIC_0004893.jpg,0,1,0
ISIC_0004894.jpg,0,1,0
ISIC_0004896.jpg,0,1,0
ISIC_0004897.jpg,0,1,0
ISIC_0004898.jpg,0,1,0
ISIC_0004899.jpg,0,1,0
ISIC_0004900.jpg,0,1,0
ISIC_0004903.jpg,0,1,0
ISIC_0004904.jpg,0,1,0
ISIC_0004905.jpg,0,1,0
ISIC_0004906.jpg,0,1,0
ISIC_0004908.jpg,0,1,0
ISIC_0004910.jpg,0,1,0
ISIC_0004911.jpg,0,1,0
ISIC_0004913.jpg,0,1,0
ISIC_0004914.jpg,0,1,0
ISIC_0004915.jpg,0,1,0
ISIC_0004916.jpg,0,1,0
ISIC_0004918.jpg,0,1,0
ISIC_0004921.jpg,0,1,0
ISIC_0004922.jpg,0,1,0
ISIC_0004926.jpg,0,1,0
ISIC_0004929.jpg,0,1,0
ISIC_0004931.jpg,0,1,0
ISIC_0004932.jpg,0,1,0
ISIC_0004933.jpg,0,1,0
ISIC_0004934.jpg,0,1,0
ISIC_0004937.jpg,0,1,0
ISIC_0004938.jpg,0,1,0
ISIC_0004940.jpg,0,1,0
ISIC_0004941.jpg,0,1,0
ISIC_0004942.jpg,0,1,0
ISIC_0004943.jpg,0,1,0
ISIC_0004944.jpg,0,1,0
ISIC_0004945.jpg,0,1,0
ISIC_0004946.jpg,0,1,0
ISIC_0004947.jpg,0,1,0
ISIC_0004948.jpg,0,1,0
ISIC_0004949.jpg,0,1,0
ISIC_0004951.jpg,0,1,0
ISIC_0004953.jpg,0,1,0
ISIC_0004954.jpg,0,1,0
ISIC_0004957.jpg,0,1,0
ISIC_0004958.jpg,0,1,0
ISIC_0004959.jpg,0,1,0
ISIC_0004962.jpg,0,1,0
ISIC_0004965.jpg,0,1,0
ISIC_0004966.jpg,0,1,0
ISIC_0004969.jpg,0,1,0
ISIC_0004971.jpg,0,1,0
ISIC_0004972.jpg,0,1,0
ISIC_0004973.jpg,0,1,0
ISIC_0004974.jpg,0,1,0
ISIC_0004980.jpg,0,1,0
ISIC_0004982.jpg,0,1,0
ISIC_0004983.jpg,0,1,0
ISIC_0004984.jpg,0,1,0
ISIC_0004986.jpg,0,1,0
ISIC_0004987.jpg,0,1,0
ISIC_0004991.jpg,0,1,0
ISIC_0004992.jpg,0,1,0
ISIC_0004993.jpg,0,1,0
ISIC_0004994.jpg,0,1,0
ISIC_0004995.jpg,0,1,0
ISIC_0004996.jpg,0,1,0
ISIC_0004997.jpg,0,1,0
ISIC_0004998.jpg,0,1,0
ISIC_0004999.jpg,0,1,0
ISIC_0005000.jpg,0,1,0
ISIC_0005001.jpg,0,1,0
ISIC_0005002.jpg,0,1,0
ISIC_0005004.jpg,0,1,0
ISIC_0005006.jpg,0,1,0
ISIC_0005007.jpg,0,1,0
ISIC_0005008.jpg,0,1,0
ISIC_0005009.jpg,0,1,0
ISIC_0005012.jpg,0,1,0
ISIC_0005016.jpg,0,1,0
ISIC_0005018.jpg,0,1,0
ISIC_0005019.jpg,0,1,0
ISIC_0005023.jpg,0,1,0
ISIC_0005025.jpg,0,1,0
ISIC_0005026.jpg,0,1,0
ISIC_0005028.jpg,0,1,0
ISIC_0005030.jpg,0,1,0
ISIC_0005033.jpg,0,1,0
ISIC_0005034.jpg,0,1,0
ISIC_0005035.jpg,0,1,0
ISIC_0005037.jpg,0,1,0
ISIC_0005039.jpg,0,1,0
ISIC_0005040.jpg,0,1,0
ISIC_0005041.jpg,0,1,0
ISIC_0005042.jpg,0,1,0
ISIC_0005043.jpg,0,1,0
ISIC_0005045.jpg,0,1,0
ISIC_0005046.jpg,0,1,0
ISIC_0005048.jpg,0,1,0
ISIC_0005050.jpg,0,1,0
ISIC_0005051.jpg,0,1,0
ISIC_0005052.jpg,0,1,0
ISIC_0005054.jpg,0,1,0
ISIC_0005058.jpg,0,1,0
ISIC_0005062.jpg,0,1,0
ISIC_0005063.jpg,0,1,0
ISIC_0005064.jpg,0,1,0
ISIC_0005067.jpg,0,1,0
ISIC_0005068.jpg,0,1,0
ISIC_0005071.jpg,0,1,0
ISIC_0005072.jpg,0,1,0
ISIC_0005074.jpg,0,1,0
ISIC_0005075.jpg,0,1,0
ISIC_0005078.jpg,0,1,0
ISIC_0005079.jpg,0,1,0
ISIC_0005080.jpg,0,1,0
ISIC_0005081.jpg,0,1,0
ISIC_0005082.jpg,0,1,0
ISIC_0005085.jpg,0,1,0
ISIC_0005086.jpg,0,1,0
ISIC_0005090.jpg,0,1,0
ISIC_0005094.jpg,0,1,0
ISIC_0005096.jpg,0,1,0
ISIC_0005097.jpg,0,1,0
ISIC_0005098.jpg,0,1,0
ISIC_0005099.jpg,0,1,0
ISIC_0005100.jpg,0,1,0
ISIC_0005101.jpg,0,1,0
ISIC_0005105.jpg,0,1,0
ISIC_0005107.jpg,0,1,0
ISIC_0005108.jpg,0,1,0
ISIC_0005109.jpg,0,1,0
ISIC_0005111.jpg,0,1,0
ISIC_0005113.jpg,0,1,0
ISIC_0005114.jpg,0,1,0
ISIC_0005115.jpg,0,1,0
ISIC_0005116.jpg,0,1,0
ISIC_0005117.jpg,0,1,0
ISIC_0005118.jpg,0,1,0
ISIC_0005119.jpg,0,1,0
ISIC_0005121.jpg,0,1,0
ISIC_0005125.jpg,0,1,0
ISIC_0005127.jpg,0,1,0
ISIC_0005128.jpg,0,1,0
ISIC_0005129.jpg,0,1,0
ISIC_0005130.jpg,0,1,0
ISIC_0005131.jpg,0,1,0
ISIC_0005134.jpg,0,1,0
ISIC_0005135.jpg,0,1,0
ISIC_0005139.jpg,0,1,0
ISIC_0005140.jpg,0,1,0
ISIC_0005144.jpg,0,1,0
ISIC_0005145.jpg,0,1,0
ISIC_0005148.jpg,0,1,0
ISIC_0005150.jpg,0,1,0
ISIC_0005153.jpg,0,1,0
ISIC_0005154.jpg,0,1,0
ISIC_0005155.jpg,0,1,0
ISIC_0005156.jpg,0,1,0
ISIC_0005159.jpg,0,1,0
ISIC_0005161.jpg,0,1,0
ISIC_0005163.jpg,0,1,0
ISIC_0005164.jpg,0,1,0
ISIC_0005166.jpg,0,1,0
ISIC_0005169.jpg,0,1,0
ISIC_0005171.jpg,0,1,0
ISIC_0005172.jpg,0,1,0
ISIC_0005175.jpg,0,1,0
ISIC_0005176.jpg,0,1,0
ISIC_0005177.jpg,0,1,0
ISIC_0005178.jpg,0,1,0
ISIC_0005180.jpg,0,1,0
ISIC_0005181.jpg,0,1,0
ISIC_0005182.jpg,0,1,0
ISIC_0005183.jpg,0,1,0
ISIC_0005185.jpg,0,1,0
ISIC_0005186.jpg,0,1,0
ISIC_0005188.jpg,0,1,0
ISIC_0005193.jpg,0,1,0
ISIC_0005194.jpg,0,1,0
ISIC_0005198.jpg,0,1,0
ISIC_0005200.jpg,0,1,0
ISIC_0005201.jpg,0,1,0
ISIC_0005202.jpg,0,1,0
ISIC_0005203.jpg,0,1,0
ISIC_0005204.jpg,0,1,0
ISIC_0005205.jpg,0,1,0
ISIC_0005207.jpg,0,1,0
ISIC_0005208.jpg,0,1,0
ISIC_0005209.jpg,0,1,0
ISIC_0005211.jpg,0,1,0
ISIC_0005212.jpg,0,1,0
ISIC_0005213.jpg,0,1,0
ISIC_0005214.jpg,0,1,0
ISIC_0005216.jpg,0,1,0
ISIC_0005217.jpg,0,1,0
ISIC_0005218.jpg,0,1,0
ISIC_0005221.jpg,0,1,0
ISIC_0005223.jpg,0,1,0
ISIC_0005225.jpg,0,1,0
ISIC_0005227.jpg,0,1,0
ISIC_0005231.jpg,0,1,0
ISIC_0005234.jpg,0,1,0
ISIC_0005236.jpg,0,1,0
ISIC_0005238.jpg,0,1,0
ISIC_0005239.jpg,0,1,0
ISIC_0005241.jpg,0,1,0
ISIC_0005242.jpg,0,1,0
ISIC_0005245.jpg,0,1,0
ISIC_0005248.jpg,0,1,0
ISIC_0005250.jpg,0,1,0
ISIC_0005251.jpg,0,1,0
ISIC_0005252.jpg,0,1,0
ISIC_0005253.jpg,0,1,0
ISIC_0005254.jpg,0,1,0
ISIC_0005258.jpg,0,1,0
ISIC_0005259.jpg,0,1,0
ISIC_0005260.jpg,0,1,0
ISIC_0005261.jpg,0,1,0
ISIC_0005262.jpg,0,1,0
ISIC_0005264.jpg,0,1,0
ISIC_0005265.jpg,0,1,0
ISIC_0005266.jpg,0,1,0
ISIC_0005267.jpg,0,1,0
ISIC_0005270.jpg,0,1,0
ISIC_0005272.jpg,0,1,0
ISIC_0005273.jpg,0,1,0
ISIC_0005274.jpg,0,1,0
ISIC_0005277.jpg,0,1,0
ISIC_0005278.jpg,0,1,0
ISIC_0005279.jpg,0,1,0
ISIC_0005280.jpg,0,1,0
ISIC_0005281.jpg,0,1,0
ISIC_0005282.jpg,0,1,0
ISIC_0005283.jpg,0,1,0
ISIC_0005285.jpg,0,1,0
ISIC_0005290.jpg,0,1,0
ISIC_0005292.jpg,0,1,0
ISIC_0005293.jpg,0,1,0
ISIC_0005295.jpg,0,1,0
ISIC_0005297.jpg,0,1,0
ISIC_0005298.jpg,0,1,0
ISIC_0005299.jpg,0,1,0
ISIC_0005300.jpg,0,1,0
ISIC_0005304.jpg,0,1,0
ISIC_0005306.jpg,0,1,0
ISIC_0005307.jpg,0,1,0
ISIC_0005308.jpg,0,1,0
ISIC_0005310.jpg,0,1,0
ISIC_0005311.jpg,0,1,0
ISIC_0005315.jpg,0,1,0
ISIC_0005318.jpg,0,1,0
ISIC_0005319.jpg,0,1,0
ISIC_0005320.jpg,0,1,0
ISIC_0005321.jpg,0,1,0
ISIC_0005322.jpg,0,1,0
ISIC_0005324.jpg,0,1,0
ISIC_0005326.jpg,0,1,0
ISIC_0005329.jpg,0,1,0
ISIC_0005330.jpg,0,1,0
ISIC_0005331.jpg,0,1,0
ISIC_0005333.jpg,0,1,0
ISIC_0005334.jpg,0,1,0
ISIC_0005335.jpg,0,1,0
ISIC_0005336.jpg,0,1,0
ISIC_0005337.jpg,0,1,0
ISIC_0005342.jpg,0,1,0
ISIC_0005343.jpg,0,1,0
ISIC_0005344.jpg,0,1,0
ISIC_0005347.jpg,0,1,0
ISIC_0005350.jpg,0,1,0
ISIC_0005353.jpg,0,1,0
ISIC_0005356.jpg,0,1,0
ISIC_0005357.jpg,0,1,0
ISIC_0005359.jpg,0,1,0
ISIC_0005361.jpg,0,1,0
ISIC_0005362.jpg,0,1,0
ISIC_0005363.jpg,0,1,0
ISIC_0005366.jpg,0,1,0
ISIC_0005367.jpg,0,1,0
ISIC_0005368.jpg,0,1,0
ISIC_0005371.jpg,0,1,0
ISIC_0005373.jpg,0,1,0
ISIC_0005374.jpg,0,1,0
ISIC_0005377.jpg,0,1,0
ISIC_0005378.jpg,0,1,0
ISIC_0005379.jpg,0,1,0
ISIC_0005383.jpg,0,1,0
ISIC_0005384.jpg,0,1,0
ISIC_0005385.jpg,0,1,0
ISIC_0005391.jpg,0,1,0
ISIC_0005392.jpg,0,1,0
ISIC_0005394.jpg,0,1,0
ISIC_0005396.jpg,0,1,0
ISIC_0005397.jpg,0,1,0
ISIC_0005401.jpg,0,1,0
ISIC_0005402.jpg,0,1,0
ISIC_0005404.jpg,0,1,0
ISIC_0005406.jpg,0,1,0
ISIC_0005407.jpg,0,1,0
ISIC_0005408.jpg,0,1,0
ISIC_0005410.jpg,0,1,0
ISIC_0005411.jpg,0,1,0
ISIC_0005413.jpg,0,1,0
ISIC_0005414.jpg,0,1,0
ISIC_0005416.jpg,0,1,0
ISIC_0005417.jpg,0,1,0
ISIC_0005422.jpg,0,1,0
ISIC_0005424.jpg,0,1,0
ISIC_0005425.jpg,0,1,0
ISIC_0005427.jpg,0,1,0
ISIC_0005428.jpg,0,1,0
ISIC_0005432.jpg,0,1,0
ISIC_0005436.jpg,0,1,0
ISIC_0005437.jpg,0,1,0
ISIC_0005438.jpg,0,1,0
ISIC_0005439.jpg,0,1,0
ISIC_0005440.jpg,0,1,0
ISIC_0005441.jpg,0,1,0
ISIC_0005443.jpg,0,1,0
ISIC_0005444.jpg,0,1,0
ISIC_0005449.jpg,0,1,0
ISIC_0005450.jpg,0,1,0
ISIC_0005451.jpg,0,1,0
ISIC_0005452.jpg,0,1,0
ISIC_0005455.jpg,0,1,0
ISIC_0005459.jpg,0,1,0
ISIC_0005460.jpg,0,1,0
ISIC_0005461.jpg,0,1,0
ISIC_0005462.jpg,0,1,0
ISIC_0005463.jpg,0,1,0
ISIC_0005464.jpg,0,1,0
ISIC_0005465.jpg,0,1,0
ISIC_0005466.jpg,0,1,0
ISIC_0005467.jpg,0,1,0
ISIC_0005468.jpg,0,1,0
ISIC_0005469.jpg,0,1,0
ISIC_0005470.jpg,0,1,0
ISIC_0005472.jpg,0,1,0
ISIC_0005474.jpg,0,1,0
ISIC_0005475.jpg,0,1,0
ISIC_0005476.jpg,0,1,0
ISIC_0005477.jpg,0,1,0
ISIC_0005478.jpg,0,1,0
ISIC_0005479.jpg,0,1,0
ISIC_0005480.jpg,0,1,0
ISIC_0005481.jpg,0,1,0
ISIC_0005483.jpg,0,1,0
ISIC_0005486.jpg,0,1,0
ISIC_0005487.jpg,0,1,0
ISIC_0005488.jpg,0,1,0
ISIC_0005493.jpg,0,1,0
ISIC_0005494.jpg,0,1,0
ISIC_0005496.jpg,0,1,0
ISIC_0005497.jpg,0,1,0
ISIC_0005500.jpg,0,1,0
ISIC_0005501.jpg,0,1,0
ISIC_0005502.jpg,0,1,0
ISIC_0005503.jpg,0,1,0
ISIC_0005508.jpg,0,1,0
ISIC_0005509.jpg,0,1,0
ISIC_0005510.jpg,0,1,0
ISIC_0005513.jpg,0,1,0
ISIC_0005514.jpg,0,1,0
ISIC_0005517.jpg,0,1,0
ISIC_0005519.jpg,0,1,0
ISIC_0005521.jpg,0,1,0
ISIC_0005523.jpg,0,1,0
ISIC_0005524.jpg,0,1,0
ISIC_0005528.jpg,0,1,0
ISIC_0005529.jpg,0,1,0
ISIC_0005532.jpg,0,1,0
ISIC_0005533.jpg,0,1,0
ISIC_0005534.jpg,0,1,0
ISIC_0005535.jpg,0,1,0
ISIC_0005536.jpg,0,1,0
ISIC_0005537.jpg,0,1,0
ISIC_0005539.jpg,0,1,0
ISIC_0005540.jpg,0,1,0
ISIC_0005541.jpg,0,1,0
ISIC_0005543.jpg,0,1,0
ISIC_0005545.jpg,0,1,0
ISIC_0005548.jpg,0,1,0
ISIC_0005549.jpg,0,1,0
ISIC_0005550.jpg,0,1,0
ISIC_0005551.jpg,0,1,0
ISIC_0005556.jpg,0,1,0
ISIC_0005561.jpg,0,1,0
ISIC_0005563.jpg,0,1,0
ISIC_0005566.jpg,0,1,0
ISIC_0005567.jpg,0,1,0
ISIC_0005569.jpg,0,1,0
ISIC_0005571.jpg,0,1,0
ISIC_0005572.jpg,0,1,0
ISIC_0005573.jpg,0,1,0
ISIC_0005576.jpg,0,1,0
ISIC_0005578.jpg,0,1,0
ISIC_0005579.jpg,0,1,0
ISIC_0005580.jpg,0,1,0
ISIC_0005586.jpg,0,1,0
ISIC_0005590.jpg,0,1,0
ISIC_0005592.jpg,0,1,0
ISIC_0005593.jpg,0,1,0
ISIC_0005594.jpg,0,1,0
ISIC_0005595.jpg,0,1,0
ISIC_0005600.jpg,0,1,0
ISIC_0005605.jpg,0,1,0
ISIC_0005606.jpg,0,1,0
ISIC_0005607.jpg,0,1,0
ISIC_0005610.jpg,0,1,0
ISIC_0005611.jpg,0,1,0
ISIC_0005612.jpg,0,1,0
ISIC_0005616.jpg,0,1,0
ISIC_0005617.jpg,0,1,0
ISIC_0005618.jpg,0,1,0
ISIC_0005619.jpg,0,1,0
ISIC_0005621.jpg,0,1,0
ISIC_0005622.jpg,0,1,0
ISIC_0005623.jpg,0,1,0
ISIC_0005626.jpg,0,1,0
ISIC_0005627.jpg,0,1,0
ISIC_0005629.jpg,0,1,0
ISIC_0005630.jpg,0,1,0
ISIC_0005631.jpg,0,1,0
ISIC_0005632.jpg,0,1,0
ISIC_0005634.jpg,0,1,0
ISIC_0005639.jpg,0,1,0
ISIC_0005640.jpg,0,1,0
ISIC_0005641.jpg,0,1,0
ISIC_0005642.jpg,0,1,0
ISIC_0005643.jpg,0,1,0
ISIC_0005645.jpg,0,1,0
ISIC_0005648.jpg,0,1,0
ISIC_0005650.jpg,0,1,0
ISIC_0005653.jpg,0,1,0
ISIC_0005655.jpg,0,1,0
ISIC_0005657.jpg,0,1,0
ISIC_0005659.jpg,0,1,0
ISIC_0005665.jpg,0,1,0
ISIC_0005666.jpg,0,1,0
ISIC_0005669.jpg,0,1,0
ISIC_0005670.jpg,0,1,0
ISIC_0005671.jpg,0,1,0
ISIC_0005673.jpg,0,1,0
ISIC_0005674.jpg,0,1,0
ISIC_0005676.jpg,0,1,0
ISIC_0005677.jpg,0,1,0
ISIC_0005678.jpg,0,1,0
ISIC_0005683.jpg,0,1,0
ISIC_0005686.jpg,0,1,0
ISIC_0005687.jpg,0,1,0
ISIC_0005688.jpg,0,1,0
ISIC_0005689.jpg,0,1,0
ISIC_0005690.jpg,0,1,0
ISIC_0005691.jpg,0,1,0
ISIC_0005692.jpg,0,1,0
ISIC_0005693.jpg,0,1,0
ISIC_0005694.jpg,0,1,0
ISIC_0005695.jpg,0,1,0
ISIC_0005696.jpg,0,1,0
ISIC_0005698.jpg,0,1,0
ISIC_0005701.jpg,0,1,0
ISIC_0005702.jpg,0,1,0
ISIC_0005703.jpg,0,1,0
ISIC_0005704.jpg,0,1,0
ISIC_0005705.jpg,0,1,0
ISIC_0005707.jpg,0,1,0
ISIC_0005709.jpg,0,1,0
ISIC_0005710.jpg,0,1,0
ISIC_0005711.jpg,0,1,0
ISIC_0005712.jpg,0,1,0
ISIC_0005713.jpg,0,1,0
ISIC_0005719.jpg,0,1,0
ISIC_0005721.jpg,0,1,0
ISIC_0005723.jpg,0,1,0
ISIC_0005724.jpg,0,1,0
ISIC_0005725.jpg,0,1,0
ISIC_0005726.jpg,0,1,0
ISIC_0005727.jpg,0,1,0
ISIC_0005729.jpg,0,1,0
ISIC_0005730.jpg,0,1,0
ISIC_0005731.jpg,0,1,0
ISIC_0005732.jpg,0,1,0
ISIC_0005733.jpg,0,1,0
ISIC_0005736.jpg,0,1,0
ISIC_0005742.jpg,0,1,0
ISIC_0005743.jpg,0,1,0
ISIC_0005744.jpg,0,1,0
ISIC_0005745.jpg,0,1,0
ISIC_0005746.jpg,0,1,0
ISIC_0005747.jpg,0,1,0
ISIC_0005749.jpg,0,1,0
ISIC_0005751.jpg,0,1,0
ISIC_0005752.jpg,0,1,0
ISIC_0005753.jpg,0,1,0
ISIC_0005754.jpg,0,1,0
ISIC_0005755.jpg,0,1,0
ISIC_0005757.jpg,0,1,0
ISIC_0005758.jpg,0,1,0
ISIC_0005760.jpg,0,1,0
ISIC_0005761.jpg,0,1,0
ISIC_0005762.jpg,0,1,0
ISIC_0005765.jpg,0,1,0
ISIC_0005768.jpg,0,1,0
ISIC_0005771.jpg,0,1,0
ISIC_0005772.jpg,0,1,0
ISIC_0005773.jpg,0,1,0
ISIC_0005775.jpg,0,1,0
ISIC_0005776.jpg,0,1,0
ISIC_0005778.jpg,0,1,0
ISIC_0005780.jpg,0,1,0
ISIC_0005781.jpg,0,1,0
ISIC_0005784.jpg,0,1,0
ISIC_0005786.jpg,0,1,0
ISIC_0005787.jpg,0,1,0
ISIC_0005789.jpg,0,1,0
ISIC_0005791.jpg,0,1,0
ISIC_0005792.jpg,0,1,0
ISIC_0005794.jpg,0,1,0
ISIC_0005795.jpg,0,1,0
ISIC_0005796.jpg,0,1,0
ISIC_0005798.jpg,0,1,0
ISIC_0005799.jpg,0,1,0
ISIC_0005800.jpg,0,1,0
ISIC_0005801.jpg,0,1,0
ISIC_0005802.jpg,0,1,0
ISIC_0005803.jpg,0,1,0
ISIC_0005805.jpg,0,1,0
ISIC_0005806.jpg,0,1,0
ISIC_0005808.jpg,0,1,0
ISIC_0005810.jpg,0,1,0
ISIC_0005811.jpg,0,1,0
ISIC_0005813.jpg,0,1,0
ISIC_0005814.jpg,0,1,0
ISIC_0005816.jpg,0,1,0
ISIC_0005819.jpg,0,1,0
ISIC_0005820.jpg,0,1,0
ISIC_0005822.jpg,0,1,0
ISIC_0005823.jpg,0,1,0
ISIC_0005824.jpg,0,1,0
ISIC_0005825.jpg,0,1,0
ISIC_0005827.jpg,0,1,0
ISIC_0005828.jpg,0,1,0
ISIC_0005829.jpg,0,1,0
ISIC_0005830.jpg,0,1,0
ISIC_0005831.jpg,0,1,0
ISIC_0005834.jpg,0,1,0
ISIC_0005836.jpg,0,1,0
ISIC_0005837.jpg,0,1,0
ISIC_0005838.jpg,0,1,0
ISIC_0005839.jpg,0,1,0
ISIC_0005841.jpg,0,1,0
ISIC_0005842.jpg,0,1,0
ISIC_0005843.jpg,0,1,0
ISIC_0005844.jpg,0,1,0
ISIC_0005845.jpg,0,1,0
ISIC_0005847.jpg,0,1,0
ISIC_0005848.jpg,0,1,0
ISIC_0005849.jpg,0,1,0
ISIC_0005852.jpg,0,1,0
ISIC_0005854.jpg,0,1,0
ISIC_0005856.jpg,0,1,0
ISIC_0005857.jpg,0,1,0
ISIC_0005858.jpg,0,1,0
ISIC_0005859.jpg,0,1,0
ISIC_0005861.jpg,0,1,0
ISIC_0005864.jpg,0,1,0
ISIC_0005865.jpg,0,1,0
ISIC_0005866.jpg,0,1,0
ISIC_0005869.jpg,0,1,0
ISIC_0005870.jpg,0,1,0
ISIC_0005871.jpg,0,1,0
ISIC_0005872.jpg,0,1,0
ISIC_0005874.jpg,0,1,0
ISIC_0005875.jpg,0,1,0
ISIC_0005876.jpg,0,1,0
ISIC_0005878.jpg,0,1,0
ISIC_0005879.jpg,0,1,0
ISIC_0005881.jpg,0,1,0
ISIC_0005882.jpg,0,1,0
ISIC_0005883.jpg,0,1,0
ISIC_0005884.jpg,0,1,0
ISIC_0005885.jpg,0,1,0
ISIC_0005890.jpg,0,1,0
ISIC_0005891.jpg,0,1,0
ISIC_0005893.jpg,0,1,0
ISIC_0005894.jpg,0,1,0
ISIC_0005895.jpg,0,1,0
ISIC_0005896.jpg,0,1,0
ISIC_0005898.jpg,0,1,0
ISIC_0005899.jpg,0,1,0
ISIC_0005900.jpg,0,1,0
ISIC_0005901.jpg,0,1,0
ISIC_0005902.jpg,0,1,0
ISIC_0005903.jpg,0,1,0
ISIC_0005904.jpg,0,1,0
ISIC_0005906.jpg,0,1,0
ISIC_0005910.jpg,0,1,0
ISIC_0005911.jpg,0,1,0
ISIC_0005913.jpg,0,1,0
ISIC_0005915.jpg,0,1,0
ISIC_0005916.jpg,0,1,0
ISIC_0005917.jpg,0,1,0
ISIC_0005918.jpg,0,1,0
ISIC_0005919.jpg,0,1,0
ISIC_0005920.jpg,0,1,0
ISIC_0005921.jpg,0,1,0
ISIC_0005922.jpg,0,1,0
ISIC_0005923.jpg,0,1,0
ISIC_0005929.jpg,0,1,0
ISIC_0005930.jpg,0,1,0
ISIC_0005931.jpg,0,1,0
ISIC_0005932.jpg,0,1,0
ISIC_0005933.jpg,0,1,0
ISIC_0005934.jpg,0,1,0
ISIC_0005937.jpg,0,1,0
ISIC_0005939.jpg,0,1,0
ISIC_0005940.jpg,0,1,0
ISIC_0005941.jpg,0,1,0
ISIC_0005942.jpg,0,1,0
ISIC_0005943.jpg,0,1,0
ISIC_0005944.jpg,0,1,0
ISIC_0005945.jpg,0,1,0
ISIC_0005947.jpg,0,1,0
ISIC_0005949.jpg,0,1,0
ISIC_0005952.jpg,0,1,0
ISIC_0005953.jpg,0,1,0
ISIC_0005957.jpg,0,1,0
ISIC_0005958.jpg,0,1,0
ISIC_0005959.jpg,0,1,0
ISIC_0005961.jpg,0,1,0
ISIC_0005963.jpg,0,1,0
ISIC_0005965.jpg,0,1,0
ISIC_0005966.jpg,0,1,0
ISIC_0005972.jpg,0,1,0
ISIC_0005973.jpg,0,1,0
ISIC_0005976.jpg,0,1,0
ISIC_0005977.jpg,0,1,0
ISIC_0005978.jpg,0,1,0
ISIC_0005979.jpg,0,1,0
ISIC_0005980.jpg,0,1,0
ISIC_0005982.jpg,0,1,0
ISIC_0005983.jpg,0,1,0
ISIC_0005984.jpg,0,1,0
ISIC_0005987.jpg,0,1,0
ISIC_0005988.jpg,0,1,0
ISIC_0005989.jpg,0,1,0
ISIC_0005990.jpg,0,1,0
ISIC_0005991.jpg,0,1,0
ISIC_0005994.jpg,0,1,0
ISIC_0005996.jpg,0,1,0
ISIC_0005998.jpg,0,1,0
ISIC_0006003.jpg,0,1,0
ISIC_0006005.jpg,0,1,0
ISIC_0006006.jpg,0,1,0
ISIC_0006008.jpg,0,1,0
ISIC_0006010.jpg,0,1,0
ISIC_0006013.jpg,0,1,0
ISIC_0006014.jpg,0,1,0
ISIC_0006017.jpg,0,1,0
ISIC_0006018.jpg,0,1,0
ISIC_0006020.jpg,0,1,0
ISIC_0006021.jpg,0,1,0
ISIC_0006022.jpg,0,1,0
ISIC_0006023.jpg,0,1,0
ISIC_0006025.jpg,0,1,0
ISIC_0006026.jpg,0,1,0
ISIC_0006028.jpg,0,1,0
ISIC_0006030.jpg,0,1,0
ISIC_0006031.jpg,0,1,0
ISIC_0006035.jpg,0,1,0
ISIC_0006036.jpg,0,1,0
ISIC_0006038.jpg,0,1,0
ISIC_0006040.jpg,0,1,0
ISIC_0006041.jpg,0,1,0
ISIC_0006047.jpg,0,1,0
ISIC_0006048.jpg,0,1,0
ISIC_0006049.jpg,0,1,0
ISIC_0006050.jpg,0,1,0
ISIC_0006052.jpg,0,1,0
ISIC_0006054.jpg,0,1,0
ISIC_0006056.jpg,0,1,0
ISIC_0006057.jpg,0,1,0
ISIC_0006058.jpg,0,1,0
ISIC_0006059.jpg,0,1,0
ISIC_0006063.jpg,0,1,0
ISIC_0006066.jpg,0,1,0
ISIC_0006070.jpg,0,1,0
ISIC_0006072.jpg,0,1,0
ISIC_0006077.jpg,0,1,0
ISIC_0006078.jpg,0,1,0
ISIC_0006079.jpg,0,1,0
ISIC_0006080.jpg,0,1,0
ISIC_0006082.jpg,0,1,0
ISIC_0006085.jpg,0,1,0
ISIC_0006086.jpg,0,1,0
ISIC_0006087.jpg,0,1,0
ISIC_0006088.jpg,0,1,0
ISIC_0006090.jpg,0,1,0
ISIC_0006091.jpg,0,1,0
ISIC_0006092.jpg,0,1,0
ISIC_0006093.jpg,0,1,0
ISIC_0006095.jpg,0,1,0
ISIC_0006098.jpg,0,1,0
ISIC_0006099.jpg,0,1,0
ISIC_0006101.jpg,0,1,0
ISIC_0006103.jpg,0,1,0
ISIC_0006105.jpg,0,1,0
ISIC_0006109.jpg,0,1,0
ISIC_0006110.jpg,0,1,0
ISIC_0006113.jpg,0,1,0
ISIC_0006114.jpg,0,1,0
ISIC_0006116.jpg,0,1,0
ISIC_0006117.jpg,0,1,0
ISIC_0006119.jpg,0,1,0
ISIC_0006121.jpg,0,1,0
ISIC_0006122.jpg,0,1,0
ISIC_0006123.jpg,0,1,0
ISIC_0006126.jpg,0,1,0
ISIC_0006127.jpg,0,1,0
ISIC_0006129.jpg,0,1,0
ISIC_0006130.jpg,0,1,0
ISIC_0006135.jpg,0,1,0
ISIC_0006139.jpg,0,1,0
ISIC_0006140.jpg,0,1,0
ISIC_0006141.jpg,0,1,0
ISIC_0006144.jpg,0,1,0
ISIC_0006146.jpg,0,1,0
ISIC_0006147.jpg,0,1,0
ISIC_0006148.jpg,0,1,0
ISIC_0006149.jpg,0,1,0
ISIC_0006152.jpg,0,1,0
ISIC_0006154.jpg,0,1,0
ISIC_0006155.jpg,0,1,0
ISIC_0006156.jpg,0,1,0
ISIC_0006157.jpg,0,1,0
ISIC_0006158.jpg,0,1,0
ISIC_0006159.jpg,0,1,0
ISIC_0006161.jpg,0,1,0
ISIC_0006162.jpg,0,1,0
ISIC_0006165.jpg,0,1,0
ISIC_0006166.jpg,0,1,0
ISIC_0006171.jpg,0,1,0
ISIC_0006172.jpg,0,1,0
ISIC_0006173.jpg,0,1,0
ISIC_0006175.jpg,0,1,0
ISIC_0006176.jpg,0,1,0
ISIC_0006177.jpg,0,1,0
ISIC_0006178.jpg,0,1,0
ISIC_0006179.jpg,0,1,0
ISIC_0006180.jpg,0,1,0
ISIC_0006181.jpg,0,1,0
ISIC_0006186.jpg,0,1,0
ISIC_0006188.jpg,0,1,0
ISIC_0006189.jpg,0,1,0
ISIC_0006192.jpg,0,1,0
ISIC_0006194.jpg,0,1,0
ISIC_0006195.jpg,0,1,0
ISIC_0006196.jpg,0,1,0
ISIC_0006198.jpg,0,1,0
ISIC_0006199.jpg,0,1,0
ISIC_0006200.jpg,0,1,0
ISIC_0006201.jpg,0,1,0
ISIC_0006203.jpg,0,1,0
ISIC_0006204.jpg,0,1,0
ISIC_0006205.jpg,0,1,0
ISIC_0006207.jpg,0,1,0
ISIC_0006209.jpg,0,1,0
ISIC_0006210.jpg,0,1,0
ISIC_0006212.jpg,0,1,0
ISIC_0006213.jpg,0,1,0
ISIC_0006217.jpg,0,1,0
ISIC_0006218.jpg,0,1,0
ISIC_0006220.jpg,0,1,0
ISIC_0006221.jpg,0,1,0
ISIC_0006222.jpg,0,1,0
ISIC_0006223.jpg,0,1,0
ISIC_0006225.jpg,0,1,0
ISIC_0006226.jpg,0,1,0
ISIC_0006227.jpg,0,1,0
ISIC_0006228.jpg,0,1,0
ISIC_0006232.jpg,0,1,0
ISIC_0006233.jpg,0,1,0
ISIC_0006234.jpg,0,1,0
ISIC_0006235.jpg,0,1,0
ISIC_0006236.jpg,0,1,0
ISIC_0006238.jpg,0,1,0
ISIC_0006239.jpg,0,1,0
ISIC_0006240.jpg,0,1,0
ISIC_0006241.jpg,0,1,0
ISIC_0006243.jpg,0,1,0
ISIC_0006245.jpg,0,1,0
ISIC_0006247.jpg,0,1,0
ISIC_0006248.jpg,0,1,0
ISIC_0006249.jpg,0,1,0
ISIC_0006250.jpg,0,1,0
ISIC_0006251.jpg,0,1,0
ISIC_0006254.jpg,0,1,0
ISIC_0006255.jpg,0,1,0
ISIC_0006257.jpg,0,1,0
ISIC_0006258.jpg,0,1,0
ISIC_0006260.jpg,0,1,0
ISIC_0006265.jpg,0,1,0
ISIC_0006266.jpg,0,1,0
ISIC_0006269.jpg,0,1,0
ISIC_0006271.jpg,0,1,0
ISIC_0006275.jpg,0,1,0
ISIC_0006276.jpg,0,1,0
ISIC_0006280.jpg,0,1,0
ISIC_0006282.jpg,0,1,0
ISIC_0006284.jpg,0,1,0
ISIC_0006285.jpg,0,1,0
ISIC_0006287.jpg,0,1,0
ISIC_0006288.jpg,0,1,0
ISIC_0006289.jpg,0,1,0
ISIC_0006291.jpg,0,1,0
ISIC_0006292.jpg,0,1,0
ISIC_0006293.jpg,0,1,0
ISIC_0006294.jpg,0,1,0
ISIC_0006295.jpg,0,1,0
ISIC_0006296.jpg,0,1,0
ISIC_0006298.jpg,0,1,0
ISIC_0006303.jpg,0,1,0
ISIC_0006304.jpg,0,1,0
ISIC_0006306.jpg,0,1,0
ISIC_0006307.jpg,0,1,0
ISIC_0006309.jpg,0,1,0
ISIC_0006310.jpg,0,1,0
ISIC_0006312.jpg,0,1,0
ISIC_0006315.jpg,0,1,0
ISIC_0006318.jpg,0,1,0
ISIC_0006320.jpg,0,1,0
ISIC_0006321.jpg,0,1,0
ISIC_0006322.jpg,0,1,0
ISIC_0006323.jpg,0,1,0
ISIC_0006325.jpg,0,1,0
ISIC_0006328.jpg,0,1,0
ISIC_0006330.jpg,0,1,0
ISIC_0006331.jpg,0,1,0
ISIC_0006334.jpg,0,1,0
ISIC_0006335.jpg,0,1,0
ISIC_0006337.jpg,0,1,0
ISIC_0006338.jpg,0,1,0
ISIC_0006339.jpg,0,1,0
ISIC_0006341.jpg,0,1,0
ISIC_0006342.jpg,0,1,0
ISIC_0006343.jpg,0,1,0
ISIC_0006344.jpg,0,1,0
ISIC_0006345.jpg,0,1,0
ISIC_0006346.jpg,0,1,0
ISIC_0006347.jpg,0,1,0
ISIC_0006349.jpg,0,1,0
ISIC_0006351.jpg,0,1,0
ISIC_0006352.jpg,0,1,0
ISIC_0006353.jpg,0,1,0
ISIC_0006354.jpg,0,1,0
ISIC_0006356.jpg,0,1,0
ISIC_0006357.jpg,0,1,0
ISIC_0006358.jpg,0,1,0
ISIC_0006359.jpg,0,1,0
ISIC_0006360.jpg,0,1,0
ISIC_0006361.jpg,0,1,0
ISIC_0006363.jpg,0,1,0
ISIC_0006364.jpg,0,1,0
ISIC_0006365.jpg,0,1,0
ISIC_0006370.jpg,0,1,0
ISIC_0006371.jpg,0,1,0
ISIC_0006372.jpg,0,1,0
ISIC_0006373.jpg,0,1,0
ISIC_0006377.jpg,0,1,0
ISIC_0006379.jpg,0,1,0
ISIC_0006380.jpg,0,1,0
ISIC_0006381.jpg,0,1,0
ISIC_0006382.jpg,0,1,0
ISIC_0006383.jpg,0,1,0
ISIC_0006384.jpg,0,1,0
ISIC_0006385.jpg,0,1,0
ISIC_0006386.jpg,0,1,0
ISIC_0006389.jpg,0,1,0
ISIC_0006390.jpg,0,1,0
ISIC_0006392.jpg,0,1,0
ISIC_0006393.jpg,0,1,0
ISIC_0006394.jpg,0,1,0
ISIC_0006395.jpg,0,1,0
ISIC_0006397.jpg,0,1,0
ISIC_0006400.jpg,0,1,0
ISIC_0006401.jpg,0,1,0
ISIC_0006404.jpg,0,1,0
ISIC_0006406.jpg,0,1,0
ISIC_0006407.jpg,0,1,0
ISIC_0006408.jpg,0,1,0
ISIC_0006409.jpg,0,1,0
ISIC_0006410.jpg,0,1,0
ISIC_0006412.jpg,0,1,0
ISIC_0006413.jpg,0,1,0
ISIC_0006415.jpg,0,1,0
ISIC_0006416.jpg,0,1,0
ISIC_0006417.jpg,0,1,0
ISIC_0006418.jpg,0,1,0
ISIC_0006419.jpg,0,1,0
ISIC_0006420.jpg,0,1,0
ISIC_0006421.jpg,0,1,0
ISIC_0006423.jpg,0,1,0
ISIC_0006424.jpg,0,1,0
ISIC_0006426.jpg,0,1,0
ISIC_0006429.jpg,0,1,0
ISIC_0006431.jpg,0,1,0
ISIC_0006433.jpg,0,1,0
ISIC_0006434.jpg,0,1,0
ISIC_0006437.jpg,0,1,0
ISIC_0006438.jpg,0,1,0
ISIC_0006442.jpg,0,1,0
ISIC_0006444.jpg,0,1,0
ISIC_0006445.jpg,0,1,0
ISIC_0006446.jpg,0,1,0
ISIC_0006447.jpg,0,1,0
ISIC_0006448.jpg,0,1,0
ISIC_0006450.jpg,0,1,0
ISIC_0006452.jpg,0,1,0
ISIC_0006454.jpg,0,1,0
ISIC_0006456.jpg,0,1,0
ISIC_0006457.jpg,0,1,0
ISIC_0006459.jpg,0,1,0
ISIC_0006460.jpg,0,1,0
ISIC_0006461.jpg,0,1,0
ISIC_0006462.jpg,0,1,0
ISIC_0006463.jpg,0,1,0
ISIC_0006464.jpg,0,1,0
ISIC_0006465.jpg,0,1,0
ISIC_0006466.jpg,0,1,0
ISIC_0006469.jpg,0,1,0
ISIC_0006470.jpg,0,1,0
ISIC_0006471.jpg,0,1,0
ISIC_0006475.jpg,0,1,0
ISIC_0006476.jpg,0,1,0
ISIC_0006477.jpg,0,1,0
ISIC_0006478.jpg,0,1,0
ISIC_0006479.jpg,0,1,0
ISIC_0006481.jpg,0,1,0
ISIC_0006483.jpg,0,1,0
ISIC_0006485.jpg,0,1,0
ISIC_0006486.jpg,0,1,0
ISIC_0006489.jpg,0,1,0
ISIC_0006493.jpg,0,1,0
ISIC_0006494.jpg,0,1,0
ISIC_0006497.jpg,0,1,0
ISIC_0006498.jpg,0,1,0
ISIC_0006500.jpg,0,1,0
ISIC_0006501.jpg,0,1,0
ISIC_0006505.jpg,0,1,0
ISIC_0006507.jpg,0,1,0
ISIC_0006508.jpg,0,1,0
ISIC_0006509.jpg,0,1,0
ISIC_0006510.jpg,0,1,0
ISIC_0006511.jpg,0,1,0
ISIC_0006512.jpg,0,1,0
ISIC_0006514.jpg,0,1,0
ISIC_0006516.jpg,0,1,0
ISIC_0006517.jpg,0,1,0
ISIC_0006519.jpg,0,1,0
ISIC_0006520.jpg,0,1,0
ISIC_0006521.jpg,0,1,0
ISIC_0006522.jpg,0,1,0
ISIC_0006523.jpg,0,1,0
ISIC_0006524.jpg,0,1,0
ISIC_0006526.jpg,0,1,0
ISIC_0006527.jpg,0,1,0
ISIC_0006528.jpg,0,1,0
ISIC_0006529.jpg,0,1,0
ISIC_0006530.jpg,0,1,0
ISIC_0006531.jpg,0,1,0
ISIC_0006532.jpg,0,1,0
ISIC_0006533.jpg,0,1,0
ISIC_0006535.jpg,0,1,0
ISIC_0006536.jpg,0,1,0
ISIC_0006537.jpg,0,1,0
ISIC_0006539.jpg,0,1,0
ISIC_0006543.jpg,0,1,0
ISIC_0006545.jpg,0,1,0
ISIC_0006546.jpg,0,1,0
ISIC_0006549.jpg,0,1,0
ISIC_0006550.jpg,0,1,0
ISIC_0006551.jpg,0,1,0
ISIC_0006553.jpg,0,1,0
ISIC_0006555.jpg,0,1,0
ISIC_0006556.jpg,0,1,0
ISIC_0006561.jpg,0,1,0
ISIC_0006562.jpg,0,1,0
ISIC_0006563.jpg,0,1,0
ISIC_0006566.jpg,0,1,0
ISIC_0006567.jpg,0,1,0
ISIC_0006568.jpg,0,1,0
ISIC_0006570.jpg,0,1,0
ISIC_0006571.jpg,0,1,0
ISIC_0006573.jpg,0,1,0
ISIC_0006574.jpg,0,1,0
ISIC_0006575.jpg,0,1,0
ISIC_0006576.jpg,0,1,0
ISIC_0006578.jpg,0,1,0
ISIC_0006581.jpg,0,1,0
ISIC_0006583.jpg,0,1,0
ISIC_0006585.jpg,0,1,0
ISIC_0006586.jpg,0,1,0
ISIC_0006587.jpg,0,1,0
ISIC_0006588.jpg,0,1,0
ISIC_0006589.jpg,0,1,0
ISIC_0006591.jpg,0,1,0
ISIC_0006592.jpg,0,1,0
ISIC_0006593.jpg,0,1,0
ISIC_0006595.jpg,0,1,0
ISIC_0006596.jpg,0,1,0
ISIC_0006597.jpg,0,1,0
ISIC_0006598.jpg,0,1,0
ISIC_0006600.jpg,0,1,0
ISIC_0006601.jpg,0,1,0
ISIC_0006602.jpg,0,1,0
ISIC_0006603.jpg,0,1,0
ISIC_0006604.jpg,0,1,0
ISIC_0006606.jpg,0,1,0
ISIC_0006612.jpg,0,1,0
ISIC_0006616.jpg,0,1,0
ISIC_0006617.jpg,0,1,0
ISIC_0006618.jpg,0,1,0
ISIC_0006620.jpg,0,1,0
ISIC_0006621.jpg,0,1,0
ISIC_0006622.jpg,0,1,0
ISIC_0006623.jpg,0,1,0
ISIC_0006624.jpg,0,1,0
ISIC_0006625.jpg,0,1,0
ISIC_0006626.jpg,0,1,0
ISIC_0006630.jpg,0,1,0
ISIC_0006632.jpg,0,1,0
ISIC_0006634.jpg,0,1,0
ISIC_0006635.jpg,0,1,0
ISIC_0006636.jpg,0,1,0
ISIC_0006638.jpg,0,1,0
ISIC_0006640.jpg,0,1,0
ISIC_0006642.jpg,0,1,0
ISIC_0006643.jpg,0,1,0
ISIC_0006644.jpg,0,1,0
ISIC_0006645.jpg,0,1,0
ISIC_0006646.jpg,0,1,0
ISIC_0006647.jpg,0,1,0
ISIC_0006648.jpg,0,1,0
ISIC_0006649.jpg,0,1,0
ISIC_0006650.jpg,0,1,0
ISIC_0006652.jpg,0,1,0
ISIC_0006653.jpg,0,1,0
ISIC_0006655.jpg,0,1,0
ISIC_0006657.jpg,0,1,0
ISIC_0006658.jpg,0,1,0
ISIC_0006659.jpg,0,1,0
ISIC_0006660.jpg,0,1,0
ISIC_0006662.jpg,0,1,0
ISIC_0006663.jpg,0,1,0
ISIC_0006666.jpg,0,1,0
ISIC_0006669.jpg,0,1,0
ISIC_0006670.jpg,0,1,0
ISIC_0006671.jpg,0,1,0
ISIC_0006672.jpg,0,1,0
ISIC_0006677.jpg,0,1,0
ISIC_0006679.jpg,0,1,0
ISIC_0006680.jpg,0,1,0
ISIC_0006681.jpg,0,1,0
ISIC_0006685.jpg,0,1,0
ISIC_0006686.jpg,0,1,0
ISIC_0006690.jpg,0,1,0
ISIC_0006691.jpg,0,1,0
ISIC_0006692.jpg,0,1,0
ISIC_0006694.jpg,0,1,0
ISIC_0006695.jpg,0,1,0
ISIC_0006697.jpg,0,1,0
ISIC_0006698.jpg,0,1,0
ISIC_0006700.jpg,0,1,0
ISIC_0006701.jpg,0,1,0
ISIC_0006702.jpg,0,1,0
ISIC_0006709.jpg,0,1,0
ISIC_0006711.jpg,0,1,0
ISIC_0006713.jpg,0,1,0
ISIC_0006714.jpg,0,1,0
ISIC_0006716.jpg,0,1,0
ISIC_0006720.jpg,0,1,0
ISIC_0006721.jpg,0,1,0
ISIC_0006722.jpg,0,1,0
ISIC_0006723.jpg,0,1,0
ISIC_0006725.jpg,0,1,0
ISIC_0006726.jpg,0,1,0
ISIC_0006727.jpg,0,1,0
ISIC_0006728.jpg,0,1,0
ISIC_0006730.jpg,0,1,0
ISIC_0006732.jpg,0,1,0
ISIC_0006733.jpg,0,1,0
ISIC_0006734.jpg,0,1,0
ISIC_0006735.jpg,0,1,0
ISIC_0006736.jpg,0,1,0
ISIC_0006737.jpg,0,1,0
ISIC_0006738.jpg,0,1,0
ISIC_0006743.jpg,0,1,0
ISIC_0006747.jpg,0,1,0
ISIC_0006749.jpg,0,1,0
ISIC_0006751.jpg,0,1,0
ISIC_0006753.jpg,0,1,0
ISIC_0006754.jpg,0,1,0
ISIC_0006755.jpg,0,1,0
ISIC_0006756.jpg,0,1,0
ISIC_0006758.jpg,0,1,0
ISIC_0006759.jpg,0,1,0
ISIC_0006761.jpg,0,1,0
ISIC_0006762.jpg,0,1,0
ISIC_0006764.jpg,0,1,0
ISIC_0006765.jpg,0,1,0
ISIC_0006766.jpg,0,1,0
ISIC_0006769.jpg,0,1,0
ISIC_0006770.jpg,0,1,0
ISIC_0006771.jpg,0,1,0
ISIC_0006774.jpg,0,1,0
ISIC_0006776.jpg,0,1,0
ISIC_0006777.jpg,0,1,0
ISIC_0006780.jpg,0,1,0
ISIC_0006781.jpg,0,1,0
ISIC_0006782.jpg,0,1,0
ISIC_0006788.jpg,0,1,0
ISIC_0006789.jpg,0,1,0
ISIC_0006790.jpg,0,1,0
ISIC_0006791.jpg,0,1,0
ISIC_0006792.jpg,0,1,0
ISIC_0006793.jpg,0,1,0
ISIC_0006795.jpg,0,1,0
ISIC_0006796.jpg,0,1,0
ISIC_0006798.jpg,0,1,0
ISIC_0006799.jpg,0,1,0
ISIC_0006800.jpg,0,1,0
ISIC_0006801.jpg,0,1,0
ISIC_0006802.jpg,0,1,0
ISIC_0006803.jpg,0,1,0
ISIC_0006805.jpg,0,1,0
ISIC_0006807.jpg,0,1,0
ISIC_0006808.jpg,0,1,0
ISIC_0006809.jpg,0,1,0
ISIC_0006811.jpg,0,1,0
ISIC_0006812.jpg,0,1,0
ISIC_0006813.jpg,0,1,0
ISIC_0006814.jpg,0,1,0
ISIC_0006820.jpg,0,1,0
ISIC_0006822.jpg,0,1,0
ISIC_0006823.jpg,0,1,0
ISIC_0006826.jpg,0,1,0
ISIC_0006827.jpg,0,1,0
ISIC_0006828.jpg,0,1,0
ISIC_0006830.jpg,0,1,0
ISIC_0006832.jpg,0,1,0
ISIC_0006833.jpg,0,1,0
ISIC_0006834.jpg,0,1,0
ISIC_0006836.jpg,0,1,0
ISIC_0006837.jpg,0,1,0
ISIC_0006838.jpg,0,1,0
ISIC_0006839.jpg,0,1,0
ISIC_0006841.jpg,0,1,0
ISIC_0006842.jpg,0,1,0
ISIC_0006843.jpg,0,1,0
ISIC_0006844.jpg,0,1,0
ISIC_0006848.jpg,0,1,0
ISIC_0006849.jpg,0,1,0
ISIC_0006850.jpg,0,1,0
ISIC_0006852.jpg,0,1,0
ISIC_0006853.jpg,0,1,0
ISIC_0006854.jpg,0,1,0
ISIC_0006856.jpg,0,1,0
ISIC_0006858.jpg,0,1,0
ISIC_0006860.jpg,0,1,0
ISIC_0006862.jpg,0,1,0
ISIC_0006864.jpg,0,1,0
ISIC_0006866.jpg,0,1,0
ISIC_0006867.jpg,0,1,0
ISIC_0006869.jpg,0,1,0
ISIC_0006870.jpg,0,1,0
ISIC_0006871.jpg,0,1,0
ISIC_0006872.jpg,0,1,0
ISIC_0006873.jpg,0,1,0
ISIC_0006877.jpg,0,1,0
ISIC_0006879.jpg,0,1,0
ISIC_0006880.jpg,0,1,0
ISIC_0006881.jpg,0,1,0
ISIC_0006882.jpg,0,1,0
ISIC_0006884.jpg,0,1,0
ISIC_0006885.jpg,0,1,0
ISIC_0006889.jpg,0,1,0
ISIC_0006892.jpg,0,1,0
ISIC_0006893.jpg,0,1,0
ISIC_0006894.jpg,0,1,0
ISIC_0006895.jpg,0,1,0
ISIC_0006896.jpg,0,1,0
ISIC_0006898.jpg,0,1,0
ISIC_0006900.jpg,0,1,0
ISIC_0006901.jpg,0,1,0
ISIC_0006902.jpg,0,1,0
ISIC_0006905.jpg,0,1,0
ISIC_0006909.jpg,0,1,0
ISIC_0006912.jpg,0,1,0
ISIC_0006913.jpg,0,1,0
ISIC_0006914.jpg,0,1,0
ISIC_0006915.jpg,0,1,0
ISIC_0006917.jpg,0,1,0
ISIC_0006918.jpg,0,1,0
ISIC_0006924.jpg,0,1,0
ISIC_0006925.jpg,0,1,0
ISIC_0006926.jpg,0,1,0
ISIC_0006927.jpg,0,1,0
ISIC_0006928.jpg,0,1,0
ISIC_0006929.jpg,0,1,0
ISIC_0006930.jpg,0,1,0
ISIC_0006931.jpg,0,1,0
ISIC_0006932.jpg,0,1,0
ISIC_0006935.jpg,0,1,0
ISIC_0006936.jpg,0,1,0
ISIC_0006938.jpg,0,1,0
ISIC_0006939.jpg,0,1,0
ISIC_0006944.jpg,0,1,0
ISIC_0006945.jpg,0,1,0
ISIC_0006946.jpg,0,1,0
ISIC_0006948.jpg,0,1,0
ISIC_0006950.jpg,0,1,0
ISIC_0006951.jpg,0,1,0
ISIC_0006952.jpg,0,1,0
ISIC_0006953.jpg,0,1,0
ISIC_0006956.jpg,0,1,0
ISIC_0006959.jpg,0,1,0
ISIC_0006961.jpg,0,1,0
ISIC_0006962.jpg,0,1,0
ISIC_0006964.jpg,0,1,0
ISIC_0006967.jpg,0,1,0
ISIC_0006968.jpg,0,1,0
ISIC_0006970.jpg,0,1,0
ISIC_0006979.jpg,0,1,0
ISIC_0006980.jpg,0,1,0
ISIC_0006981.jpg,0,1,0
ISIC_0006985.jpg,0,1,0
ISIC_0006986.jpg,0,1,0
ISIC_0006988.jpg,0,1,0
ISIC_0006989.jpg,0,1,0
ISIC_0006990.jpg,0,1,0
ISIC_0006991.jpg,0,1,0
ISIC_0006992.jpg,0,1,0
ISIC_0006993.jpg,0,1,0
ISIC_0006994.jpg,0,1,0
ISIC_0006996.jpg,0,1,0
ISIC_0006997.jpg,0,1,0
ISIC_0006998.jpg,0,1,0
ISIC_0006999.jpg,0,1,0
ISIC_0007000.jpg,0,1,0
ISIC_0007001.jpg,0,1,0
ISIC_0007002.jpg,0,1,0
ISIC_0007003.jpg,0,1,0
ISIC_0007006.jpg,0,1,0
ISIC_0007007.jpg,0,1,0
ISIC_0007008.jpg,0,1,0
ISIC_0007011.jpg,0,1,0
ISIC_0007014.jpg,0,1,0
ISIC_0007015.jpg,0,1,0
ISIC_0007018.jpg,0,1,0
ISIC_0007020.jpg,0,1,0
ISIC_0007022.jpg,0,1,0
ISIC_0007024.jpg,0,1,0
ISIC_0007025.jpg,0,1,0
ISIC_0007026.jpg,0,1,0
ISIC_0007027.jpg,0,1,0
ISIC_0007028.jpg,0,1,0
ISIC_0007030.jpg,0,1,0
ISIC_0007031.jpg,0,1,0
ISIC_0007032.jpg,0,1,0
ISIC_0007034.jpg,0,1,0
ISIC_0007035.jpg,0,1,0
ISIC_0007039.jpg,0,1,0
ISIC_0007040.jpg,0,1,0
ISIC_0007041.jpg,0,1,0
ISIC_0007042.jpg,0,1,0
ISIC_0007043.jpg,0,1,0
ISIC_0007044.jpg,0,1,0
ISIC_0007045.jpg,0,1,0
ISIC_0007048.jpg,0,1,0
ISIC_0007049.jpg,0,1,0
ISIC_0007052.jpg,0,1,0
ISIC_0007055.jpg,0,1,0
ISIC_0007056.jpg,0,1,0
ISIC_0007058.jpg,0,1,0
ISIC_0007059.jpg,0,1,0
ISIC_0007060.jpg,0,1,0
ISIC_0007062.jpg,0,1,0
ISIC_0007063.jpg,0,1,0
ISIC_0007065.jpg,0,1,0
ISIC_0007066.jpg,0,1,0
ISIC_0007067.jpg,0,1,0
ISIC_0007068.jpg,0,1,0
ISIC_0007071.jpg,0,1,0
ISIC_0007072.jpg,0,1,0
ISIC_0007073.jpg,0,1,0
ISIC_0007075.jpg,0,1,0
ISIC_0007076.jpg,0,1,0
ISIC_0007077.jpg,0,1,0
ISIC_0007078.jpg,0,1,0
ISIC_0007079.jpg,0,1,0
ISIC_0007080.jpg,0,1,0
ISIC_0007081.jpg,0,1,0
ISIC_0007083.jpg,0,1,0
ISIC_0007084.jpg,0,1,0
ISIC_0007085.jpg,0,1,0
ISIC_0007087.jpg,0,1,0
ISIC_0007088.jpg,0,1,0
ISIC_0007090.jpg,0,1,0
ISIC_0007092.jpg,0,1,0
ISIC_0007094.jpg,0,1,0
ISIC_0007097.jpg,0,1,0
ISIC_0007098.jpg,0,1,0
ISIC_0007099.jpg,0,1,0
ISIC_0007100.jpg,0,1,0
ISIC_0007102.jpg,0,1,0
ISIC_0007103.jpg,0,1,0
ISIC_0007104.jpg,0,1,0
ISIC_0007105.jpg,0,1,0
ISIC_0007106.jpg,0,1,0
ISIC_0007109.jpg,0,1,0
ISIC_0007111.jpg,0,1,0
ISIC_0007113.jpg,0,1,0
ISIC_0007114.jpg,0,1,0
ISIC_0007118.jpg,0,1,0
ISIC_0007119.jpg,0,1,0
ISIC_0007121.jpg,0,1,0
ISIC_0007122.jpg,0,1,0
ISIC_0007123.jpg,0,1,0
ISIC_0007124.jpg,0,1,0
ISIC_0007127.jpg,0,1,0
ISIC_0007131.jpg,0,1,0
ISIC_0007133.jpg,0,1,0
ISIC_0007134.jpg,0,1,0
ISIC_0007135.jpg,0,1,0
ISIC_0007137.jpg,0,1,0
ISIC_0007138.jpg,0,1,0
ISIC_0007139.jpg,0,1,0
ISIC_0007140.jpg,0,1,0
ISIC_0007143.jpg,0,1,0
ISIC_0007145.jpg,0,1,0
ISIC_0007146.jpg,0,1,0
ISIC_0007148.jpg,0,1,0
ISIC_0007149.jpg,0,1,0
ISIC_0007150.jpg,0,1,0
ISIC_0007151.jpg,0,1,0
ISIC_0007153.jpg,0,1,0
ISIC_0007156.jpg,0,1,0
ISIC_0007157.jpg,0,1,0
ISIC_0007158.jpg,0,1,0
ISIC_0007159.jpg,0,1,0
ISIC_0007162.jpg,0,1,0
ISIC_0007163.jpg,0,1,0
ISIC_0007165.jpg,0,1,0
ISIC_0007166.jpg,0,1,0
ISIC_0007167.jpg,0,1,0
ISIC_0007168.jpg,0,1,0
ISIC_0007169.jpg,0,1,0
ISIC_0007170.jpg,0,1,0
ISIC_0007171.jpg,0,1,0
ISIC_0007172.jpg,0,1,0
ISIC_0007174.jpg,0,1,0
ISIC_0007175.jpg,0,1,0
ISIC_0007176.jpg,0,1,0
ISIC_0007177.jpg,0,1,0
ISIC_0007178.jpg,0,1,0
ISIC_0007179.jpg,0,1,0
ISIC_0007180.jpg,0,1,0
ISIC_0007183.jpg,0,1,0
ISIC_0007184.jpg,0,1,0
ISIC_0007186.jpg,0,1,0
ISIC_0007187.jpg,0,1,0
ISIC_0007188.jpg,0,1,0
ISIC_0007189.jpg,0,1,0
ISIC_0007190.jpg,0,1,0
ISIC_0007192.jpg,0,1,0
ISIC_0007193.jpg,0,1,0
ISIC_0007194.jpg,0,1,0
ISIC_0007195.jpg,0,1,0
ISIC_0007198.jpg,0,1,0
ISIC_0007199.jpg,0,1,0
ISIC_0007200.jpg,0,1,0
ISIC_0007201.jpg,0,1,0
ISIC_0007202.jpg,0,1,0
ISIC_0007204.jpg,0,1,0
ISIC_0007205.jpg,0,1,0
ISIC_0007206.jpg,0,1,0
ISIC_0007208.jpg,0,1,0
ISIC_0007209.jpg,0,1,0
ISIC_0007210.jpg,0,1,0
ISIC_0007212.jpg,0,1,0
ISIC_0007213.jpg,0,1,0
ISIC_0007215.jpg,0,1,0
ISIC_0007217.jpg,0,1,0
ISIC_0007218.jpg,0,1,0
ISIC_0007222.jpg,0,1,0
ISIC_0007223.jpg,0,1,0
ISIC_0007224.jpg,0,1,0
ISIC_0007225.jpg,0,1,0
ISIC_0007226.jpg,0,1,0
ISIC_0007227.jpg,0,1,0
ISIC_0007228.jpg,0,1,0
ISIC_0007230.jpg,0,1,0
ISIC_0007232.jpg,0,1,0
ISIC_0007235.jpg,0,1,0
ISIC_0007236.jpg,0,1,0
ISIC_0007237.jpg,0,1,0
ISIC_0007238.jpg,0,1,0
ISIC_0007241.jpg,0,1,0
ISIC_0007242.jpg,0,1,0
ISIC_0007243.jpg,0,1,0
ISIC_0007244.jpg,0,1,0
ISIC_0007246.jpg,0,1,0
ISIC_0007247.jpg,0,1,0
ISIC_0007248.jpg,0,1,0
ISIC_0007249.jpg,0,1,0
ISIC_0007250.jpg,0,1,0
ISIC_0007251.jpg,0,1,0
ISIC_0007252.jpg,0,1,0
ISIC_0007253.jpg,0,1,0
ISIC_0007254.jpg,0,1,0
ISIC_0007256.jpg,0,1,0
ISIC_0007258.jpg,0,1,0
ISIC_0007259.jpg,0,1,0
ISIC_0007260.jpg,0,1,0
ISIC_0007261.jpg,0,1,0
ISIC_0007262.jpg,0,1,0
ISIC_0007264.jpg,0,1,0
ISIC_0007265.jpg,0,1,0
ISIC_0007267.jpg,0,1,0
ISIC_0007271.jpg,0,1,0
ISIC_0007272.jpg,0,1,0
ISIC_0007276.jpg,0,1,0
ISIC_0007277.jpg,0,1,0
ISIC_0007278.jpg,0,1,0
ISIC_0007280.jpg,0,1,0
ISIC_0007281.jpg,0,1,0
ISIC_0007283.jpg,0,1,0
ISIC_0007285.jpg,0,1,0
ISIC_0007286.jpg,0,1,0
ISIC_0007288.jpg,0,1,0
ISIC_0007289.jpg,0,1,0
ISIC_0007292.jpg,0,1,0
ISIC_0007293.jpg,0,1,0
ISIC_0007294.jpg,0,1,0
ISIC_0007296.jpg,0,1,0
ISIC_0007299.jpg,0,1,0
ISIC_0007305.jpg,0,1,0
ISIC_0007306.jpg,0,1,0
ISIC_0007307.jpg,0,1,0
ISIC_0007308.jpg,0,1,0
ISIC_0007309.jpg,0,1,0
ISIC_0007311.jpg,0,1,0
ISIC_0007312.jpg,0,1,0
ISIC_0007313.jpg,0,1,0
ISIC_0007314.jpg,0,1,0
ISIC_0007318.jpg,0,1,0
ISIC_0007320.jpg,0,1,0
ISIC_0007321.jpg,0,1,0
ISIC_0007325.jpg,0,1,0
ISIC_0007327.jpg,0,1,0
ISIC_0007328.jpg,0,1,0
ISIC_0007330.jpg,0,1,0
ISIC_0007331.jpg,0,1,0
ISIC_0007332.jpg,0,1,0
ISIC_0007333.jpg,0,1,0
ISIC_0007334.jpg,0,1,0
ISIC_0007335.jpg,0,1,0
ISIC_0007336.jpg,0,1,0
ISIC_0007337.jpg,0,1,0
ISIC_0007339.jpg,0,1,0
ISIC_0007340.jpg,0,1,0
ISIC_0007341.jpg,0,1,0
ISIC_0007342.jpg,0,1,0
ISIC_0007343.jpg,0,1,0
ISIC_0007344.jpg,0,1,0
ISIC_0007345.jpg,0,1,0
ISIC_0007346.jpg,0,1,0
ISIC_0007348.jpg,0,1,0
ISIC_0007349.jpg,0,1,0
ISIC_0007352.jpg,0,1,0
ISIC_0007353.jpg,0,1,0
ISIC_0007354.jpg,0,1,0
ISIC_0007355.jpg,0,1,0
ISIC_0007362.jpg,0,1,0
ISIC_0007363.jpg,0,1,0
ISIC_0007364.jpg,0,1,0
ISIC_0007365.jpg,0,1,0
ISIC_0007366.jpg,0,1,0
ISIC_0007367.jpg,0,1,0
ISIC_0007368.jpg,0,1,0
ISIC_0007369.jpg,0,1,0
ISIC_0007370.jpg,0,1,0
ISIC_0007371.jpg,0,1,0
ISIC_0007373.jpg,0,1,0
ISIC_0007376.jpg,0,1,0
ISIC_0007377.jpg,0,1,0
ISIC_0007378.jpg,0,1,0
ISIC_0007379.jpg,0,1,0
ISIC_0007381.jpg,0,1,0
ISIC_0007382.jpg,0,1,0
ISIC_0007384.jpg,0,1,0
ISIC_0007385.jpg,0,1,0
ISIC_0007386.jpg,0,1,0
ISIC_0007387.jpg,0,1,0
ISIC_0007392.jpg,0,1,0
ISIC_0007393.jpg,0,1,0
ISIC_0007394.jpg,0,1,0
ISIC_0007396.jpg,0,1,0
ISIC_0007398.jpg,0,1,0
ISIC_0007399.jpg,0,1,0
ISIC_0007400.jpg,0,1,0
ISIC_0007402.jpg,0,1,0
ISIC_0007403.jpg,0,1,0
ISIC_0007405.jpg,0,1,0
ISIC_0007409.jpg,0,1,0
ISIC_0007413.jpg,0,1,0
ISIC_0007415.jpg,0,1,0
ISIC_0007418.jpg,0,1,0
ISIC_0007421.jpg,0,1,0
ISIC_0007422.jpg,0,1,0
ISIC_0007423.jpg,0,1,0
ISIC_0007425.jpg,0,1,0
ISIC_0007426.jpg,0,1,0
ISIC_0007430.jpg,0,1,0
ISIC_0007433.jpg,0,1,0
ISIC_0007434.jpg,0,1,0
ISIC_0007435.jpg,0,1,0
ISIC_0007436.jpg,0,1,0
ISIC_0007437.jpg,0,1,0
ISIC_0007438.jpg,0,1,0
ISIC_0007440.jpg,0,1,0
ISIC_0007441.jpg,0,1,0
ISIC_0007442.jpg,0,1,0
ISIC_0007448.jpg,0,1,0
ISIC_0007449.jpg,0,1,0
ISIC_0007450.jpg,0,1,0
ISIC_0007451.jpg,0,1,0
ISIC_0007452.jpg,0,1,0
ISIC_0007453.jpg,0,1,0
ISIC_0007454.jpg,0,1,0
ISIC_0007458.jpg,0,1,0
ISIC_0007459.jpg,0,1,0
ISIC_0007460.jpg,0,1,0
ISIC_0007461.jpg,0,1,0
ISIC_0007464.jpg,0,1,0
ISIC_0007465.jpg,0,1,0
ISIC_0007471.jpg,0,1,0
ISIC_0007472.jpg,0,1,0
ISIC_0007473.jpg,0,1,0
ISIC_0007476.jpg,0,1,0
ISIC_0007478.jpg,0,1,0
ISIC_0007483.jpg,0,1,0
ISIC_0007484.jpg,0,1,0
ISIC_0007485.jpg,0,1,0
ISIC_0007488.jpg,0,1,0
ISIC_0007491.jpg,0,1,0
ISIC_0007492.jpg,0,1,0
ISIC_0007493.jpg,0,1,0
ISIC_0007494.jpg,0,1,0
ISIC_0007495.jpg,0,1,0
ISIC_0007497.jpg,0,1,0
ISIC_0007498.jpg,0,1,0
ISIC_0007499.jpg,0,1,0
ISIC_0007500.jpg,0,1,0
ISIC_0007501.jpg,0,1,0
ISIC_0007502.jpg,0,1,0
ISIC_0007504.jpg,0,1,0
ISIC_0007505.jpg,0,1,0
ISIC_0007506.jpg,0,1,0
ISIC_0007507.jpg,0,1,0
ISIC_0007508.jpg,0,1,0
ISIC_0007509.jpg,0,1,0
ISIC_0007511.jpg,0,1,0
ISIC_0007512.jpg,0,1,0
ISIC_0007514.jpg,0,1,0
ISIC_0007516.jpg,0,1,0
ISIC_0007518.jpg,0,1,0
ISIC_0007521.jpg,0,1,0
ISIC_0007522.jpg,0,1,0
ISIC_0007524.jpg,0,1,0
ISIC_0007528.jpg,0,1,0
ISIC_0007529.jpg,0,1,0
ISIC_0007530.jpg,0,1,0
ISIC_0007533.jpg,0,1,0
ISIC_0007534.jpg,0,1,0
ISIC_0007535.jpg,0,1,0
ISIC_0007536.jpg,0,1,0
ISIC_0007537.jpg,0,1,0
ISIC_0007539.jpg,0,1,0
ISIC_0007541.jpg,0,1,0
ISIC_0007542.jpg,0,1,0
ISIC_0007544.jpg,0,1,0
ISIC_0007545.jpg,0,1,0
ISIC_0007546.jpg,0,1,0
ISIC_0007547.jpg,0,1,0
ISIC_0007549.jpg,0,1,0
ISIC_0007550.jpg,0,1,0
ISIC_0007552.jpg,0,1,0
ISIC_0007553.jpg,0,1,0
ISIC_0007554.jpg,0,1,0
ISIC_0007558.jpg,0,1,0
ISIC_0007559.jpg,0,1,0
ISIC_0007560.jpg,0,1,0
ISIC_0007563.jpg,0,1,0
ISIC_0007564.jpg,0,1,0
ISIC_0007566.jpg,0,1,0
ISIC_0007567.jpg,0,1,0
ISIC_0007568.jpg,0,1,0
ISIC_0007570.jpg,0,1,0
ISIC_0007571.jpg,0,1,0
ISIC_0007573.jpg,0,1,0
ISIC_0007574.jpg,0,1,0
ISIC_0007576.jpg,0,1,0
ISIC_0007578.jpg,0,1,0
ISIC_0007579.jpg,0,1,0
ISIC_0007580.jpg,0,1,0
ISIC_0007583.jpg,0,1,0
ISIC_0007585.jpg,0,1,0
ISIC_0007587.jpg,0,1,0
ISIC_0007588.jpg,0,1,0
ISIC_0007589.jpg,0,1,0
ISIC_0007590.jpg,0,1,0
ISIC_0007591.jpg,0,1,0
ISIC_0007594.jpg,0,1,0
ISIC_0007595.jpg,0,1,0
ISIC_0007596.jpg,0,1,0
ISIC_0007597.jpg,0,1,0
ISIC_0007599.jpg,0,1,0
ISIC_0007600.jpg,0,1,0
ISIC_0007602.jpg,0,1,0
ISIC_0007603.jpg,0,1,0
ISIC_0007605.jpg,0,1,0
ISIC_0007607.jpg,0,1,0
ISIC_0007608.jpg,0,1,0
ISIC_0007610.jpg,0,1,0
ISIC_0007611.jpg,0,1,0
ISIC_0007614.jpg,0,1,0
ISIC_0007615.jpg,0,1,0
ISIC_0007617.jpg,0,1,0
ISIC_0007618.jpg,0,1,0
ISIC_0007619.jpg,0,1,0
ISIC_0007620.jpg,0,1,0
ISIC_0007621.jpg,0,1,0
ISIC_0007622.jpg,0,1,0
ISIC_0007623.jpg,0,1,0
ISIC_0007625.jpg,0,1,0
ISIC_0007627.jpg,0,1,0
ISIC_0007628.jpg,0,1,0
ISIC_0007629.jpg,0,1,0
ISIC_0007630.jpg,0,1,0
ISIC_0007631.jpg,0,1,0
ISIC_0007633.jpg,0,1,0
ISIC_0007634.jpg,0,1,0
ISIC_0007635.jpg,0,1,0
ISIC_0007638.jpg,0,1,0
ISIC_0007639.jpg,0,1,0
ISIC_0007640.jpg,0,1,0
ISIC_0007641.jpg,0,1,0
ISIC_0007642.jpg,0,1,0
ISIC_0007643.jpg,0,1,0
ISIC_0007645.jpg,0,1,0
ISIC_0007646.jpg,0,1,0
ISIC_0007648.jpg,0,1,0
ISIC_0007649.jpg,0,1,0
ISIC_0007651.jpg,0,1,0
ISIC_0007652.jpg,0,1,0
ISIC_0007654.jpg,0,1,0
ISIC_0007655.jpg,0,1,0
ISIC_0007658.jpg,0,1,0
ISIC_0007659.jpg,0,1,0
ISIC_0007665.jpg,0,1,0
ISIC_0007667.jpg,0,1,0
ISIC_0007669.jpg,0,1,0
ISIC_0007670.jpg,0,1,0
ISIC_0007672.jpg,0,1,0
ISIC_0007674.jpg,0,1,0
ISIC_0007675.jpg,0,1,0
ISIC_0007679.jpg,0,1,0
ISIC_0007682.jpg,0,1,0
ISIC_0007683.jpg,0,1,0
ISIC_0007685.jpg,0,1,0
ISIC_0007686.jpg,0,1,0
ISIC_0007687.jpg,0,1,0
ISIC_0007689.jpg,0,1,0
ISIC_0007690.jpg,0,1,0
ISIC_0007691.jpg,0,1,0
ISIC_0007692.jpg,0,1,0
ISIC_0007695.jpg,0,1,0
ISIC_0007697.jpg,0,1,0
ISIC_0007700.jpg,0,1,0
ISIC_0007702.jpg,0,1,0
ISIC_0007703.jpg,0,1,0
ISIC_0007704.jpg,0,1,0
ISIC_0007705.jpg,0,1,0
ISIC_0007706.jpg,0,1,0
ISIC_0007707.jpg,0,1,0
ISIC_0007708.jpg,0,1,0
ISIC_0007710.jpg,0,1,0
ISIC_0007711.jpg,0,1,0
ISIC_0007712.jpg,0,1,0
ISIC_0007713.jpg,0,1,0
ISIC_0007718.jpg,0,1,0
ISIC_0007719.jpg,0,1,0
ISIC_0007720.jpg,0,1,0
ISIC_0007722.jpg,0,1,0
ISIC_0007724.jpg,0,1,0
ISIC_0007727.jpg,0,1,0
ISIC_0007729.jpg,0,1,0
ISIC_0007730.jpg,0,1,0
ISIC_0007732.jpg,0,1,0
ISIC_0007734.jpg,0,1,0
ISIC_0007736.jpg,0,1,0
ISIC_0007737.jpg,0,1,0
ISIC_0007739.jpg,0,1,0
ISIC_0007740.jpg,0,1,0
ISIC_0007742.jpg,0,1,0
ISIC_0007744.jpg,0,1,0
ISIC_0007747.jpg,0,1,0
ISIC_0007748.jpg,0,1,0
ISIC_0007749.jpg,0,1,0
ISIC_0007751.jpg,0,1,0
ISIC_0007753.jpg,0,1,0
ISIC_0007754.jpg,0,1,0
ISIC_0007756.jpg,0,1,0
ISIC_0007757.jpg,0,1,0
ISIC_0007759.jpg,0,1,0
ISIC_0007763.jpg,0,1,0
ISIC_0007764.jpg,0,1,0
ISIC_0007769.jpg,0,1,0
ISIC_0007771.jpg,0,1,0
ISIC_0007772.jpg,0,1,0
ISIC_0007773.jpg,0,1,0
ISIC_0007774.jpg,0,1,0
ISIC_0007775.jpg,0,1,0
ISIC_0007776.jpg,0,1,0
ISIC_0007777.jpg,0,1,0
ISIC_0007778.jpg,0,1,0
ISIC_0007779.jpg,0,1,0
ISIC_0007783.jpg,0,1,0
ISIC_0007784.jpg,0,1,0
ISIC_0007786.jpg,0,1,0
ISIC_0007787.jpg,0,1,0
ISIC_0007789.jpg,0,1,0
ISIC_0007790.jpg,0,1,0
ISIC_0007791.jpg,0,1,0
ISIC_0007793.jpg,0,1,0
ISIC_0007800.jpg,0,1,0
ISIC_0007801.jpg,0,1,0
ISIC_0007804.jpg,0,1,0
ISIC_0007806.jpg,0,1,0
ISIC_0007808.jpg,0,1,0
ISIC_0007809.jpg,0,1,0
ISIC_0007812.jpg,0,1,0
ISIC_0007813.jpg,0,1,0
ISIC_0007818.jpg,0,1,0
ISIC_0007819.jpg,0,1,0
ISIC_0007820.jpg,0,1,0
ISIC_0007821.jpg,0,1,0
ISIC_0007822.jpg,0,1,0
ISIC_0007823.jpg,0,1,0
ISIC_0007825.jpg,0,1,0
ISIC_0007830.jpg,0,1,0
ISIC_0007831.jpg,0,1,0
ISIC_0007832.jpg,0,1,0
ISIC_0007834.jpg,0,1,0
ISIC_0007836.jpg,0,1,0
ISIC_0007837.jpg,0,1,0
ISIC_0007838.jpg,0,1,0
ISIC_0007839.jpg,0,1,0
ISIC_0007840.jpg,0,1,0
ISIC_0007841.jpg,0,1,0
ISIC_0007842.jpg,0,1,0
ISIC_0007843.jpg,0,1,0
ISIC_0007848.jpg,0,1,0
ISIC_0007849.jpg,0,1,0
ISIC_0007850.jpg,0,1,0
ISIC_0007852.jpg,0,1,0
ISIC_0007854.jpg,0,1,0
ISIC_0007855.jpg,0,1,0
ISIC_0007856.jpg,0,1,0
ISIC_0007858.jpg,0,1,0
ISIC_0007859.jpg,0,1,0
ISIC_0007860.jpg,0,1,0
ISIC_0007862.jpg,0,1,0
ISIC_0007864.jpg,0,1,0
ISIC_0007865.jpg,0,1,0
ISIC_0007866.jpg,0,1,0
ISIC_0007867.jpg,0,1,0
ISIC_0007870.jpg,0,1,0
ISIC_0007871.jpg,0,1,0
ISIC_0007872.jpg,0,1,0
ISIC_0007873.jpg,0,1,0
ISIC_0007874.jpg,0,1,0
ISIC_0007875.jpg,0,1,0
ISIC_0007876.jpg,0,1,0
ISIC_0007879.jpg,0,1,0
ISIC_0007882.jpg,0,1,0
ISIC_0007883.jpg,0,1,0
ISIC_0007884.jpg,0,1,0
ISIC_0007885.jpg,0,1,0
ISIC_0007887.jpg,0,1,0
ISIC_0007889.jpg,0,1,0
ISIC_0007891.jpg,0,1,0
ISIC_0007893.jpg,0,1,0
ISIC_0007894.jpg,0,1,0
ISIC_0007895.jpg,0,1,0
ISIC_0007899.jpg,0,1,0
ISIC_0007900.jpg,0,1,0
ISIC_0007902.jpg,0,1,0
ISIC_0007903.jpg,0,1,0
ISIC_0007904.jpg,0,1,0
ISIC_0007905.jpg,0,1,0
ISIC_0007907.jpg,0,1,0
ISIC_0007908.jpg,0,1,0
ISIC_0007909.jpg,0,1,0
ISIC_0007910.jpg,0,1,0
ISIC_0007911.jpg,0,1,0
ISIC_0007912.jpg,0,1,0
ISIC_0007913.jpg,0,1,0
ISIC_0007914.jpg,0,1,0
ISIC_0007916.jpg,0,1,0
ISIC_0007919.jpg,0,1,0
ISIC_0007922.jpg,0,1,0
ISIC_0007925.jpg,0,1,0
ISIC_0007926.jpg,0,1,0
ISIC_0007927.jpg,0,1,0
ISIC_0007928.jpg,0,1,0
ISIC_0007931.jpg,0,1,0
ISIC_0007934.jpg,0,1,0
ISIC_0007936.jpg,0,1,0
ISIC_0007937.jpg,0,1,0
ISIC_0007938.jpg,0,1,0
ISIC_0007941.jpg,0,1,0
ISIC_0007943.jpg,0,1,0
ISIC_0007944.jpg,0,1,0
ISIC_0007948.jpg,0,1,0
ISIC_0007949.jpg,0,1,0
ISIC_0007950.jpg,0,1,0
ISIC_0007952.jpg,0,1,0
ISIC_0007953.jpg,0,1,0
ISIC_0007954.jpg,0,1,0
ISIC_0007955.jpg,0,1,0
ISIC_0007956.jpg,0,1,0
ISIC_0007957.jpg,0,1,0
ISIC_0007959.jpg,0,1,0
ISIC_0007963.jpg,0,1,0
ISIC_0007964.jpg,0,1,0
ISIC_0007966.jpg,0,1,0
ISIC_0007968.jpg,0,1,0
ISIC_0007969.jpg,0,1,0
ISIC_0007971.jpg,0,1,0
ISIC_0007972.jpg,0,1,0
ISIC_0007973.jpg,0,1,0
ISIC_0007976.jpg,0,1,0
ISIC_0007977.jpg,0,1,0
ISIC_0007979.jpg,0,1,0
ISIC_0007980.jpg,0,1,0
ISIC_0007981.jpg,0,1,0
ISIC_0007982.jpg,0,1,0
ISIC_0007983.jpg,0,1,0
ISIC_0007984.jpg,0,1,0
ISIC_0007988.jpg,0,1,0
ISIC_0007990.jpg,0,1,0
ISIC_0007991.jpg,0,1,0
ISIC_0007992.jpg,0,1,0
ISIC_0007993.jpg,0,1,0
ISIC_0007994.jpg,0,1,0
ISIC_0007996.jpg,0,1,0
ISIC_0007997.jpg,0,1,0
ISIC_0008000.jpg,0,1,0
ISIC_0008001.jpg,0,1,0
ISIC_0008002.jpg,0,1,0
ISIC_0008004.jpg,0,1,0
ISIC_0008005.jpg,0,1,0
ISIC_0008006.jpg,0,1,0
ISIC_0008007.jpg,0,1,0
ISIC_0008008.jpg,0,1,0
ISIC_0008009.jpg,0,1,0
ISIC_0008010.jpg,0,1,0
ISIC_0008011.jpg,0,1,0
ISIC_0008012.jpg,0,1,0
ISIC_0008015.jpg,0,1,0
ISIC_0008016.jpg,0,1,0
ISIC_0008017.jpg,0,1,0
ISIC_0008018.jpg,0,1,0
ISIC_0008019.jpg,0,1,0
ISIC_0008020.jpg,0,1,0
ISIC_0008023.jpg,0,1,0
ISIC_0008024.jpg,0,1,0
ISIC_0008025.jpg,0,1,0
ISIC_0008027.jpg,0,1,0
ISIC_0008028.jpg,0,1,0
ISIC_0008032.jpg,0,1,0
ISIC_0008035.jpg,0,1,0
ISIC_0008037.jpg,0,1,0
ISIC_0008038.jpg,0,1,0
ISIC_0008040.jpg,0,1,0
ISIC_0008041.jpg,0,1,0
ISIC_0008044.jpg,0,1,0
ISIC_0008047.jpg,0,1,0
ISIC_0008049.jpg,0,1,0
ISIC_0008051.jpg,0,1,0
ISIC_0008052.jpg,0,1,0
ISIC_0008053.jpg,0,1,0
ISIC_0008058.jpg,0,1,0
ISIC_0008060.jpg,0,1,0
ISIC_0008062.jpg,0,1,0
ISIC_0008063.jpg,0,1,0
ISIC_0008065.jpg,0,1,0
ISIC_0008066.jpg,0,1,0
ISIC_0008067.jpg,0,1,0
ISIC_0008070.jpg,0,1,0
ISIC_0008071.jpg,0,1,0
ISIC_0008072.jpg,0,1,0
ISIC_0008073.jpg,0,1,0
ISIC_0008074.jpg,0,1,0
ISIC_0008076.jpg,0,1,0
ISIC_0008077.jpg,0,1,0
ISIC_0008078.jpg,0,1,0
ISIC_0008079.jpg,0,1,0
ISIC_0008080.jpg,0,1,0
ISIC_0008083.jpg,0,1,0
ISIC_0008084.jpg,0,1,0
ISIC_0008086.jpg,0,1,0
ISIC_0008093.jpg,0,1,0
ISIC_0008094.jpg,0,1,0
ISIC_0008095.jpg,0,1,0
ISIC_0008096.jpg,0,1,0
ISIC_0008098.jpg,0,1,0
ISIC_0008099.jpg,0,1,0
ISIC_0008102.jpg,0,1,0
ISIC_0008108.jpg,0,1,0
ISIC_0008109.jpg,0,1,0
ISIC_0008110.jpg,0,1,0
ISIC_0008111.jpg,0,1,0
ISIC_0008112.jpg,0,1,0
ISIC_0008113.jpg,0,1,0
ISIC_0008114.jpg,0,1,0
ISIC_0008116.jpg,0,1,0
ISIC_0008119.jpg,0,1,0
ISIC_0008120.jpg,0,1,0
ISIC_0008121.jpg,0,1,0
ISIC_0008124.jpg,0,1,0
ISIC_0008125.jpg,0,1,0
ISIC_0008126.jpg,0,1,0
ISIC_0008127.jpg,0,1,0
ISIC_0008128.jpg,0,1,0
ISIC_0008130.jpg,0,1,0
ISIC_0008132.jpg,0,1,0
ISIC_0008137.jpg,0,1,0
ISIC_0008139.jpg,0,1,0
ISIC_0008140.jpg,0,1,0
ISIC_0008141.jpg,0,1,0
ISIC_0008142.jpg,0,1,0
ISIC_0008143.jpg,0,1,0
ISIC_0008144.jpg,0,1,0
ISIC_0008147.jpg,0,1,0
ISIC_0008148.jpg,0,1,0
ISIC_0008150.jpg,0,1,0
ISIC_0008152.jpg,0,1,0
ISIC_0008153.jpg,0,1,0
ISIC_0008154.jpg,0,1,0
ISIC_0008155.jpg,0,1,0
ISIC_0008157.jpg,0,1,0
ISIC_0008160.jpg,0,1,0
ISIC_0008161.jpg,0,1,0
ISIC_0008163.jpg,0,1,0
ISIC_0008164.jpg,0,1,0
ISIC_0008165.jpg,0,1,0
ISIC_0008166.jpg,0,1,0
ISIC_0008169.jpg,0,1,0
ISIC_0008170.jpg,0,1,0
ISIC_0008171.jpg,0,1,0
ISIC_0008172.jpg,0,1,0
ISIC_0008174.jpg,0,1,0
ISIC_0008179.jpg,0,1,0
ISIC_0008180.jpg,0,1,0
ISIC_0008181.jpg,0,1,0
ISIC_0008184.jpg,0,1,0
ISIC_0008185.jpg,0,1,0
ISIC_0008186.jpg,0,1,0
ISIC_0008187.jpg,0,1,0
ISIC_0008189.jpg,0,1,0
ISIC_0008190.jpg,0,1,0
ISIC_0008192.jpg,0,1,0
ISIC_0008193.jpg,0,1,0
ISIC_0008195.jpg,0,1,0
ISIC_0008196.jpg,0,1,0
ISIC_0008198.jpg,0,1,0
ISIC_0008199.jpg,0,1,0
ISIC_0008200.jpg,0,1,0
ISIC_0008203.jpg,0,1,0
ISIC_0008205.jpg,0,1,0
ISIC_0008206.jpg,0,1,0
ISIC_0008209.jpg,0,1,0
ISIC_0008210.jpg,0,1,0
ISIC_0008211.jpg,0,1,0
ISIC_0008213.jpg,0,1,0
ISIC_0008216.jpg,0,1,0
ISIC_0008217.jpg,0,1,0
ISIC_0008219.jpg,0,1,0
ISIC_0008220.jpg,0,1,0
ISIC_0008223.jpg,0,1,0
ISIC_0008224.jpg,0,1,0
ISIC_0008225.jpg,0,1,0
ISIC_0008227.jpg,0,1,0
ISIC_0008228.jpg,0,1,0
ISIC_0008229.jpg,0,1,0
ISIC_0008231.jpg,0,1,0
ISIC_0008232.jpg,0,1,0
ISIC_0008234.jpg,0,1,0
ISIC_0008235.jpg,0,1,0
ISIC_0008237.jpg,0,1,0
ISIC_0008239.jpg,0,1,0
ISIC_0008241.jpg,0,1,0
ISIC_0008243.jpg,0,1,0
ISIC_0008244.jpg,0,1,0
ISIC_0008245.jpg,0,1,0
ISIC_0008247.jpg,0,1,0
ISIC_0008249.jpg,0,1,0
ISIC_0008250.jpg,0,1,0
ISIC_0008254.jpg,0,1,0
ISIC_0008255.jpg,0,1,0
ISIC_0008257.jpg,0,1,0
ISIC_0008260.jpg,0,1,0
ISIC_0008264.jpg,0,1,0
ISIC_0008265.jpg,0,1,0
ISIC_0008268.jpg,0,1,0
ISIC_0008269.jpg,0,1,0
ISIC_0008272.jpg,0,1,0
ISIC_0008275.jpg,0,1,0
ISIC_0008276.jpg,0,1,0
ISIC_0008277.jpg,0,1,0
ISIC_0008280.jpg,0,1,0
ISIC_0008282.jpg,0,1,0
ISIC_0008283.jpg,0,1,0
ISIC_0008284.jpg,0,1,0
ISIC_0008286.jpg,0,1,0
ISIC_0008287.jpg,0,1,0
ISIC_0008288.jpg,0,1,0
ISIC_0008292.jpg,0,1,0
ISIC_0008293.jpg,0,1,0
ISIC_0008296.jpg,0,1,0
ISIC_0008297.jpg,0,1,0
ISIC_0008300.jpg,0,1,0
ISIC_0008301.jpg,0,1,0
ISIC_0008303.jpg,0,1,0
ISIC_0008304.jpg,0,1,0
ISIC_0008306.jpg,0,1,0
ISIC_0008307.jpg,0,1,0
ISIC_0008310.jpg,0,1,0
ISIC_0008311.jpg,0,1,0
ISIC_0008312.jpg,0,1,0
ISIC_0008313.jpg,0,1,0
ISIC_0008314.jpg,0,1,0
ISIC_0008316.jpg,0,1,0
ISIC_0008317.jpg,0,1,0
ISIC_0008318.jpg,0,1,0
ISIC_0008320.jpg,0,1,0
ISIC_0008322.jpg,0,1,0
ISIC_0008323.jpg,0,1,0
ISIC_0008325.jpg,0,1,0
ISIC_0008326.jpg,0,1,0
ISIC_0008327.jpg,0,1,0
ISIC_0008330.jpg,0,1,0
ISIC_0008333.jpg,0,1,0
ISIC_0008336.jpg,0,1,0
ISIC_0008339.jpg,0,1,0
ISIC_0008340.jpg,0,1,0
ISIC_0008341.jpg,0,1,0
ISIC_0008342.jpg,0,1,0
ISIC_0008343.jpg,0,1,0
ISIC_0008345.jpg,0,1,0
ISIC_0008346.jpg,0,1,0
ISIC_0008347.jpg,0,1,0
ISIC_0008351.jpg,0,1,0
ISIC_0008352.jpg,0,1,0
ISIC_0008353.jpg,0,1,0
ISIC_0008357.jpg,0,1,0
ISIC_0008360.jpg,0,1,0
ISIC_0008363.jpg,0,1,0
ISIC_0008364.jpg,0,1,0
ISIC_0008367.jpg,0,1,0
ISIC_0008371.jpg,0,1,0
ISIC_0008372.jpg,0,1,0
ISIC_0008374.jpg,0,1,0
ISIC_0008375.jpg,0,1,0
ISIC_0008377.jpg,0,1,0
ISIC_0008379.jpg,0,1,0
ISIC_0008380.jpg,0,1,0
ISIC_0008381.jpg,0,1,0
ISIC_0008384.jpg,0,1,0
ISIC_0008386.jpg,0,1,0
ISIC_0008387.jpg,0,1,0
ISIC_0008388.jpg,0,1,0
ISIC_0008389.jpg,0,1,0
ISIC_0008391.jpg,0,1,0
ISIC_0008393.jpg,0,1,0
ISIC_0008394.jpg,0,1,0
ISIC_0008397.jpg,0,1,0
ISIC_0008401.jpg,0,1,0
ISIC_0008404.jpg,0,1,0
ISIC_0008406.jpg,0,1,0
ISIC_0008407.jpg,0,1,0
ISIC_0008408.jpg,0,1,0
ISIC_0008410.jpg,0,1,0
ISIC_0008411.jpg,0,1,0
ISIC_0008412.jpg,0,1,0
ISIC_0008413.jpg,0,1,0
ISIC_0008416.jpg,0,1,0
ISIC_0008417.jpg,0,1,0
ISIC_0008418.jpg,0,1,0
ISIC_0008419.jpg,0,1,0
ISIC_0008420.jpg,0,1,0
ISIC_0008421.jpg,0,1,0
ISIC_0008422.jpg,0,1,0
ISIC_0008423.jpg,0,1,0
ISIC_0008424.jpg,0,1,0
ISIC_0008426.jpg,0,1,0
ISIC_0008428.jpg,0,1,0
ISIC_0008430.jpg,0,1,0
ISIC_0008432.jpg,0,1,0
ISIC_0008433.jpg,0,1,0
ISIC_0008436.jpg,0,1,0
ISIC_0008437.jpg,0,1,0
ISIC_0008438.jpg,0,1,0
ISIC_0008439.jpg,0,1,0
ISIC_0008440.jpg,0,1,0
ISIC_0008444.jpg,0,1,0
ISIC_0008445.jpg,0,1,0
ISIC_0008446.jpg,0,1,0
ISIC_0008447.jpg,0,1,0
ISIC_0008449.jpg,0,1,0
ISIC_0008450.jpg,0,1,0
ISIC_0008451.jpg,0,1,0
ISIC_0008454.jpg,0,1,0
ISIC_0008455.jpg,0,1,0
ISIC_0008456.jpg,0,1,0
ISIC_0008457.jpg,0,1,0
ISIC_0008458.jpg,0,1,0
ISIC_0008459.jpg,0,1,0
ISIC_0008460.jpg,0,1,0
ISIC_0008462.jpg,0,1,0
ISIC_0008463.jpg,0,1,0
ISIC_0008468.jpg,0,1,0
ISIC_0008471.jpg,0,1,0
ISIC_0008472.jpg,0,1,0
ISIC_0008473.jpg,0,1,0
ISIC_0008474.jpg,0,1,0
ISIC_0008475.jpg,0,1,0
ISIC_0008476.jpg,0,1,0
ISIC_0008479.jpg,0,1,0
ISIC_0008480.jpg,0,1,0
ISIC_0008486.jpg,0,1,0
ISIC_0008490.jpg,0,1,0
ISIC_0008491.jpg,0,1,0
ISIC_0008493.jpg,0,1,0
ISIC_0008494.jpg,0,1,0
ISIC_0008495.jpg,0,1,0
ISIC_0008498.jpg,0,1,0
ISIC_0008499.jpg,0,1,0
ISIC_0008500.jpg,0,1,0
ISIC_0008501.jpg,0,1,0
ISIC_0008503.jpg,0,1,0
ISIC_0008504.jpg,0,1,0
ISIC_0008506.jpg,0,1,0
ISIC_0008507.jpg,0,1,0
ISIC_0008509.jpg,0,1,0
ISIC_0008510.jpg,0,1,0
ISIC_0008512.jpg,0,1,0
ISIC_0008513.jpg,0,1,0
ISIC_0008518.jpg,0,1,0
ISIC_0008520.jpg,0,1,0
ISIC_0008521.jpg,0,1,0
ISIC_0008523.jpg,0,1,0
ISIC_0008524.jpg,0,1,0
ISIC_0008525.jpg,0,1,0
ISIC_0008526.jpg,0,1,0
ISIC_0008527.jpg,0,1,0
ISIC_0008528.jpg,0,1,0
ISIC_0008529.jpg,0,1,0
ISIC_0008532.jpg,0,1,0
ISIC_0008533.jpg,0,1,0
ISIC_0008534.jpg,0,1,0
ISIC_0008535.jpg,0,1,0
ISIC_0008536.jpg,0,1,0
ISIC_0008538.jpg,0,1,0
ISIC_0008539.jpg,0,1,0
ISIC_0008541.jpg,0,1,0
ISIC_0008542.jpg,0,1,0
ISIC_0008545.jpg,0,1,0
ISIC_0008547.jpg,0,1,0
ISIC_0008550.jpg,0,1,0
ISIC_0008552.jpg,0,1,0
ISIC_0008554.jpg,0,1,0
ISIC_0008555.jpg,0,1,0
ISIC_0008558.jpg,0,1,0
ISIC_0008559.jpg,0,1,0
ISIC_0008560.jpg,0,1,0
ISIC_0008561.jpg,0,1,0
ISIC_0008563.jpg,0,1,0
ISIC_0008564.jpg,0,1,0
ISIC_0008566.jpg,0,1,0
ISIC_0008567.jpg,0,1,0
ISIC_0008568.jpg,0,1,0
ISIC_0008569.jpg,0,1,0
ISIC_0008570.jpg,0,1,0
ISIC_0008571.jpg,0,1,0
ISIC_0008573.jpg,0,1,0
ISIC_0008574.jpg,0,1,0
ISIC_0008575.jpg,0,1,0
ISIC_0008577.jpg,0,1,0
ISIC_0008578.jpg,0,1,0
ISIC_0008582.jpg,0,1,0
ISIC_0008583.jpg,0,1,0
ISIC_0008584.jpg,0,1,0
ISIC_0008585.jpg,0,1,0
ISIC_0008586.jpg,0,1,0
ISIC_0008587.jpg,0,1,0
ISIC_0008588.jpg,0,1,0
ISIC_0008590.jpg,0,1,0
ISIC_0008591.jpg,0,1,0
ISIC_0008592.jpg,0,1,0
ISIC_0008593.jpg,0,1,0
ISIC_0008594.jpg,0,1,0
ISIC_0008595.jpg,0,1,0
ISIC_0008598.jpg,0,1,0
ISIC_0008601.jpg,0,1,0
ISIC_0008602.jpg,0,1,0
ISIC_0008603.jpg,0,1,0
ISIC_0008605.jpg,0,1,0
ISIC_0008606.jpg,0,1,0
ISIC_0008609.jpg,0,1,0
ISIC_0008611.jpg,0,1,0
ISIC_0008613.jpg,0,1,0
ISIC_0008616.jpg,0,1,0
ISIC_0008617.jpg,0,1,0
ISIC_0008618.jpg,0,1,0
ISIC_0008619.jpg,0,1,0
ISIC_0008620.jpg,0,1,0
ISIC_0008623.jpg,0,1,0
ISIC_0008626.jpg,0,1,0
ISIC_0008627.jpg,0,1,0
ISIC_0008628.jpg,0,1,0
ISIC_0008630.jpg,0,1,0
ISIC_0008631.jpg,0,1,0
ISIC_0008632.jpg,0,1,0
ISIC_0008633.jpg,0,1,0
ISIC_0008634.jpg,0,1,0
ISIC_0008635.jpg,0,1,0
ISIC_0008637.jpg,0,1,0
ISIC_0008638.jpg,0,1,0
ISIC_0008639.jpg,0,1,0
ISIC_0008640.jpg,0,1,0
ISIC_0008642.jpg,0,1,0
ISIC_0008647.jpg,0,1,0
ISIC_0008649.jpg,0,1,0
ISIC_0008650.jpg,0,1,0
ISIC_0008651.jpg,0,1,0
ISIC_0008653.jpg,0,1,0
ISIC_0008656.jpg,0,1,0
ISIC_0008657.jpg,0,1,0
ISIC_0008658.jpg,0,1,0
ISIC_0008659.jpg,0,1,0
ISIC_0008661.jpg,0,1,0
ISIC_0008662.jpg,0,1,0
ISIC_0008663.jpg,0,1,0
ISIC_0008664.jpg,0,1,0
ISIC_0008666.jpg,0,1,0
ISIC_0008667.jpg,0,1,0
ISIC_0008669.jpg,0,1,0
ISIC_0008670.jpg,0,1,0
ISIC_0008672.jpg,0,1,0
ISIC_0008673.jpg,0,1,0
ISIC_0008674.jpg,0,1,0
ISIC_0008675.jpg,0,1,0
ISIC_0008677.jpg,0,1,0
ISIC_0008678.jpg,0,1,0
ISIC_0008679.jpg,0,1,0
ISIC_0008681.jpg,0,1,0
ISIC_0008683.jpg,0,1,0
ISIC_0008684.jpg,0,1,0
ISIC_0008685.jpg,0,1,0
ISIC_0008686.jpg,0,1,0
ISIC_0008687.jpg,0,1,0
ISIC_0008688.jpg,0,1,0
ISIC_0008689.jpg,0,1,0
ISIC_0008692.jpg,0,1,0
ISIC_0008694.jpg,0,1,0
ISIC_0008697.jpg,0,1,0
ISIC_0008698.jpg,0,1,0
ISIC_0008701.jpg,0,1,0
ISIC_0008702.jpg,0,1,0
ISIC_0008704.jpg,0,1,0
ISIC_0008705.jpg,0,1,0
ISIC_0008706.jpg,0,1,0
ISIC_0008707.jpg,0,1,0
ISIC_0008708.jpg,0,1,0
ISIC_0008709.jpg,0,1,0
ISIC_0008710.jpg,0,1,0
ISIC_0008713.jpg,0,1,0
ISIC_0008719.jpg,0,1,0
ISIC_0008721.jpg,0,1,0
ISIC_0008722.jpg,0,1,0
ISIC_0008723.jpg,0,1,0
ISIC_0008724.jpg,0,1,0
ISIC_0008725.jpg,0,1,0
ISIC_0008726.jpg,0,1,0
ISIC_0008729.jpg,0,1,0
ISIC_0008730.jpg,0,1,0
ISIC_0008731.jpg,0,1,0
ISIC_0008735.jpg,0,1,0
ISIC_0008736.jpg,0,1,0
ISIC_0008737.jpg,0,1,0
ISIC_0008738.jpg,0,1,0
ISIC_0008741.jpg,0,1,0
ISIC_0008742.jpg,0,1,0
ISIC_0008743.jpg,0,1,0
ISIC_0008744.jpg,0,1,0
ISIC_0008746.jpg,0,1,0
ISIC_0008747.jpg,0,1,0
ISIC_0008748.jpg,0,1,0
ISIC_0008749.jpg,0,1,0
ISIC_0008750.jpg,0,1,0
ISIC_0008751.jpg,0,1,0
ISIC_0008756.jpg,0,1,0
ISIC_0008757.jpg,0,1,0
ISIC_0008758.jpg,0,1,0
ISIC_0008759.jpg,0,1,0
ISIC_0008761.jpg,0,1,0
ISIC_0008767.jpg,0,1,0
ISIC_0008768.jpg,0,1,0
ISIC_0008770.jpg,0,1,0
ISIC_0008772.jpg,0,1,0
ISIC_0008773.jpg,0,1,0
ISIC_0008774.jpg,0,1,0
ISIC_0008775.jpg,0,1,0
ISIC_0008776.jpg,0,1,0
ISIC_0008777.jpg,0,1,0
ISIC_0008779.jpg,0,1,0
ISIC_0008780.jpg,0,1,0
ISIC_0008782.jpg,0,1,0
ISIC_0008785.jpg,0,1,0
ISIC_0008786.jpg,0,1,0
ISIC_0008790.jpg,0,1,0
ISIC_0008792.jpg,0,1,0
ISIC_0008793.jpg,0,1,0
ISIC_0008794.jpg,0,1,0
ISIC_0008796.jpg,0,1,0
ISIC_0008797.jpg,0,1,0
ISIC_0008801.jpg,0,1,0
ISIC_0008802.jpg,0,1,0
ISIC_0008803.jpg,0,1,0
ISIC_0008804.jpg,0,1,0
ISIC_0008806.jpg,0,1,0
ISIC_0008807.jpg,0,1,0
ISIC_0008809.jpg,0,1,0
ISIC_0008811.jpg,0,1,0
ISIC_0008812.jpg,0,1,0
ISIC_0008814.jpg,0,1,0
ISIC_0008817.jpg,0,1,0
ISIC_0008818.jpg,0,1,0
ISIC_0008819.jpg,0,1,0
ISIC_0008821.jpg,0,1,0
ISIC_0008823.jpg,0,1,0
ISIC_0008824.jpg,0,1,0
ISIC_0008827.jpg,0,1,0
ISIC_0008828.jpg,0,1,0
ISIC_0008829.jpg,0,1,0
ISIC_0008830.jpg,0,1,0
ISIC_0008833.jpg,0,1,0
ISIC_0008834.jpg,0,1,0
ISIC_0008835.jpg,0,1,0
ISIC_0008836.jpg,0,1,0
ISIC_0008838.jpg,0,1,0
ISIC_0008841.jpg,0,1,0
ISIC_0008842.jpg,0,1,0
ISIC_0008844.jpg,0,1,0
ISIC_0008845.jpg,0,1,0
ISIC_0008847.jpg,0,1,0
ISIC_0008849.jpg,0,1,0
ISIC_0008850.jpg,0,1,0
ISIC_0008854.jpg,0,1,0
ISIC_0008857.jpg,0,1,0
ISIC_0008859.jpg,0,1,0
ISIC_0008860.jpg,0,1,0
ISIC_0008863.jpg,0,1,0
ISIC_0008864.jpg,0,1,0
ISIC_0008865.jpg,0,1,0
ISIC_0008866.jpg,0,1,0
ISIC_0008867.jpg,0,1,0
ISIC_0008871.jpg,0,1,0
ISIC_0008872.jpg,0,1,0
ISIC_0008876.jpg,0,1,0
ISIC_0008877.jpg,0,1,0
ISIC_0008879.jpg,0,1,0
ISIC_0008880.jpg,0,1,0
ISIC_0008881.jpg,0,1,0
ISIC_0008883.jpg,0,1,0
ISIC_0008884.jpg,0,1,0
ISIC_0008885.jpg,0,1,0
ISIC_0008888.jpg,0,1,0
ISIC_0008891.jpg,0,1,0
ISIC_0008892.jpg,0,1,0
ISIC_0008893.jpg,0,1,0
ISIC_0008894.jpg,0,1,0
ISIC_0008896.jpg,0,1,0
ISIC_0008897.jpg,0,1,0
ISIC_0008899.jpg,0,1,0
ISIC_0008900.jpg,0,1,0
ISIC_0008901.jpg,0,1,0
ISIC_0008902.jpg,0,1,0
ISIC_0008903.jpg,0,1,0
ISIC_0008904.jpg,0,1,0
ISIC_0008908.jpg,0,1,0
ISIC_0008910.jpg,0,1,0
ISIC_0008912.jpg,0,1,0
ISIC_0008914.jpg,0,1,0
ISIC_0008916.jpg,0,1,0
ISIC_0008917.jpg,0,1,0
ISIC_0008918.jpg,0,1,0
ISIC_0008919.jpg,0,1,0
ISIC_0008920.jpg,0,1,0
ISIC_0008921.jpg,0,1,0
ISIC_0008922.jpg,0,1,0
ISIC_0008923.jpg,0,1,0
ISIC_0008924.jpg,0,1,0
ISIC_0008925.jpg,0,1,0
ISIC_0008929.jpg,0,1,0
ISIC_0008930.jpg,0,1,0
ISIC_0008931.jpg,0,1,0
ISIC_0008932.jpg,0,1,0
ISIC_0008934.jpg,0,1,0
ISIC_0008935.jpg,0,1,0
ISIC_0008936.jpg,0,1,0
ISIC_0008944.jpg,0,1,0
ISIC_0008945.jpg,0,1,0
ISIC_0008947.jpg,0,1,0
ISIC_0008948.jpg,0,1,0
ISIC_0008950.jpg,0,1,0
ISIC_0008951.jpg,0,1,0
ISIC_0008952.jpg,0,1,0
ISIC_0008957.jpg,0,1,0
ISIC_0008963.jpg,0,1,0
ISIC_0008964.jpg,0,1,0
ISIC_0008966.jpg,0,1,0
ISIC_0008970.jpg,0,1,0
ISIC_0008971.jpg,0,1,0
ISIC_0008973.jpg,0,1,0
ISIC_0008974.jpg,0,1,0
ISIC_0008975.jpg,0,1,0
ISIC_0008977.jpg,0,1,0
ISIC_0008978.jpg,0,1,0
ISIC_0008979.jpg,0,1,0
ISIC_0008981.jpg,0,1,0
ISIC_0008984.jpg,0,1,0
ISIC_0008986.jpg,0,1,0
ISIC_0008987.jpg,0,1,0
ISIC_0008989.jpg,0,1,0
ISIC_0008991.jpg,0,1,0
ISIC_0008993.jpg,0,1,0
ISIC_0008994.jpg,0,1,0
ISIC_0008995.jpg,0,1,0
ISIC_0008996.jpg,0,1,0
ISIC_0008997.jpg,0,1,0
ISIC_0008998.jpg,0,1,0
ISIC_0009002.jpg,0,1,0
ISIC_0009003.jpg,0,1,0
ISIC_0009004.jpg,0,1,0
ISIC_0009007.jpg,0,1,0
ISIC_0009009.jpg,0,1,0
ISIC_0009010.jpg,0,1,0
ISIC_0009012.jpg,0,1,0
ISIC_0009013.jpg,0,1,0
ISIC_0009014.jpg,0,1,0
ISIC_0009015.jpg,0,1,0
ISIC_0009016.jpg,0,1,0
ISIC_0009017.jpg,0,1,0
ISIC_0009018.jpg,0,1,0
ISIC_0009019.jpg,0,1,0
ISIC_0009020.jpg,0,1,0
ISIC_0009021.jpg,0,1,0
ISIC_0009023.jpg,0,1,0
ISIC_0009025.jpg,0,1,0
ISIC_0009029.jpg,0,1,0
ISIC_0009030.jpg,0,1,0
ISIC_0009031.jpg,0,1,0
ISIC_0009032.jpg,0,1,0
ISIC_0009033.jpg,0,1,0
ISIC_0009034.jpg,0,1,0
ISIC_0009035.jpg,0,1,0
ISIC_0009036.jpg,0,1,0
ISIC_0009038.jpg,0,1,0
ISIC_0009039.jpg,0,1,0
ISIC_0009040.jpg,0,1,0
ISIC_0009043.jpg,0,1,0
ISIC_0009046.jpg,0,1,0
ISIC_0009047.jpg,0,1,0
ISIC_0009049.jpg,0,1,0
ISIC_0009051.jpg,0,1,0
ISIC_0009053.jpg,0,1,0
ISIC_0009054.jpg,0,1,0
ISIC_0009055.jpg,0,1,0
ISIC_0009057.jpg,0,1,0
ISIC_0009059.jpg,0,1,0
ISIC_0009061.jpg,0,1,0
ISIC_0009062.jpg,0,1,0
ISIC_0009063.jpg,0,1,0
ISIC_0009064.jpg,0,1,0
ISIC_0009066.jpg,0,1,0
ISIC_0009067.jpg,0,1,0
ISIC_0009069.jpg,0,1,0
ISIC_0009072.jpg,0,1,0
ISIC_0009075.jpg,0,1,0
ISIC_0009076.jpg,0,1,0
ISIC_0009077.jpg,0,1,0
ISIC_0009079.jpg,0,1,0
ISIC_0009081.jpg,0,1,0
ISIC_0009084.jpg,0,1,0
ISIC_0009085.jpg,0,1,0
ISIC_0009086.jpg,0,1,0
ISIC_0009088.jpg,0,1,0
ISIC_0009090.jpg,0,1,0
ISIC_0009093.jpg,0,1,0
ISIC_0009094.jpg,0,1,0
ISIC_0009095.jpg,0,1,0
ISIC_0009097.jpg,0,1,0
ISIC_0009098.jpg,0,1,0
ISIC_0009099.jpg,0,1,0
ISIC_0009102.jpg,0,1,0
ISIC_0009104.jpg,0,1,0
ISIC_0009105.jpg,0,1,0
ISIC_0009106.jpg,0,1,0
ISIC_0009109.jpg,0,1,0
ISIC_0009110.jpg,0,1,0
ISIC_0009116.jpg,0,1,0
ISIC_0009117.jpg,0,1,0
ISIC_0009118.jpg,0,1,0
ISIC_0009121.jpg,0,1,0
ISIC_0009123.jpg,0,1,0
ISIC_0009124.jpg,0,1,0
ISIC_0009125.jpg,0,1,0
ISIC_0009128.jpg,0,1,0
ISIC_0009129.jpg,0,1,0
ISIC_0009130.jpg,0,1,0
ISIC_0009132.jpg,0,1,0
ISIC_0009137.jpg,0,1,0
ISIC_0009138.jpg,0,1,0
ISIC_0009139.jpg,0,1,0
ISIC_0009142.jpg,0,1,0
ISIC_0009144.jpg,0,1,0
ISIC_0009146.jpg,0,1,0
ISIC_0009147.jpg,0,1,0
ISIC_0009148.jpg,0,1,0
ISIC_0009149.jpg,0,1,0
ISIC_0009150.jpg,0,1,0
ISIC_0009152.jpg,0,1,0
ISIC_0009154.jpg,0,1,0
ISIC_0009155.jpg,0,1,0
ISIC_0009156.jpg,0,1,0
ISIC_0009158.jpg,0,1,0
ISIC_0009159.jpg,0,1,0
ISIC_0009160.jpg,0,1,0
ISIC_0009161.jpg,0,1,0
ISIC_0009163.jpg,0,1,0
ISIC_0009165.jpg,0,1,0
ISIC_0009168.jpg,0,1,0
ISIC_0009169.jpg,0,1,0
ISIC_0009170.jpg,0,1,0
ISIC_0009172.jpg,0,1,0
ISIC_0009173.jpg,0,1,0
ISIC_0009174.jpg,0,1,0
ISIC_0009175.jpg,0,1,0
ISIC_0009180.jpg,0,1,0
ISIC_0009182.jpg,0,1,0
ISIC_0009183.jpg,0,1,0
ISIC_0009184.jpg,0,1,0
ISIC_0009186.jpg,0,1,0
ISIC_0009188.jpg,0,1,0
ISIC_0009190.jpg,0,1,0
ISIC_0009191.jpg,0,1,0
ISIC_0009193.jpg,0,1,0
ISIC_0009196.jpg,0,1,0
ISIC_0009198.jpg,0,1,0
ISIC_0009199.jpg,0,1,0
ISIC_0009200.jpg,0,1,0
ISIC_0009201.jpg,0,1,0
ISIC_0009202.jpg,0,1,0
ISIC_0009203.jpg,0,1,0
ISIC_0009204.jpg,0,1,0
ISIC_0009205.jpg,0,1,0
ISIC_0009206.jpg,0,1,0
ISIC_0009208.jpg,0,1,0
ISIC_0009210.jpg,0,1,0
ISIC_0009211.jpg,0,1,0
ISIC_0009214.jpg,0,1,0
ISIC_0009215.jpg,0,1,0
ISIC_0009216.jpg,0,1,0
ISIC_0009218.jpg,0,1,0
ISIC_0009219.jpg,0,1,0
ISIC_0009222.jpg,0,1,0
ISIC_0009223.jpg,0,1,0
ISIC_0009224.jpg,0,1,0
ISIC_0009225.jpg,0,1,0
ISIC_0009226.jpg,0,1,0
ISIC_0009227.jpg,0,1,0
ISIC_0009232.jpg,0,1,0
ISIC_0009233.jpg,0,1,0
ISIC_0009234.jpg,0,1,0
ISIC_0009240.jpg,0,1,0
ISIC_0009241.jpg,0,1,0
ISIC_0009242.jpg,0,1,0
ISIC_0009243.jpg,0,1,0
ISIC_0009245.jpg,0,1,0
ISIC_0009247.jpg,0,1,0
ISIC_0009251.jpg,0,1,0
ISIC_0009255.jpg,0,1,0
ISIC_0009256.jpg,0,1,0
ISIC_0009257.jpg,0,1,0
ISIC_0009258.jpg,0,1,0
ISIC_0009260.jpg,0,1,0
ISIC_0009262.jpg,0,1,0
ISIC_0009264.jpg,0,1,0
ISIC_0009267.jpg,0,1,0
ISIC_0009269.jpg,0,1,0
ISIC_0009270.jpg,0,1,0
ISIC_0009271.jpg,0,1,0
ISIC_0009272.jpg,0,1,0
ISIC_0009273.jpg,0,1,0
ISIC_0009274.jpg,0,1,0
ISIC_0009276.jpg,0,1,0
ISIC_0009278.jpg,0,1,0
ISIC_0009279.jpg,0,1,0
ISIC_0009281.jpg,0,1,0
ISIC_0009283.jpg,0,1,0
ISIC_0009285.jpg,0,1,0
ISIC_0009287.jpg,0,1,0
ISIC_0009288.jpg,0,1,0
ISIC_0009289.jpg,0,1,0
ISIC_0009293.jpg,0,1,0
ISIC_0009295.jpg,0,1,0
ISIC_0009296.jpg,0,1,0
ISIC_0009298.jpg,0,1,0
ISIC_0009299.jpg,0,1,0
ISIC_0009300.jpg,0,1,0
ISIC_0009302.jpg,0,1,0
ISIC_0009303.jpg,0,1,0
ISIC_0009306.jpg,0,1,0
ISIC_0009308.jpg,0,1,0
ISIC_0009309.jpg,0,1,0
ISIC_0009310.jpg,0,1,0
ISIC_0009315.jpg,0,1,0
ISIC_0009317.jpg,0,1,0
ISIC_0009321.jpg,0,1,0
ISIC_0009322.jpg,0,1,0
ISIC_0009323.jpg,0,1,0
ISIC_0009324.jpg,0,1,0
ISIC_0009325.jpg,0,1,0
ISIC_0009326.jpg,0,1,0
ISIC_0009331.jpg,0,1,0
ISIC_0009332.jpg,0,1,0
ISIC_0009334.jpg,0,1,0
ISIC_0009335.jpg,0,1,0
ISIC_0009336.jpg,0,1,0
ISIC_0009337.jpg,0,1,0
ISIC_0009338.jpg,0,1,0
ISIC_0009339.jpg,0,1,0
ISIC_0009344.jpg,0,1,0
ISIC_0009345.jpg,0,1,0
ISIC_0009348.jpg,0,1,0
ISIC_0009349.jpg,0,1,0
ISIC_0009350.jpg,0,1,0
ISIC_0009352.jpg,0,1,0
ISIC_0009353.jpg,0,1,0
ISIC_0009354.jpg,0,1,0
ISIC_0009355.jpg,0,1,0
ISIC_0009356.jpg,0,1,0
ISIC_0009357.jpg,0,1,0
ISIC_0009359.jpg,0,1,0
ISIC_0009360.jpg,0,1,0
ISIC_0009361.jpg,0,1,0
ISIC_0009362.jpg,0,1,0
ISIC_0009363.jpg,0,1,0
ISIC_0009365.jpg,0,1,0
ISIC_0009366.jpg,0,1,0
ISIC_0009367.jpg,0,1,0
ISIC_0009368.jpg,0,1,0
ISIC_0009370.jpg,0,1,0
ISIC_0009371.jpg,0,1,0
ISIC_0009374.jpg,0,1,0
ISIC_0009378.jpg,0,1,0
ISIC_0009379.jpg,0,1,0
ISIC_0009381.jpg,0,1,0
ISIC_0009382.jpg,0,1,0
ISIC_0009386.jpg,0,1,0
ISIC_0009387.jpg,0,1,0
ISIC_0009390.jpg,0,1,0
ISIC_0009392.jpg,0,1,0
ISIC_0009394.jpg,0,1,0
ISIC_0009396.jpg,0,1,0
ISIC_0009397.jpg,0,1,0
ISIC_0009398.jpg,0,1,0
ISIC_0009399.jpg,0,1,0
ISIC_0009400.jpg,0,1,0
ISIC_0009402.jpg,0,1,0
ISIC_0009403.jpg,0,1,0
ISIC_0009406.jpg,0,1,0
ISIC_0009408.jpg,0,1,0
ISIC_0009411.jpg,0,1,0
ISIC_0009413.jpg,0,1,0
ISIC_0009415.jpg,0,1,0
ISIC_0009416.jpg,0,1,0
ISIC_0009417.jpg,0,1,0
ISIC_0009418.jpg,0,1,0
ISIC_0009419.jpg,0,1,0
ISIC_0009420.jpg,0,1,0
ISIC_0009423.jpg,0,1,0
ISIC_0009425.jpg,0,1,0
ISIC_0009426.jpg,0,1,0
ISIC_0009427.jpg,0,1,0
ISIC_0009428.jpg,0,1,0
ISIC_0009429.jpg,0,1,0
ISIC_0009430.jpg,0,1,0
ISIC_0009431.jpg,0,1,0
ISIC_0009432.jpg,0,1,0
ISIC_0009435.jpg,0,1,0
ISIC_0009436.jpg,0,1,0
ISIC_0009438.jpg,0,1,0
ISIC_0009441.jpg,0,1,0
ISIC_0009442.jpg,0,1,0
ISIC_0009444.jpg,0,1,0
ISIC_0009446.jpg,0,1,0
ISIC_0009447.jpg,0,1,0
ISIC_0009449.jpg,0,1,0
ISIC_0009450.jpg,0,1,0
ISIC_0009453.jpg,0,1,0
ISIC_0009454.jpg,0,1,0
ISIC_0009457.jpg,0,1,0
ISIC_0009458.jpg,0,1,0
ISIC_0009461.jpg,0,1,0
ISIC_0009462.jpg,0,1,0
ISIC_0009463.jpg,0,1,0
ISIC_0009465.jpg,0,1,0
ISIC_0009467.jpg,0,1,0
ISIC_0009468.jpg,0,1,0
ISIC_0009471.jpg,0,1,0
ISIC_0009474.jpg,0,1,0
ISIC_0009475.jpg,0,1,0
ISIC_0009476.jpg,0,1,0
ISIC_0009477.jpg,0,1,0
ISIC_0009480.jpg,0,1,0
ISIC_0009481.jpg,0,1,0
ISIC_0009483.jpg,0,1,0
ISIC_0009484.jpg,0,1,0
ISIC_0009485.jpg,0,1,0
ISIC_0009486.jpg,0,1,0
ISIC_0009487.jpg,0,1,0
ISIC_0009489.jpg,0,1,0
ISIC_0009490.jpg,0,1,0
ISIC_0009491.jpg,0,1,0
ISIC_0009492.jpg,0,1,0
ISIC_0009493.jpg,0,1,0
ISIC_0009495.jpg,0,1,0
ISIC_0009496.jpg,0,1,0
ISIC_0009498.jpg,0,1,0
ISIC_0009500.jpg,0,1,0
ISIC_0009501.jpg,0,1,0
ISIC_0009504.jpg,0,1,0
ISIC_0009505.jpg,0,1,0
ISIC_0009507.jpg,0,1,0
ISIC_0009508.jpg,0,1,0
ISIC_0009509.jpg,0,1,0
ISIC_0009511.jpg,0,1,0
ISIC_0009512.jpg,0,1,0
ISIC_0009513.jpg,0,1,0
ISIC_0009514.jpg,0,1,0
ISIC_0009516.jpg,0,1,0
ISIC_0009517.jpg,0,1,0
ISIC_0009518.jpg,0,1,0
ISIC_0009519.jpg,0,1,0
ISIC_0009523.jpg,0,1,0
ISIC_0009524.jpg,0,1,0
ISIC_0009526.jpg,0,1,0
ISIC_0009528.jpg,0,1,0
ISIC_0009529.jpg,0,1,0
ISIC_0009530.jpg,0,1,0
ISIC_0009531.jpg,0,1,0
ISIC_0009532.jpg,0,1,0
ISIC_0009533.jpg,0,1,0
ISIC_0009534.jpg,0,1,0
ISIC_0009535.jpg,0,1,0
ISIC_0009537.jpg,0,1,0
ISIC_0009538.jpg,0,1,0
ISIC_0009539.jpg,0,1,0
ISIC_0009542.jpg,0,1,0
ISIC_0009543.jpg,0,1,0
ISIC_0009544.jpg,0,1,0
ISIC_0009545.jpg,0,1,0
ISIC_0009546.jpg,0,1,0
ISIC_0009547.jpg,0,1,0
ISIC_0009549.jpg,0,1,0
ISIC_0009550.jpg,0,1,0
ISIC_0009552.jpg,0,1,0
ISIC_0009553.jpg,0,1,0
ISIC_0009554.jpg,0,1,0
ISIC_0009555.jpg,0,1,0
ISIC_0009556.jpg,0,1,0
ISIC_0009557.jpg,0,1,0
ISIC_0009558.jpg,0,1,0
ISIC_0009560.jpg,0,1,0
ISIC_0009561.jpg,0,1,0
ISIC_0009562.jpg,0,1,0
ISIC_0009563.jpg,0,1,0
ISIC_0009564.jpg,0,1,0
ISIC_0009565.jpg,0,1,0
ISIC_0009566.jpg,0,1,0
ISIC_0009567.jpg,0,1,0
ISIC_0009568.jpg,0,1,0
ISIC_0009571.jpg,0,1,0
ISIC_0009572.jpg,0,1,0
ISIC_0009574.jpg,0,1,0
ISIC_0009578.jpg,0,1,0
ISIC_0009579.jpg,0,1,0
ISIC_0009580.jpg,0,1,0
ISIC_0009581.jpg,0,1,0
ISIC_0009582.jpg,0,1,0
ISIC_0009583.jpg,0,1,0
ISIC_0009584.jpg,0,1,0
ISIC_0009585.jpg,0,1,0
ISIC_0009586.jpg,0,1,0
ISIC_0009588.jpg,0,1,0
ISIC_0009589.jpg,0,1,0
ISIC_0009590.jpg,0,1,0
ISIC_0009591.jpg,0,1,0
ISIC_0009593.jpg,0,1,0
ISIC_0009594.jpg,0,1,0
ISIC_0009597.jpg,0,1,0
ISIC_0009600.jpg,0,1,0
ISIC_0009603.jpg,0,1,0
ISIC_0009606.jpg,0,1,0
ISIC_0009607.jpg,0,1,0
ISIC_0009608.jpg,0,1,0
ISIC_0009610.jpg,0,1,0
ISIC_0009613.jpg,0,1,0
ISIC_0009614.jpg,0,1,0
ISIC_0009615.jpg,0,1,0
ISIC_0009617.jpg,0,1,0
ISIC_0009618.jpg,0,1,0
ISIC_0009620.jpg,0,1,0
ISIC_0009622.jpg,0,1,0
ISIC_0009624.jpg,0,1,0
ISIC_0009625.jpg,0,1,0
ISIC_0009627.jpg,0,1,0
ISIC_0009628.jpg,0,1,0
ISIC_0009629.jpg,0,1,0
ISIC_0009630.jpg,0,1,0
ISIC_0009632.jpg,0,1,0
ISIC_0009634.jpg,0,1,0
ISIC_0009635.jpg,0,1,0
ISIC_0009636.jpg,0,1,0
ISIC_0009637.jpg,0,1,0
ISIC_0009639.jpg,0,1,0
ISIC_0009640.jpg,0,1,0
ISIC_0009642.jpg,0,1,0
ISIC_0009643.jpg,0,1,0
ISIC_0009646.jpg,0,1,0
ISIC_0009648.jpg,0,1,0
ISIC_0009650.jpg,0,1,0
ISIC_0009651.jpg,0,1,0
ISIC_0009652.jpg,0,1,0
ISIC_0009654.jpg,0,1,0
ISIC_0009655.jpg,0,1,0
ISIC_0009660.jpg,0,1,0
ISIC_0009661.jpg,0,1,0
ISIC_0009662.jpg,0,1,0
ISIC_0009663.jpg,0,1,0
ISIC_0009668.jpg,0,1,0
ISIC_0009669.jpg,0,1,0
ISIC_0009671.jpg,0,1,0
ISIC_0009672.jpg,0,1,0
ISIC_0009673.jpg,0,1,0
ISIC_0009674.jpg,0,1,0
ISIC_0009675.jpg,0,1,0
ISIC_0009676.jpg,0,1,0
ISIC_0009677.jpg,0,1,0
ISIC_0009678.jpg,0,1,0
ISIC_0009680.jpg,0,1,0
ISIC_0009682.jpg,0,1,0
ISIC_0009684.jpg,0,1,0
ISIC_0009685.jpg,0,1,0
ISIC_0009686.jpg,0,1,0
ISIC_0009689.jpg,0,1,0
ISIC_0009692.jpg,0,1,0
ISIC_0009694.jpg,0,1,0
ISIC_0009696.jpg,0,1,0
ISIC_0009697.jpg,0,1,0
ISIC_0009698.jpg,0,1,0
ISIC_0009699.jpg,0,1,0
ISIC_0009700.jpg,0,1,0
ISIC_0009701.jpg,0,1,0
ISIC_0009706.jpg,0,1,0
ISIC_0009708.jpg,0,1,0
ISIC_0009709.jpg,0,1,0
ISIC_0009710.jpg,0,1,0
ISIC_0009711.jpg,0,1,0
ISIC_0009713.jpg,0,1,0
ISIC_0009714.jpg,0,1,0
ISIC_0009716.jpg,0,1,0
ISIC_0009719.jpg,0,1,0
ISIC_0009720.jpg,0,1,0
ISIC_0009721.jpg,0,1,0
ISIC_0009722.jpg,0,1,0
ISIC_0009723.jpg,0,1,0
ISIC_0009726.jpg,0,1,0
ISIC_0009728.jpg,0,1,0
ISIC_0009730.jpg,0,1,0
ISIC_0009731.jpg,0,1,0
ISIC_0009732.jpg,0,1,0
ISIC_0009733.jpg,0,1,0
ISIC_0009734.jpg,0,1,0
ISIC_0009735.jpg,0,1,0
ISIC_0009738.jpg,0,1,0
ISIC_0009739.jpg,0,1,0
ISIC_0009742.jpg,0,1,0
ISIC_0009743.jpg,0,1,0
ISIC_0009744.jpg,0,1,0
ISIC_0009747.jpg,0,1,0
ISIC_0009750.jpg,0,1,0
ISIC_0009753.jpg,0,1,0
ISIC_0009756.jpg,0,1,0
ISIC_0009757.jpg,0,1,0
ISIC_0009758.jpg,0,1,0
ISIC_0009760.jpg,0,1,0
ISIC_0009761.jpg,0,1,0
ISIC_0009764.jpg,0,1,0
ISIC_0009765.jpg,0,1,0
ISIC_0009767.jpg,0,1,0
ISIC_0009769.jpg,0,1,0
ISIC_0009770.jpg,0,1,0
ISIC_0009771.jpg,0,1,0
ISIC_0009773.jpg,0,1,0
ISIC_0009776.jpg,0,1,0
ISIC_0009777.jpg,0,1,0
ISIC_0009778.jpg,0,1,0
ISIC_0009779.jpg,0,1,0
ISIC_0009781.jpg,0,1,0
ISIC_0009786.jpg,0,1,0
ISIC_0009787.jpg,0,1,0
ISIC_0009788.jpg,0,1,0
ISIC_0009790.jpg,0,1,0
ISIC_0009791.jpg,0,1,0
ISIC_0009796.jpg,0,1,0
ISIC_0009798.jpg,0,1,0
ISIC_0009799.jpg,0,1,0
ISIC_0009800.jpg,0,1,0
ISIC_0009803.jpg,0,1,0
ISIC_0009804.jpg,0,1,0
ISIC_0009807.jpg,0,1,0
ISIC_0009808.jpg,0,1,0
ISIC_0009810.jpg,0,1,0
ISIC_0009814.jpg,0,1,0
ISIC_0009816.jpg,0,1,0
ISIC_0009817.jpg,0,1,0
ISIC_0009818.jpg,0,1,0
ISIC_0009819.jpg,0,1,0
ISIC_0009821.jpg,0,1,0
ISIC_0009822.jpg,0,1,0
ISIC_0009823.jpg,0,1,0
ISIC_0009829.jpg,0,1,0
ISIC_0009831.jpg,0,1,0
ISIC_0009832.jpg,0,1,0
ISIC_0009834.jpg,0,1,0
ISIC_0009835.jpg,0,1,0
ISIC_0009836.jpg,0,1,0
ISIC_0009837.jpg,0,1,0
ISIC_0009839.jpg,0,1,0
ISIC_0009840.jpg,0,1,0
ISIC_0009841.jpg,0,1,0
ISIC_0009847.jpg,0,1,0
ISIC_0009849.jpg,0,1,0
ISIC_0009850.jpg,0,1,0
ISIC_0009851.jpg,0,1,0
ISIC_0009852.jpg,0,1,0
ISIC_0009853.jpg,0,1,0
ISIC_0009855.jpg,0,1,0
ISIC_0009856.jpg,0,1,0
ISIC_0009857.jpg,0,1,0
ISIC_0009859.jpg,0,1,0
ISIC_0009860.jpg,0,1,0
ISIC_0009861.jpg,0,1,0
ISIC_0009863.jpg,0,1,0
ISIC_0009864.jpg,0,1,0
ISIC_0009865.jpg,0,1,0
ISIC_0009866.jpg,0,1,0
ISIC_0009867.jpg,0,1,0