id,image,mask,species,breed,color,L,a,b,pet_pixels,reviewed,notes,split
Bombay_1,cat/black/images/Bombay_1.jpg,cat/black/masks/Bombay_1.png,cat,Bombay,black,15.252948760986328,3.994971513748169,8.250772476196289,16647,True,,train
Bombay_10,cat/black/images/Bombay_10.jpg,cat/black/masks/Bombay_10.png,cat,Bombay,black,10.218782424926758,-3.72233247756958,1.8770337104797363,66771,True,,train
Bombay_101,cat/black/images/Bombay_101.jpg,cat/black/masks/Bombay_101.png,cat,Bombay,black,15.462414741516112,1.166917324066162,1.0811299085617063,53462,True,,train
Bombay_102,cat/black/images/Bombay_102.jpg,cat/black/masks/Bombay_102.png,cat,Bombay,black,23.08856201171875,8.06373405456543,6.802672386169434,27107,True,,train
Bombay_104,cat/black/images/Bombay_104.jpg,cat/black/masks/Bombay_104.png,cat,Bombay,black,15.570724487304688,-0.0005364418029785,1.3481885194778442,24440,True,,train
Bombay_107,cat/black/images/Bombay_107.jpg,cat/black/masks/Bombay_107.png,cat,Bombay,black,10.328386306762695,-1.3639330863952637,-1.5418648719787598,28970,True,,train
Bombay_109,cat/black/images/Bombay_109.jpg,cat/black/masks/Bombay_109.png,cat,Bombay,black,19.017192840576172,3.054201602935791,-4.947728157043457,27260,True,,train
Bombay_11,cat/black/images/Bombay_11.jpg,cat/black/masks/Bombay_11.png,cat,Bombay,black,10.439537048339844,4.767879962921143,2.786674976348877,58245,True,,train
Bombay_110,cat/black/images/Bombay_110.jpg,cat/black/masks/Bombay_110.png,cat,Bombay,black,8.692241668701172,-1.4901161193847656e-05,0.7494598627090454,253651,True,,train
Bombay_111,cat/black/images/Bombay_111.jpg,cat/black/masks/Bombay_111.png,cat,Bombay,black,13.07261848449707,1.8413811922073364,-1.2634038925170898,72443,True,,train
Bombay_113,cat/black/images/Bombay_113.jpg,cat/black/masks/Bombay_113.png,cat,Bombay,black,15.636343002319336,3.4438297748565674,-5.550408363342285,129029,True,,train
Bombay_114,cat/black/images/Bombay_114.jpg,cat/black/masks/Bombay_114.png,cat,Bombay,black,26.7606201171875,-0.9646117687225342,2.5236666202545166,40318,True,,train
Bombay_115,cat/black/images/Bombay_115.jpg,cat/black/masks/Bombay_115.png,cat,Bombay,black,13.745824813842772,2.2816359996795654,14.81165599822998,189923,True,,train
Bombay_116,cat/black/images/Bombay_116.jpg,cat/black/masks/Bombay_116.png,cat,Bombay,black,23.92618179321289,1.1265575885772705,2.646845579147339,31633,True,,train
Bombay_117,cat/black/images/Bombay_117.jpg,cat/black/masks/Bombay_117.png,cat,Bombay,black,20.23082733154297,-1.1961236000061035,0.2902388572692871,21033,True,,train
Bombay_118,cat/black/images/Bombay_118.jpg,cat/black/masks/Bombay_118.png,cat,Bombay,black,8.480945587158203,-0.4559755325317383,0.3644317388534546,28181,True,,train
Bombay_12,cat/black/images/Bombay_12.jpg,cat/black/masks/Bombay_12.png,cat,Bombay,black,4.349832534790039,2.8595850467681885,2.2691874504089355,110882,True,,train
Bombay_120,cat/black/images/Bombay_120.jpg,cat/black/masks/Bombay_120.png,cat,Bombay,black,11.395574569702148,-1.2250616550445557,-1.3056516647338867,10851,True,,train
Bombay_122,cat/black/images/Bombay_122.jpg,cat/black/masks/Bombay_122.png,cat,Bombay,black,21.46841049194336,2.9669480323791504,2.6278316974639893,42456,True,,train
Bombay_123,cat/black/images/Bombay_123.jpg,cat/black/masks/Bombay_123.png,cat,Bombay,black,23.691394805908203,-0.0009685754776,0.0023961067199707,56707,True,,train
Bombay_125,cat/black/images/Bombay_125.jpg,cat/black/masks/Bombay_125.png,cat,Bombay,black,6.833831787109375,-0.6724521517753601,0.2529859542846679,57940,True,,train
Bombay_126,cat/black/images/Bombay_126.jpg,cat/black/masks/Bombay_126.png,cat,Bombay,black,15.746326446533203,-0.6499588489532471,2.7611374855041504,30009,True,,train
Bombay_127,cat/black/images/Bombay_127.jpg,cat/black/masks/Bombay_127.png,cat,Bombay,black,20.318111419677734,0.9513944387435912,-4.989314079284668,42895,True,,train
Bombay_129,cat/black/images/Bombay_129.jpg,cat/black/masks/Bombay_129.png,cat,Bombay,black,6.297399520874023,-0.00029057264328,0.378456711769104,127018,True,,train
Bombay_13,cat/black/images/Bombay_13.jpg,cat/black/masks/Bombay_13.png,cat,Bombay,black,11.487686157226562,-0.00019371509552,0.0322163105010986,43540,True,,train
Bombay_131,cat/black/images/Bombay_131.jpg,cat/black/masks/Bombay_131.png,cat,Bombay,black,20.13928985595703,4.58843994140625,4.774040222167969,57018,True,,train
Bombay_132,cat/black/images/Bombay_132.jpg,cat/black/masks/Bombay_132.png,cat,Bombay,black,10.978082656860352,-1.1302679777145386,-2.409982681274414,119633,True,,train
Bombay_133,cat/black/images/Bombay_133.jpg,cat/black/masks/Bombay_133.png,cat,Bombay,black,23.691394805908203,-1.5411972999572754,3.164052963256836,38630,True,,train
Bombay_135,cat/black/images/Bombay_135.jpg,cat/black/masks/Bombay_135.png,cat,Bombay,black,10.456060409545898,-1.7200112342834473,1.0334700345993042,39188,True,,train
Bombay_136,cat/black/images/Bombay_136.jpg,cat/black/masks/Bombay_136.png,cat,Bombay,black,11.87871551513672,-0.967666506767273,0.9512901306152344,21752,True,,train
Bombay_138,cat/black/images/Bombay_138.jpg,cat/black/masks/Bombay_138.png,cat,Bombay,black,15.179031372070312,1.821123123168945,0.0003993511199951,243077,True,,train
Bombay_139,cat/black/images/Bombay_139.jpg,cat/black/masks/Bombay_139.png,cat,Bombay,black,27.259258270263672,-0.9671226143836976,2.5093703269958496,33300,True,,train
Bombay_14,cat/black/images/Bombay_14.jpg,cat/black/masks/Bombay_14.png,cat,Bombay,black,4.93377685546875,1.0956897735595703,-2.026641368865967,12243,True,,train
Bombay_140,cat/black/images/Bombay_140.jpg,cat/black/masks/Bombay_140.png,cat,Bombay,black,15.721311569213867,-0.0002756714820861,0.0003993511199951,1444287,True,,train
Bombay_143,cat/black/images/Bombay_143.jpg,cat/black/masks/Bombay_143.png,cat,Bombay,black,5.77447509765625,-0.0004917383193969,1.0281682014465332,112553,True,,train
Bombay_144,cat/black/images/Bombay_144.jpg,cat/black/masks/Bombay_144.png,cat,Bombay,black,8.33059310913086,-0.0003203749656677,-1.2584954500198364,34208,True,,train
Bombay_145,cat/black/images/Bombay_145.jpg,cat/black/masks/Bombay_145.png,cat,Bombay,black,12.322885513305664,-0.0450164079666137,1.3337910175323486,106794,True,,train
Bombay_146,cat/black/images/Bombay_146.jpg,cat/black/masks/Bombay_146.png,cat,Bombay,black,10.956487655639648,3.22564697265625,-4.603329181671143,13546,True,,train
Bombay_15,cat/black/images/Bombay_15.jpg,cat/black/masks/Bombay_15.png,cat,Bombay,black,14.159446716308594,1.62486732006073,3.575441360473633,42781,True,,train
Bombay_150,cat/black/images/Bombay_150.jpg,cat/black/masks/Bombay_150.png,cat,Bombay,black,11.950450897216797,-0.9746253490447998,0.9586572647094728,22000,True,,train
Bombay_151,cat/black/images/Bombay_151.jpg,cat/black/masks/Bombay_151.png,cat,Bombay,black,19.64849090576172,2.2512972354888916,2.7899324893951416,282166,True,,train
Bombay_152,cat/black/images/Bombay_152.jpg,cat/black/masks/Bombay_152.png,cat,Bombay,black,9.563232421875,1.2528300285339355,-1.2731850147247314,87594,True,,train
Bombay_154,cat/black/images/Bombay_154.jpg,cat/black/masks/Bombay_154.png,cat,Bombay,black,12.990676879882812,1.55875825881958,2.8462767601013184,52641,True,,train
Bombay_156,cat/black/images/Bombay_156.jpg,cat/black/masks/Bombay_156.png,cat,Bombay,black,17.33718490600586,-2.698272466659546,-2.457958459854126,109194,True,,train
Bombay_157,cat/black/images/Bombay_157.jpg,cat/black/masks/Bombay_157.png,cat,Bombay,black,15.636343002319336,3.404810905456543,-5.49837064743042,286378,True,,train
Bombay_158,cat/black/images/Bombay_158.jpg,cat/black/masks/Bombay_158.png,cat,Bombay,black,11.439395904541016,-3.0953736305236816,4.053216934204102,138290,True,,train
Bombay_159,cat/black/images/Bombay_159.jpg,cat/black/masks/Bombay_159.png,cat,Bombay,black,19.336612701416016,0.8159875869750977,2.5304019451141357,23544,True,,train
Bombay_16,cat/black/images/Bombay_16.jpg,cat/black/masks/Bombay_16.png,cat,Bombay,black,15.376140594482422,1.775309443473816,-4.228690147399902,114929,True,,train
Bombay_160,cat/black/images/Bombay_160.jpg,cat/black/masks/Bombay_160.png,cat,Bombay,black,27.704147338867188,-7.381528854370117,-1.807403564453125,12687,True,,train
Bombay_162,cat/black/images/Bombay_162.jpg,cat/black/masks/Bombay_162.png,cat,Bombay,black,28.083755493164062,1.2871474027633667,-4.634109020233154,51535,True,,train
Bombay_163,cat/black/images/Bombay_163.jpg,cat/black/masks/Bombay_163.png,cat,Bombay,black,12.859127044677734,-0.6853044033050537,5.073553085327148,103161,True,,train
Bombay_164,cat/black/images/Bombay_164.jpg,cat/black/masks/Bombay_164.png,cat,Bombay,black,12.471586227416992,-0.0007152557373046,3.1397879123687744,57618,True,,train
Bombay_166,cat/black/images/Bombay_166.jpg,cat/black/masks/Bombay_166.png,cat,Bombay,black,10.889665603637695,-0.2939552068710327,1.50640606880188,168035,True,,train
Bombay_167,cat/black/images/Bombay_167.jpg,cat/black/masks/Bombay_167.png,cat,Bombay,black,12.710224151611328,0.0522807240486145,1.4892280101776123,156412,True,,train
Bombay_168,cat/black/images/Bombay_168.jpg,cat/black/masks/Bombay_168.png,cat,Bombay,black,5.882318496704102,-0.0001341104507446,0.0006079673767089,57154,True,,train
Bombay_169,cat/black/images/Bombay_169.jpg,cat/black/masks/Bombay_169.png,cat,Bombay,black,14.410261154174805,-0.2782419323921203,0.756913423538208,101730,True,,train
Bombay_170,cat/black/images/Bombay_170.jpg,cat/black/masks/Bombay_170.png,cat,Bombay,black,5.063304901123047,-0.0001341104507446,0.0002950429916381,46672,True,,train
Bombay_172,cat/black/images/Bombay_172.jpg,cat/black/masks/Bombay_172.png,cat,Bombay,black,9.633506774902344,3.2956972122192383,5.232486248016357,97273,True,,train
Bombay_173,cat/black/images/Bombay_173.jpg,cat/black/masks/Bombay_173.png,cat,Bombay,black,9.622303009033203,-2.10648775100708,4.138615608215332,53655,True,,train
Bombay_175,cat/black/images/Bombay_175.jpg,cat/black/masks/Bombay_175.png,cat,Bombay,black,24.968116760253903,6.121575832366943,1.5850961208343506,254192,True,,train
Bombay_176,cat/black/images/Bombay_176.jpg,cat/black/masks/Bombay_176.png,cat,Bombay,black,2.4075851440429688,0.2615004777908325,0.9512901306152344,140598,True,,train
Bombay_177,cat/black/images/Bombay_177.jpg,cat/black/masks/Bombay_177.png,cat,Bombay,black,12.990270614624023,-0.2893656492233276,1.2312859296798706,13716,True,,train
Bombay_178,cat/black/images/Bombay_178.jpg,cat/black/masks/Bombay_178.png,cat,Bombay,black,15.05055809020996,0.8689761161804199,-0.1938819885253906,75031,True,,train
Bombay_179,cat/black/images/Bombay_179.jpg,cat/black/masks/Bombay_179.png,cat,Bombay,black,18.561986923217773,5.1742939949035645,8.154034614562988,107714,True,,train
Bombay_18,cat/black/images/Bombay_18.jpg,cat/black/masks/Bombay_18.png,cat,Bombay,black,10.733684539794922,1.2497379779815674,1.3032734394073486,19195,True,,train
Bombay_180,cat/black/images/Bombay_180.jpg,cat/black/masks/Bombay_180.png,cat,Bombay,black,7.585939407348633,-0.0010877847671508,1.8349707126617432,36096,True,,train
Bombay_181,cat/black/images/Bombay_181.jpg,cat/black/masks/Bombay_181.png,cat,Bombay,black,24.076915740966797,-1.762881875038147,2.1198959350585938,34422,True,,train
Bombay_183,cat/black/images/Bombay_183.jpg,cat/black/masks/Bombay_183.png,cat,Bombay,black,14.581558227539062,3.1720101833343506,6.35513973236084,89693,True,,train
Bombay_185,cat/black/images/Bombay_185.jpg,cat/black/masks/Bombay_185.png,cat,Bombay,black,5.556795120239258,2.8763561248779297,0.5528301000595093,16659,True,,train
Bombay_188,cat/black/images/Bombay_188.jpg,cat/black/masks/Bombay_188.png,cat,Bombay,black,2.0174083709716797,-0.0001043081283569,0.000232458114624,13203,True,,train
Bombay_189,cat/black/images/Bombay_189.jpg,cat/black/masks/Bombay_189.png,cat,Bombay,black,11.63344383239746,-0.0167414546012878,3.0427515506744385,54974,True,,train
Bombay_19,cat/black/images/Bombay_19.jpg,cat/black/masks/Bombay_19.png,cat,Bombay,black,10.618719100952148,-1.2701600790023804,-1.3158977031707764,58654,True,,train
Bombay_190,cat/black/images/Bombay_190.jpg,cat/black/masks/Bombay_190.png,cat,Bombay,black,4.53557014465332,2.9338300228118896,0.5528301000595093,15503,True,,train
Bombay_191,cat/black/images/Bombay_191.jpg,cat/black/masks/Bombay_191.png,cat,Bombay,black,0.6636009216308594,0.9401291608810424,-0.0097692012786865,25324,True,,train
Bombay_193,cat/black/images/Bombay_193.jpg,cat/black/masks/Bombay_193.png,cat,Bombay,black,16.214990615844727,0.5240067839622498,0.0016212463378906,26474,True,,train
Bombay_194,cat/black/images/Bombay_194.jpg,cat/black/masks/Bombay_194.png,cat,Bombay,black,13.606666564941406,3.18633770942688,7.892960548400879,56549,True,,train
Bombay_198,cat/black/images/Bombay_198.jpg,cat/black/masks/Bombay_198.png,cat,Bombay,black,21.75006103515625,4.029080390930176,0.8993327617645264,47771,True,,train
Bombay_2,cat/black/images/Bombay_2.jpg,cat/black/masks/Bombay_2.png,cat,Bombay,black,16.330524444580078,5.18585729598999,-3.421151638031006,17335,True,,train
Bombay_20,cat/black/images/Bombay_20.jpg,cat/black/masks/Bombay_20.png,cat,Bombay,black,22.11480712890625,-3.049492835998535,5.343198776245117,72324,True,,train
Bombay_201,cat/black/images/Bombay_201.jpg,cat/black/masks/Bombay_201.png,cat,Bombay,black,26.14441680908203,-2.0872950553894043,0.3477275371551513,39023,True,,train
Bombay_203,cat/black/images/Bombay_203.jpg,cat/black/masks/Bombay_203.png,cat,Bombay,black,23.08856201171875,8.06373405456543,6.789767742156982,26909,True,,train
Bombay_204,cat/black/images/Bombay_204.jpg,cat/black/masks/Bombay_204.png,cat,Bombay,black,1.9192142486572263,-2.9802322387695312e-05,0.7570475339889526,5855,True,,train
Bombay_205,cat/black/images/Bombay_205.jpg,cat/black/masks/Bombay_205.png,cat,Bombay,black,19.46710968017578,-1.4822781085968018,2.9764504432678223,40632,True,,train
Bombay_206,cat/black/images/Bombay_206.jpg,cat/black/masks/Bombay_206.png,cat,Bombay,black,18.96414375305176,3.0261576175689697,-4.892807960510254,26828,True,,train
Bombay_208,cat/black/images/Bombay_208.jpg,cat/black/masks/Bombay_208.png,cat,Bombay,black,4.856132507324219,-0.2781227231025696,1.8002420663833618,9930,True,,train
Bombay_21,cat/black/images/Bombay_21.jpg,cat/black/masks/Bombay_21.png,cat,Bombay,black,18.041580200195312,1.0802894830703735,1.5960603952407837,31534,True,,train
Bombay_210,cat/black/images/Bombay_210.jpg,cat/black/masks/Bombay_210.png,cat,Bombay,black,5.498844146728516,0.9897127747535706,-3.2064051628112793,31603,True,,train
Bombay_214,cat/black/images/Bombay_214.jpg,cat/black/masks/Bombay_214.png,cat,Bombay,black,6.252838134765625,11.416114807128906,-5.720067024230957,24183,True,,train
Bombay_215,cat/black/images/Bombay_215.jpg,cat/black/masks/Bombay_215.png,cat,Bombay,black,16.66381072998047,3.818720579147339,0.8923053741455078,10055,True,,train
Bombay_217,cat/black/images/Bombay_217.jpg,cat/black/masks/Bombay_217.png,cat,Bombay,black,19.547401428222656,4.514157772064209,4.712700843811035,58263,True,,train
Bombay_22,cat/black/images/Bombay_22.jpg,cat/black/masks/Bombay_22.png,cat,Bombay,black,18.00290298461914,0.2147853374481201,0.0025033950805664,31832,True,,train
Bombay_23,cat/black/images/Bombay_23.jpg,cat/black/masks/Bombay_23.png,cat,Bombay,black,2.997171401977539,1.8817633390426636,1.803678274154663,81015,True,,train
Bombay_24,cat/black/images/Bombay_24.jpg,cat/black/masks/Bombay_24.png,cat,Bombay,black,24.237194061279297,-0.0022947788238525,-2.603048086166382,128946,True,,train
Bombay_27,cat/black/images/Bombay_27.jpg,cat/black/masks/Bombay_27.png,cat,Bombay,black,3.320959091186523,-0.2781376242637634,0.757145881652832,31380,True,,train
Bombay_29,cat/black/images/Bombay_29.jpg,cat/black/masks/Bombay_29.png,cat,Bombay,black,2.3103179931640625,-0.1390576362609863,0.9586572647094728,892843,True,,train
Bombay_30,cat/black/images/Bombay_30.jpg,cat/black/masks/Bombay_30.png,cat,Bombay,black,1.9192142486572263,-8.940696716308594e-05,0.0001966953277587,91106,True,,train
Bombay_32,cat/black/images/Bombay_32.jpg,cat/black/masks/Bombay_32.png,cat,Bombay,black,13.334108352661133,3.202028512954712,7.948967933654785,55633,True,,train
Bombay_33,cat/black/images/Bombay_33.jpg,cat/black/masks/Bombay_33.png,cat,Bombay,black,17.46691131591797,-0.00077486038208,0.0006556510925292,32951,True,,train
Bombay_34,cat/black/images/Bombay_34.jpg,cat/black/masks/Bombay_34.png,cat,Bombay,black,7.013360977172852,1.1850073337554932,0.0231266021728515,36111,True,,train
Bombay_36,cat/black/images/Bombay_36.jpg,cat/black/masks/Bombay_36.png,cat,Bombay,black,13.512247085571287,1.463688850402832,2.776369571685791,15045,True,,train
Bombay_37,cat/black/images/Bombay_37.jpg,cat/black/masks/Bombay_37.png,cat,Bombay,black,21.130434036254883,-0.2756267786026001,3.390949964523315,22728,True,,train
Bombay_38,cat/black/images/Bombay_38.jpg,cat/black/masks/Bombay_38.png,cat,Bombay,black,11.331348419189451,1.1964216232299805,-3.94212007522583,28515,True,,train
Bombay_39,cat/black/images/Bombay_39.jpg,cat/black/masks/Bombay_39.png,cat,Bombay,black,27.333410263061523,2.261221408843994,6.557321548461914,73776,True,,train
Bombay_4,cat/black/images/Bombay_4.jpg,cat/black/masks/Bombay_4.png,cat,Bombay,black,24.498291015625,1.510322093963623,2.36780047416687,162203,True,,train
Bombay_40,cat/black/images/Bombay_40.jpg,cat/black/masks/Bombay_40.png,cat,Bombay,black,4.070198059082031,-0.0082254409790039,2.2767810821533203,63251,True,,train
Bombay_41,cat/black/images/Bombay_41.jpg,cat/black/masks/Bombay_41.png,cat,Bombay,black,18.462993621826172,2.931356430053711,-5.055743217468262,516354,True,,train
Bombay_42,cat/black/images/Bombay_42.jpg,cat/black/masks/Bombay_42.png,cat,Bombay,black,6.318899154663086,-0.7038116455078125,0.0004351139068603,42867,True,,train
Bombay_43,cat/black/images/Bombay_43.jpg,cat/black/masks/Bombay_43.png,cat,Bombay,black,7.223085403442383,-0.0003203749656677,0.0011324882507324,105893,True,,train
Bombay_45,cat/black/images/Bombay_45.jpg,cat/black/masks/Bombay_45.png,cat,Bombay,black,21.07451629638672,0.0508278608322143,-2.622544765472412,215776,True,,train
Bombay_47,cat/black/images/Bombay_47.jpg,cat/black/masks/Bombay_47.png,cat,Bombay,black,6.237720489501953,0.277981162071228,-1.976144313812256,41580,True,,train
Bombay_48,cat/black/images/Bombay_48.jpg,cat/black/masks/Bombay_48.png,cat,Bombay,black,10.934488296508787,4.578649997711182,2.599412202835083,51418,True,,train
Bombay_49,cat/black/images/Bombay_49.jpg,cat/black/masks/Bombay_49.png,cat,Bombay,black,2.7021617889404297,-0.2782270312309265,0.7571756839752197,50889,True,,train
Bombay_5,cat/black/images/Bombay_5.jpg,cat/black/masks/Bombay_5.png,cat,Bombay,black,15.698284149169922,4.335135459899902,0.7569968700408936,179903,True,,train
Bombay_50,cat/black/images/Bombay_50.jpg,cat/black/masks/Bombay_50.png,cat,Bombay,black,16.040924072265625,0.9061992168426514,-3.384089469909668,117162,True,,train
Bombay_52,cat/black/images/Bombay_52.jpg,cat/black/masks/Bombay_52.png,cat,Bombay,black,10.29263687133789,0.5211085081100464,0.000232458114624,106937,True,,train
Bombay_53,cat/black/images/Bombay_53.jpg,cat/black/masks/Bombay_53.png,cat,Bombay,black,10.522232055664062,0.4893168807029724,0.0002622604370117,29957,True,,train
Bombay_54,cat/black/images/Bombay_54.jpg,cat/black/masks/Bombay_54.png,cat,Bombay,black,12.102073669433594,-0.9568408131599426,2.9239892959594727,130316,True,,train
Bombay_55,cat/black/images/Bombay_55.jpg,cat/black/masks/Bombay_55.png,cat,Bombay,black,25.922775268554688,-0.422552227973938,6.465280055999756,22663,True,,train
Bombay_57,cat/black/images/Bombay_57.jpg,cat/black/masks/Bombay_57.png,cat,Bombay,black,10.83656883239746,1.2233331203460691,-3.94212007522583,65262,True,,train
Bombay_58,cat/black/images/Bombay_58.jpg,cat/black/masks/Bombay_58.png,cat,Bombay,black,0.900930404663086,-0.0166743993759155,0.8490502834320068,68733,True,,train
Bombay_59,cat/black/images/Bombay_59.jpg,cat/black/masks/Bombay_59.png,cat,Bombay,black,18.56267547607422,-1.332022190093994,4.2995123863220215,152302,True,,train
Bombay_6,cat/black/images/Bombay_6.jpg,cat/black/masks/Bombay_6.png,cat,Bombay,black,5.793176651000977,2.093844175338745,3.333413600921631,61547,True,,train
Bombay_60,cat/black/images/Bombay_60.jpg,cat/black/masks/Bombay_60.png,cat,Bombay,black,6.318899154663086,-0.0001341104507446,0.1943469047546386,68756,True,,train
Bombay_61,cat/black/images/Bombay_61.jpg,cat/black/masks/Bombay_61.png,cat,Bombay,black,17.097396850585938,0.0199377536773681,5.327391624450684,119394,True,,train
Bombay_62,cat/black/images/Bombay_62.jpg,cat/black/masks/Bombay_62.png,cat,Bombay,black,24.020294189453125,2.3172049522399902,4.913008213043213,76843,True,,train
Bombay_63,cat/black/images/Bombay_63.jpg,cat/black/masks/Bombay_63.png,cat,Bombay,black,10.341793060302734,1.1409223079681396,2.856159210205078,82229,True,,train
Bombay_64,cat/black/images/Bombay_64.jpg,cat/black/masks/Bombay_64.png,cat,Bombay,black,14.701534271240234,3.718256950378418,-0.2964615821838379,25971,True,,train
Bombay_65,cat/black/images/Bombay_65.jpg,cat/black/masks/Bombay_65.png,cat,Bombay,black,27.298755645751953,3.9542019367218018,-7.379549980163574,56537,True,,train
Bombay_66,cat/black/images/Bombay_66.jpg,cat/black/masks/Bombay_66.png,cat,Bombay,black,29.86374282836914,6.0450286865234375,6.366950035095215,106938,True,,train
Bombay_67,cat/black/images/Bombay_67.jpg,cat/black/masks/Bombay_67.png,cat,Bombay,black,27.77505111694336,1.863658428192139,2.3420393466949463,177317,True,,train
Bombay_68,cat/black/images/Bombay_68.jpg,cat/black/masks/Bombay_68.png,cat,Bombay,black,15.031208038330078,2.955138683319092,3.3897817134857178,75801,True,,train
Bombay_69,cat/black/images/Bombay_69.jpg,cat/black/masks/Bombay_69.png,cat,Bombay,black,21.886558532714844,4.082068920135498,0.9141087532043456,48267,True,,train
Bombay_7,cat/black/images/Bombay_7.jpg,cat/black/masks/Bombay_7.png,cat,Bombay,black,6.046442031860352,-1.4124959707260132,2.5093703269958496,45796,True,,train
Bombay_71,cat/black/images/Bombay_71.jpg,cat/black/masks/Bombay_71.png,cat,Bombay,black,23.590900421142575,4.739508152008057,7.337790489196777,51118,True,,train
Bombay_72,cat/black/images/Bombay_72.jpg,cat/black/masks/Bombay_72.png,cat,Bombay,black,25.525890350341797,5.108348846435547,5.004429817199707,167893,True,,train
Bombay_73,cat/black/images/Bombay_73.jpg,cat/black/masks/Bombay_73.png,cat,Bombay,black,15.436563491821287,6.146669387817383,7.646536827087402,60737,True,,train
Bombay_74,cat/black/images/Bombay_74.jpg,cat/black/masks/Bombay_74.png,cat,Bombay,black,3.320959091186523,-8.940696716308594e-05,0.0002622604370117,62403,True,,train
Bombay_76,cat/black/images/Bombay_76.jpg,cat/black/masks/Bombay_76.png,cat,Bombay,black,6.353939056396484,-0.0001192092895507,1.0334700345993042,29193,True,,train
Bombay_80,cat/black/images/Bombay_80.jpg,cat/black/masks/Bombay_80.png,cat,Bombay,black,18.797035217285156,12.425661087036133,-4.007464408874512,16031,True,,train
Bombay_81,cat/black/images/Bombay_81.jpg,cat/black/masks/Bombay_81.png,cat,Bombay,black,24.400604248046875,4.710450649261475,2.998584508895874,39667,True,,train
Bombay_82,cat/black/images/Bombay_82.jpg,cat/black/masks/Bombay_82.png,cat,Bombay,black,11.946701049804688,3.2586827278137207,-5.147573471069336,15827,True,,train
Bombay_85,cat/black/images/Bombay_85.jpg,cat/black/masks/Bombay_85.png,cat,Bombay,black,16.26831817626953,2.448424816131592,7.790660858154297,29295,True,,train
Bombay_86,cat/black/images/Bombay_86.jpg,cat/black/masks/Bombay_86.png,cat,Bombay,black,10.268184661865234,-0.0004544854164123,0.0011146068572998,44823,True,,train
Bombay_87,cat/black/images/Bombay_87.jpg,cat/black/masks/Bombay_87.png,cat,Bombay,black,5.645046234130859,1.4069006443023682,2.8122305870056152,45179,True,,train
Bombay_88,cat/black/images/Bombay_88.jpg,cat/black/masks/Bombay_88.png,cat,Bombay,black,1.1932106018066406,1.3458430767059326,-0.7568150758743286,14870,True,,train
Bombay_89,cat/black/images/Bombay_89.jpg,cat/black/masks/Bombay_89.png,cat,Bombay,black,10.610401153564451,2.495244026184082,-4.822027683258057,114506,True,,train
Bombay_9,cat/black/images/Bombay_9.jpg,cat/black/masks/Bombay_9.png,cat,Bombay,black,2.6679000854492188,-1.2183711528778076,2.0484983921051025,73427,True,,train
Bombay_90,cat/black/images/Bombay_90.jpg,cat/black/masks/Bombay_90.png,cat,Bombay,black,16.559688568115234,3.122597932815552,1.537275314331055,126844,True,,train
Bombay_91,cat/black/images/Bombay_91.jpg,cat/black/masks/Bombay_91.png,cat,Bombay,black,14.16804313659668,1.1607557535171509,-0.3397852182388305,121817,True,,train
Bombay_92,cat/black/images/Bombay_92.jpg,cat/black/masks/Bombay_92.png,cat,Bombay,black,26.25237274169922,-2.081319808959961,0.3531515598297119,39170,True,,train
Bombay_93,cat/black/images/Bombay_93.jpg,cat/black/masks/Bombay_93.png,cat,Bombay,black,6.043701171875,0.0240728259086608,-7.843089103698731,33593,True,,train
Bombay_94,cat/black/images/Bombay_94.jpg,cat/black/masks/Bombay_94.png,cat,Bombay,black,21.78221893310547,2.2035539150238037,2.791076898574829,124872,True,,train
Bombay_95,cat/black/images/Bombay_95.jpg,cat/black/masks/Bombay_95.png,cat,Bombay,black,20.440940856933594,1.590237021446228,3.643995523452759,161191,True,,train
Bombay_96,cat/black/images/Bombay_96.jpg,cat/black/masks/Bombay_96.png,cat,Bombay,black,7.692052841186523,10.271615982055664,6.984004497528076,98623,True,,train
Bombay_97,cat/black/images/Bombay_97.jpg,cat/black/masks/Bombay_97.png,cat,Bombay,black,26.440093994140625,7.899582386016846,-4.455894470214844,73991,True,,train
Bombay_99,cat/black/images/Bombay_99.jpg,cat/black/masks/Bombay_99.png,cat,Bombay,black,29.431434631347656,3.200404405593872,1.6643047332763672,38024,True,,train
British_Shorthair_127,cat/black/images/British_Shorthair_127.jpg,cat/black/masks/British_Shorthair_127.png,cat,British_Shorthair,black,29.436595916748047,1.949191093444824,-3.3589065074920654,90842,True,,train
British_Shorthair_130,cat/black/images/British_Shorthair_130.jpg,cat/black/masks/British_Shorthair_130.png,cat,British_Shorthair,black,16.89508819580078,-0.0768154859542846,3.3007144927978516,77711,True,,train
British_Shorthair_157,cat/black/images/British_Shorthair_157.jpg,cat/black/masks/British_Shorthair_157.png,cat,British_Shorthair,black,29.424245834350582,0.0383853912353515,-2.0842642784118652,39740,True,,train
British_Shorthair_182,cat/black/images/British_Shorthair_182.jpg,cat/black/masks/British_Shorthair_182.png,cat,British_Shorthair,black,29.562366485595703,1.2056231498718262,8.443607330322266,103640,True,,train
British_Shorthair_267,cat/black/images/British_Shorthair_267.jpg,cat/black/masks/British_Shorthair_267.png,cat,British_Shorthair,black,27.748706817626953,5.9743971824646,10.224998474121094,158955,True,,train
British_Shorthair_71,cat/black/images/British_Shorthair_71.jpg,cat/black/masks/British_Shorthair_71.png,cat,British_Shorthair,black,11.069862365722656,6.260066986083984,4.42952823638916,85526,True,,train
Persian_2,cat/black/images/Persian_2.jpg,cat/black/masks/Persian_2.png,cat,Persian,black,18.293323516845703,4.903219699859619,8.624482154846191,46801,True,,train
Persian_228,cat/black/images/Persian_228.jpg,cat/black/masks/Persian_228.png,cat,Persian,black,4.680421829223633,-0.0002458691596984,0.0005632638931274,42293,True,,train
Persian_36,cat/black/images/Persian_36.jpg,cat/black/masks/Persian_36.png,cat,Persian,black,16.246780395507812,1.1975020170211792,3.0627846717834473,140062,True,,train
Russian_Blue_110,cat/black/images/Russian_Blue_110.jpg,cat/black/masks/Russian_Blue_110.png,cat,Russian_Blue,black,28.142555236816406,4.508316516876221,-0.3439754247665405,95682,True,,train
Russian_Blue_200,cat/black/images/Russian_Blue_200.jpg,cat/black/masks/Russian_Blue_200.png,cat,Russian_Blue,black,26.936267852783203,0.3613829612731933,3.08968734741211,12449,True,,train
Russian_Blue_221,cat/black/images/Russian_Blue_221.jpg,cat/black/masks/Russian_Blue_221.png,cat,Russian_Blue,black,17.905662536621094,2.672128438949585,-3.748255968093872,14043,True,,train
Russian_Blue_97,cat/black/images/Russian_Blue_97.jpg,cat/black/masks/Russian_Blue_97.png,cat,Russian_Blue,black,4.27916145324707,-0.9568259119987488,1.8002092838287354,99718,True,,train
Siamese_75,cat/black/images/Siamese_75.jpg,cat/black/masks/Siamese_75.png,cat,Siamese,black,24.38629150390625,1.4566779136657717,2.742061138153076,125220,True,,train
British_Shorthair_101,cat/gray/images/British_Shorthair_101.jpg,cat/gray/masks/British_Shorthair_101.png,cat,British_Shorthair,gray,29.320457458496097,1.0507553815841677,1.1908113956451416,59993,True,,train
British_Shorthair_105,cat/gray/images/British_Shorthair_105.jpg,cat/gray/masks/British_Shorthair_105.png,cat,British_Shorthair,gray,29.78194808959961,1.576945185661316,-10.372376441955566,108494,True,,train
British_Shorthair_106,cat/gray/images/British_Shorthair_106.jpg,cat/gray/masks/British_Shorthair_106.png,cat,British_Shorthair,gray,25.00288772583008,2.091996431350708,-0.295722484588623,63543,True,,train
British_Shorthair_111,cat/gray/images/British_Shorthair_111.jpg,cat/gray/masks/British_Shorthair_111.png,cat,British_Shorthair,gray,26.823211669921875,3.6620497703552246,2.6842355728149414,148800,True,,train
British_Shorthair_117,cat/gray/images/British_Shorthair_117.jpg,cat/gray/masks/British_Shorthair_117.png,cat,British_Shorthair,gray,19.940704345703125,1.6561150550842283,2.778327465057373,37879,True,,train
British_Shorthair_140,cat/gray/images/British_Shorthair_140.jpg,cat/gray/masks/British_Shorthair_140.png,cat,British_Shorthair,gray,21.469802856445312,9.658858299255373,3.29447078704834,58662,True,,train
British_Shorthair_159,cat/gray/images/British_Shorthair_159.jpg,cat/gray/masks/British_Shorthair_159.png,cat,British_Shorthair,gray,25.744728088378903,3.47985315322876,-3.538137674331665,68502,True,,train
British_Shorthair_163,cat/gray/images/British_Shorthair_163.jpg,cat/gray/masks/British_Shorthair_163.png,cat,British_Shorthair,gray,15.37279987335205,-2.3851096630096436,3.721928596496582,34040,True,,train
British_Shorthair_169,cat/gray/images/British_Shorthair_169.jpg,cat/gray/masks/British_Shorthair_169.png,cat,British_Shorthair,gray,20.53241729736328,0.0737011432647705,1.3308703899383545,33427,True,,train
British_Shorthair_180,cat/gray/images/British_Shorthair_180.jpg,cat/gray/masks/British_Shorthair_180.png,cat,British_Shorthair,gray,25.60594940185547,0.9990781545639038,7.732179641723633,77177,True,,train
British_Shorthair_184,cat/gray/images/British_Shorthair_184.jpg,cat/gray/masks/British_Shorthair_184.png,cat,British_Shorthair,gray,21.55488967895508,0.9286701679229736,3.437298536300659,102529,True,,train
British_Shorthair_196,cat/gray/images/British_Shorthair_196.jpg,cat/gray/masks/British_Shorthair_196.png,cat,British_Shorthair,gray,26.520496368408203,2.2444872856140137,5.302715301513672,82583,True,,train
British_Shorthair_34,cat/gray/images/British_Shorthair_34.jpg,cat/gray/masks/British_Shorthair_34.png,cat,British_Shorthair,gray,17.432910919189453,1.8951594829559328,-0.3310203552246094,81671,True,,train
British_Shorthair_41,cat/gray/images/British_Shorthair_41.jpg,cat/gray/masks/British_Shorthair_41.png,cat,British_Shorthair,gray,18.316905975341797,3.58171010017395,12.334641456604004,62207,True,,train
British_Shorthair_8,cat/gray/images/British_Shorthair_8.jpg,cat/gray/masks/British_Shorthair_8.png,cat,British_Shorthair,gray,26.82186508178711,7.4579267501831055,-4.04590368270874,37353,True,,train
British_Shorthair_83,cat/gray/images/British_Shorthair_83.jpg,cat/gray/masks/British_Shorthair_83.png,cat,British_Shorthair,gray,21.416568756103516,4.28396463394165,12.057906150817873,67850,True,,train
British_Shorthair_93,cat/gray/images/British_Shorthair_93.jpg,cat/gray/masks/British_Shorthair_93.png,cat,British_Shorthair,gray,21.162525177001953,5.581930160522461,4.603189468383789,94209,True,,train
British_Shorthair_95,cat/gray/images/British_Shorthair_95.jpg,cat/gray/masks/British_Shorthair_95.png,cat,British_Shorthair,gray,28.27081298828125,5.436256408691406,11.211532592773438,84017,True,,train
Egyptian_Mau_50,cat/gray/images/Egyptian_Mau_50.jpg,cat/gray/masks/Egyptian_Mau_50.png,cat,Egyptian_Mau,gray,29.308895111083984,4.681363582611084,11.086076736450195,105492,True,,train
Russian_Blue_1,cat/gray/images/Russian_Blue_1.jpg,cat/gray/masks/Russian_Blue_1.png,cat,Russian_Blue,gray,29.20592498779297,8.110880851745605,3.10148286819458,22118,True,,train
Russian_Blue_117,cat/gray/images/Russian_Blue_117.jpg,cat/gray/masks/Russian_Blue_117.png,cat,Russian_Blue,gray,27.289474487304688,-0.4676319658756256,3.840464353561402,24186,True,,train
Russian_Blue_129,cat/gray/images/Russian_Blue_129.jpg,cat/gray/masks/Russian_Blue_129.png,cat,Russian_Blue,gray,28.22644805908203,1.4897584915161133,6.645173072814941,67339,True,,train
Russian_Blue_150,cat/gray/images/Russian_Blue_150.jpg,cat/gray/masks/Russian_Blue_150.png,cat,Russian_Blue,gray,28.620582580566406,4.280313968658447,-1.6281276941299438,60095,True,,train
Russian_Blue_154,cat/gray/images/Russian_Blue_154.jpg,cat/gray/masks/Russian_Blue_154.png,cat,Russian_Blue,gray,24.782800674438477,3.1870603561401367,2.7641594409942627,47658,True,,train
Russian_Blue_157,cat/gray/images/Russian_Blue_157.jpg,cat/gray/masks/Russian_Blue_157.png,cat,Russian_Blue,gray,29.97899627685547,4.96460485458374,-12.844014167785645,69018,True,,train
Russian_Blue_158,cat/gray/images/Russian_Blue_158.jpg,cat/gray/masks/Russian_Blue_158.png,cat,Russian_Blue,gray,24.039981842041016,11.72325038909912,13.019868850708008,54513,True,,train
Russian_Blue_168,cat/gray/images/Russian_Blue_168.jpg,cat/gray/masks/Russian_Blue_168.png,cat,Russian_Blue,gray,26.345272064208984,1.3021975755691528,2.9474973678588867,59639,True,,train
Russian_Blue_180,cat/gray/images/Russian_Blue_180.jpg,cat/gray/masks/Russian_Blue_180.png,cat,Russian_Blue,gray,22.788562774658203,1.7254128456115725,2.5304019451141357,133546,True,,train
Russian_Blue_182,cat/gray/images/Russian_Blue_182.jpg,cat/gray/masks/Russian_Blue_182.png,cat,Russian_Blue,gray,22.482566833496097,0.3276541829109192,1.7138630151748655,98987,True,,train
Russian_Blue_192,cat/gray/images/Russian_Blue_192.jpg,cat/gray/masks/Russian_Blue_192.png,cat,Russian_Blue,gray,28.196014404296875,1.5350133180618286,2.040839195251465,103692,True,,train
Russian_Blue_204,cat/gray/images/Russian_Blue_204.jpg,cat/gray/masks/Russian_Blue_204.png,cat,Russian_Blue,gray,26.250568389892575,1.1617839336395264,-1.2162089347839355,75826,True,,train
Russian_Blue_212,cat/gray/images/Russian_Blue_212.jpg,cat/gray/masks/Russian_Blue_212.png,cat,Russian_Blue,gray,29.32701110839844,0.0371932983398437,-3.5751163959503174,83331,True,,train
Russian_Blue_222,cat/gray/images/Russian_Blue_222.jpg,cat/gray/masks/Russian_Blue_222.png,cat,Russian_Blue,gray,20.444034576416016,-0.0071153044700622,0.0023961067199707,45211,True,,train
Russian_Blue_226,cat/gray/images/Russian_Blue_226.jpg,cat/gray/masks/Russian_Blue_226.png,cat,Russian_Blue,gray,26.890865325927734,-4.141509532928467,-3.663939237594605,39221,True,,train
Russian_Blue_239,cat/gray/images/Russian_Blue_239.jpg,cat/gray/masks/Russian_Blue_239.png,cat,Russian_Blue,gray,29.320457458496097,-0.0155717134475708,1.2535274028778076,22076,True,,train
Russian_Blue_258,cat/gray/images/Russian_Blue_258.jpg,cat/gray/masks/Russian_Blue_258.png,cat,Russian_Blue,gray,26.501480102539062,3.031864643096924,3.811800479888916,55233,True,,train
Russian_Blue_34,cat/gray/images/Russian_Blue_34.jpg,cat/gray/masks/Russian_Blue_34.png,cat,Russian_Blue,gray,24.25615501403809,2.915665626525879,2.3555219173431396,105102,True,,train
Russian_Blue_57,cat/gray/images/Russian_Blue_57.jpg,cat/gray/masks/Russian_Blue_57.png,cat,Russian_Blue,gray,29.436595916748047,1.373082399368286,2.704930305480957,38196,True,,train
Russian_Blue_70,cat/gray/images/Russian_Blue_70.jpg,cat/gray/masks/Russian_Blue_70.png,cat,Russian_Blue,gray,19.827896118164062,-1.661732792854309,10.759133338928224,34579,True,,train
Russian_Blue_78,cat/gray/images/Russian_Blue_78.jpg,cat/gray/masks/Russian_Blue_78.png,cat,Russian_Blue,gray,27.204193115234375,3.912434101104736,2.1508991718292236,70689,True,,train
Russian_Blue_80,cat/gray/images/Russian_Blue_80.jpg,cat/gray/masks/Russian_Blue_80.png,cat,Russian_Blue,gray,13.889320373535156,-1.4901161193847656e-05,0.0007063150405883,69382,True,,train
Russian_Blue_85,cat/gray/images/Russian_Blue_85.jpg,cat/gray/masks/Russian_Blue_85.png,cat,Russian_Blue,gray,25.16875457763672,1.62467360496521,0.9601235389709472,101654,True,,train
Russian_Blue_94,cat/gray/images/Russian_Blue_94.jpg,cat/gray/masks/Russian_Blue_94.png,cat,Russian_Blue,gray,29.943580627441406,1.8814057111740112,0.0014126300811767,66854,True,,train
american_bulldog_101,dog/brown/images/american_bulldog_101.jpg,dog/brown/masks/american_bulldog_101.png,dog,american_bulldog,brown,42.029571533203125,6.293267250061035,14.31589126586914,47602,True,,train
american_bulldog_102,dog/brown/images/american_bulldog_102.jpg,dog/brown/masks/american_bulldog_102.png,dog,american_bulldog,brown,36.574317932128906,9.569108963012695,15.328764915466309,60033,True,,train
american_bulldog_132,dog/brown/images/american_bulldog_132.jpg,dog/brown/masks/american_bulldog_132.png,dog,american_bulldog,brown,38.92824172973633,3.2314658164978027,14.10185718536377,126824,True,,train
american_pit_bull_terrier_103,dog/brown/images/american_pit_bull_terrier_103.jpg,dog/brown/masks/american_pit_bull_terrier_103.png,dog,american_pit_bull_terrier,brown,30.873703002929688,14.64034652709961,15.675407409667969,92765,True,,train
american_pit_bull_terrier_110,dog/brown/images/american_pit_bull_terrier_110.jpg,dog/brown/masks/american_pit_bull_terrier_110.png,dog,american_pit_bull_terrier,brown,52.19776153564453,4.223227500915527,21.896224975585938,23026,True,,train
american_pit_bull_terrier_12,dog/brown/images/american_pit_bull_terrier_12.jpg,dog/brown/masks/american_pit_bull_terrier_12.png,dog,american_pit_bull_terrier,brown,54.40885925292969,8.596301078796387,20.356565475463867,39446,True,,train
american_pit_bull_terrier_121,dog/brown/images/american_pit_bull_terrier_121.jpg,dog/brown/masks/american_pit_bull_terrier_121.png,dog,american_pit_bull_terrier,brown,46.04436492919922,8.93421459197998,16.17692756652832,31298,True,,train
american_pit_bull_terrier_122,dog/brown/images/american_pit_bull_terrier_122.jpg,dog/brown/masks/american_pit_bull_terrier_122.png,dog,american_pit_bull_terrier,brown,34.68644714355469,20.683366775512695,13.329971313476562,19848,True,,train
american_pit_bull_terrier_128,dog/brown/images/american_pit_bull_terrier_128.jpg,dog/brown/masks/american_pit_bull_terrier_128.png,dog,american_pit_bull_terrier,brown,31.46346092224121,9.177000045776367,16.762035369873047,17858,True,,train
american_pit_bull_terrier_13,dog/brown/images/american_pit_bull_terrier_13.jpg,dog/brown/masks/american_pit_bull_terrier_13.png,dog,american_pit_bull_terrier,brown,44.87774658203125,11.394500732421877,24.578540802001953,67798,True,,train
american_pit_bull_terrier_130,dog/brown/images/american_pit_bull_terrier_130.jpg,dog/brown/masks/american_pit_bull_terrier_130.png,dog,american_pit_bull_terrier,brown,45.95560073852539,7.094681262969971,16.73688316345215,49635,True,,train
american_pit_bull_terrier_134,dog/brown/images/american_pit_bull_terrier_134.jpg,dog/brown/masks/american_pit_bull_terrier_134.png,dog,american_pit_bull_terrier,brown,39.60509490966797,4.273056983947754,25.87629508972168,35673,True,,train
american_pit_bull_terrier_139,dog/brown/images/american_pit_bull_terrier_139.jpg,dog/brown/masks/american_pit_bull_terrier_139.png,dog,american_pit_bull_terrier,brown,47.617061614990234,12.953817367553713,29.15865135192871,9965,True,,train
american_pit_bull_terrier_14,dog/brown/images/american_pit_bull_terrier_14.jpg,dog/brown/masks/american_pit_bull_terrier_14.png,dog,american_pit_bull_terrier,brown,39.68986511230469,13.742029190063477,14.210351943969728,69279,True,,train
american_pit_bull_terrier_141,dog/brown/images/american_pit_bull_terrier_141.jpg,dog/brown/masks/american_pit_bull_terrier_141.png,dog,american_pit_bull_terrier,brown,34.45439910888672,12.72629165649414,16.17233657836914,39134,True,,train
american_pit_bull_terrier_145,dog/brown/images/american_pit_bull_terrier_145.jpg,dog/brown/masks/american_pit_bull_terrier_145.png,dog,american_pit_bull_terrier,brown,54.28309631347656,5.133271217346191,15.584421157836914,24421,True,,train
american_pit_bull_terrier_149,dog/brown/images/american_pit_bull_terrier_149.jpg,dog/brown/masks/american_pit_bull_terrier_149.png,dog,american_pit_bull_terrier,brown,68.61359405517578,7.452130317687988,25.648725509643555,45204,True,,train
american_pit_bull_terrier_158,dog/brown/images/american_pit_bull_terrier_158.jpg,dog/brown/masks/american_pit_bull_terrier_158.png,dog,american_pit_bull_terrier,brown,52.87145233154297,8.027225494384766,24.50600814819336,29851,True,,train
american_pit_bull_terrier_168,dog/brown/images/american_pit_bull_terrier_168.jpg,dog/brown/masks/american_pit_bull_terrier_168.png,dog,american_pit_bull_terrier,brown,62.116416931152344,8.727684020996094,13.782342910766602,20332,True,,train
american_pit_bull_terrier_169,dog/brown/images/american_pit_bull_terrier_169.jpg,dog/brown/masks/american_pit_bull_terrier_169.png,dog,american_pit_bull_terrier,brown,39.79716491699219,2.042069911956787,17.35903549194336,39431,True,,train
american_pit_bull_terrier_171,dog/brown/images/american_pit_bull_terrier_171.jpg,dog/brown/masks/american_pit_bull_terrier_171.png,dog,american_pit_bull_terrier,brown,47.94514465332031,17.979026794433594,24.337745666503903,28792,True,,train
american_pit_bull_terrier_177,dog/brown/images/american_pit_bull_terrier_177.jpg,dog/brown/masks/american_pit_bull_terrier_177.png,dog,american_pit_bull_terrier,brown,59.91094207763672,10.466754913330078,16.906917572021484,13389,True,,train
american_pit_bull_terrier_178,dog/brown/images/american_pit_bull_terrier_178.jpg,dog/brown/masks/american_pit_bull_terrier_178.png,dog,american_pit_bull_terrier,brown,50.670387268066406,6.343960762023926,25.38603973388672,32860,True,,train
american_pit_bull_terrier_181,dog/brown/images/american_pit_bull_terrier_181.jpg,dog/brown/masks/american_pit_bull_terrier_181.png,dog,american_pit_bull_terrier,brown,60.73755645751953,14.76651382446289,24.557716369628903,42893,True,,train
american_pit_bull_terrier_193,dog/brown/images/american_pit_bull_terrier_193.jpg,dog/brown/masks/american_pit_bull_terrier_193.png,dog,american_pit_bull_terrier,brown,50.899024963378906,6.9519429206848145,14.765620231628418,39996,True,,train
american_pit_bull_terrier_20,dog/brown/images/american_pit_bull_terrier_20.jpg,dog/brown/masks/american_pit_bull_terrier_20.png,dog,american_pit_bull_terrier,brown,47.97906494140625,13.130203247070312,16.177581787109375,116914,True,,train
american_pit_bull_terrier_201,dog/brown/images/american_pit_bull_terrier_201.jpg,dog/brown/masks/american_pit_bull_terrier_201.png,dog,american_pit_bull_terrier,brown,43.31495666503906,11.144489288330078,20.638996124267575,28473,True,,train
american_pit_bull_terrier_22,dog/brown/images/american_pit_bull_terrier_22.jpg,dog/brown/masks/american_pit_bull_terrier_22.png,dog,american_pit_bull_terrier,brown,42.43134689331055,18.244461059570312,15.854490280151367,39763,True,,train
american_pit_bull_terrier_23,dog/brown/images/american_pit_bull_terrier_23.jpg,dog/brown/masks/american_pit_bull_terrier_23.png,dog,american_pit_bull_terrier,brown,49.6480598449707,5.794949531555176,15.15672492980957,127834,True,,train
american_pit_bull_terrier_24,dog/brown/images/american_pit_bull_terrier_24.jpg,dog/brown/masks/american_pit_bull_terrier_24.png,dog,american_pit_bull_terrier,brown,60.03069305419922,14.878540992736816,14.689552307128906,35509,True,,train
american_pit_bull_terrier_37,dog/brown/images/american_pit_bull_terrier_37.jpg,dog/brown/masks/american_pit_bull_terrier_37.png,dog,american_pit_bull_terrier,brown,39.836326599121094,19.276708602905273,33.76442337036133,64453,True,,train
american_pit_bull_terrier_47,dog/brown/images/american_pit_bull_terrier_47.jpg,dog/brown/masks/american_pit_bull_terrier_47.png,dog,american_pit_bull_terrier,brown,50.103118896484375,7.851868629455566,23.573869705200195,129063,True,,train
american_pit_bull_terrier_48,dog/brown/images/american_pit_bull_terrier_48.jpg,dog/brown/masks/american_pit_bull_terrier_48.png,dog,american_pit_bull_terrier,brown,49.93782043457031,14.64912223815918,32.859806060791016,56778,True,,train
american_pit_bull_terrier_49,dog/brown/images/american_pit_bull_terrier_49.jpg,dog/brown/masks/american_pit_bull_terrier_49.png,dog,american_pit_bull_terrier,brown,56.71404266357422,7.504672050476074,20.124435424804688,107531,True,,train
american_pit_bull_terrier_51,dog/brown/images/american_pit_bull_terrier_51.jpg,dog/brown/masks/american_pit_bull_terrier_51.png,dog,american_pit_bull_terrier,brown,40.51423645019531,6.976902484893799,13.66850757598877,39725,True,,train
american_pit_bull_terrier_52,dog/brown/images/american_pit_bull_terrier_52.jpg,dog/brown/masks/american_pit_bull_terrier_52.png,dog,american_pit_bull_terrier,brown,36.59209442138672,11.611997604370115,19.860631942749023,78053,True,,train
american_pit_bull_terrier_57,dog/brown/images/american_pit_bull_terrier_57.jpg,dog/brown/masks/american_pit_bull_terrier_57.png,dog,american_pit_bull_terrier,brown,35.202919006347656,13.631537437438965,20.921533584594727,41352,True,,train
american_pit_bull_terrier_58,dog/brown/images/american_pit_bull_terrier_58.jpg,dog/brown/masks/american_pit_bull_terrier_58.png,dog,american_pit_bull_terrier,brown,50.038360595703125,9.985118865966797,21.21916961669922,156963,True,,train
american_pit_bull_terrier_6,dog/brown/images/american_pit_bull_terrier_6.jpg,dog/brown/masks/american_pit_bull_terrier_6.png,dog,american_pit_bull_terrier,brown,31.257816314697266,5.243711471557617,12.368741989135742,41244,True,,train
american_pit_bull_terrier_66,dog/brown/images/american_pit_bull_terrier_66.jpg,dog/brown/masks/american_pit_bull_terrier_66.png,dog,american_pit_bull_terrier,brown,55.99806213378906,4.733830451965332,17.03372573852539,29768,True,,train
american_pit_bull_terrier_7,dog/brown/images/american_pit_bull_terrier_7.jpg,dog/brown/masks/american_pit_bull_terrier_7.png,dog,american_pit_bull_terrier,brown,50.097801208496094,5.959958076477051,23.602081298828125,74363,True,,train
american_pit_bull_terrier_70,dog/brown/images/american_pit_bull_terrier_70.jpg,dog/brown/masks/american_pit_bull_terrier_70.png,dog,american_pit_bull_terrier,brown,61.51036834716797,9.997010231018066,26.88114356994629,83254,True,,train
american_pit_bull_terrier_72,dog/brown/images/american_pit_bull_terrier_72.jpg,dog/brown/masks/american_pit_bull_terrier_72.png,dog,american_pit_bull_terrier,brown,47.99063873291016,20.076005935668945,31.735431671142575,28449,True,,train
american_pit_bull_terrier_73,dog/brown/images/american_pit_bull_terrier_73.jpg,dog/brown/masks/american_pit_bull_terrier_73.png,dog,american_pit_bull_terrier,brown,62.52189636230469,9.947880744934082,23.583709716796875,35337,True,,train
american_pit_bull_terrier_74,dog/brown/images/american_pit_bull_terrier_74.jpg,dog/brown/masks/american_pit_bull_terrier_74.png,dog,american_pit_bull_terrier,brown,55.738826751708984,11.31296157836914,28.738147735595703,58214,True,,train
american_pit_bull_terrier_76,dog/brown/images/american_pit_bull_terrier_76.jpg,dog/brown/masks/american_pit_bull_terrier_76.png,dog,american_pit_bull_terrier,brown,49.47283935546875,8.288100242614746,20.049297332763672,47106,True,,train
american_pit_bull_terrier_77,dog/brown/images/american_pit_bull_terrier_77.jpg,dog/brown/masks/american_pit_bull_terrier_77.png,dog,american_pit_bull_terrier,brown,47.80999755859375,12.477982521057127,12.265682220458984,167380,True,,train
american_pit_bull_terrier_78,dog/brown/images/american_pit_bull_terrier_78.jpg,dog/brown/masks/american_pit_bull_terrier_78.png,dog,american_pit_bull_terrier,brown,33.30952835083008,13.658791542053224,15.282466888427734,111968,True,,train
american_pit_bull_terrier_96,dog/brown/images/american_pit_bull_terrier_96.jpg,dog/brown/masks/american_pit_bull_terrier_96.png,dog,american_pit_bull_terrier,brown,35.02500534057617,13.47690773010254,12.917566299438477,43877,True,,train
american_pit_bull_terrier_97,dog/brown/images/american_pit_bull_terrier_97.jpg,dog/brown/masks/american_pit_bull_terrier_97.png,dog,american_pit_bull_terrier,brown,46.5218620300293,18.272966384887695,26.323699951171875,70960,True,,train
basset_hound_14,dog/brown/images/basset_hound_14.jpg,dog/brown/masks/basset_hound_14.png,dog,basset_hound,brown,53.341461181640625,4.1027069091796875,15.033971786499023,98858,True,,train
basset_hound_149,dog/brown/images/basset_hound_149.jpg,dog/brown/masks/basset_hound_149.png,dog,basset_hound,brown,32.0656623840332,6.535649299621582,17.457082748413086,31237,True,,train
basset_hound_159,dog/brown/images/basset_hound_159.jpg,dog/brown/masks/basset_hound_159.png,dog,basset_hound,brown,44.26717376708984,10.6371488571167,21.5372257232666,48169,True,,train
basset_hound_177,dog/brown/images/basset_hound_177.jpg,dog/brown/masks/basset_hound_177.png,dog,basset_hound,brown,36.10818099975586,7.523655891418457,14.100050926208496,96641,True,,train
basset_hound_180,dog/brown/images/basset_hound_180.jpg,dog/brown/masks/basset_hound_180.png,dog,basset_hound,brown,51.002830505371094,5.427300930023193,14.902067184448242,53589,True,,train
basset_hound_181,dog/brown/images/basset_hound_181.jpg,dog/brown/masks/basset_hound_181.png,dog,basset_hound,brown,41.82405853271485,14.95698070526123,18.850435256958008,157780,True,,train
basset_hound_184,dog/brown/images/basset_hound_184.jpg,dog/brown/masks/basset_hound_184.png,dog,basset_hound,brown,36.8757438659668,14.287799835205078,21.427419662475582,68705,True,,train
basset_hound_190,dog/brown/images/basset_hound_190.jpg,dog/brown/masks/basset_hound_190.png,dog,basset_hound,brown,31.041034698486328,9.29562759399414,15.468728065490724,84668,True,,train
basset_hound_196,dog/brown/images/basset_hound_196.jpg,dog/brown/masks/basset_hound_196.png,dog,basset_hound,brown,47.05725860595703,2.5082602500915527,14.003366470336914,13192,True,,train
basset_hound_27,dog/brown/images/basset_hound_27.jpg,dog/brown/masks/basset_hound_27.png,dog,basset_hound,brown,44.05546951293945,5.589842796325684,18.86365509033203,143813,True,,train
basset_hound_31,dog/brown/images/basset_hound_31.jpg,dog/brown/masks/basset_hound_31.png,dog,basset_hound,brown,42.33388900756836,5.41694450378418,17.520517349243164,82575,True,,train
basset_hound_39,dog/brown/images/basset_hound_39.jpg,dog/brown/masks/basset_hound_39.png,dog,basset_hound,brown,40.91544723510742,11.0487642288208,18.629005432128903,121929,True,,train
basset_hound_48,dog/brown/images/basset_hound_48.jpg,dog/brown/masks/basset_hound_48.png,dog,basset_hound,brown,40.20466995239258,18.541976928710938,31.087844848632812,134466,True,,train
basset_hound_71,dog/brown/images/basset_hound_71.jpg,dog/brown/masks/basset_hound_71.png,dog,basset_hound,brown,49.89390182495117,10.09260082244873,23.492340087890625,67744,True,,train
basset_hound_74,dog/brown/images/basset_hound_74.jpg,dog/brown/masks/basset_hound_74.png,dog,basset_hound,brown,46.722999572753906,5.218893051147461,23.22953987121582,63379,True,,train
basset_hound_75,dog/brown/images/basset_hound_75.jpg,dog/brown/masks/basset_hound_75.png,dog,basset_hound,brown,49.963279724121094,4.811186790466309,17.90560531616211,58506,True,,train
beagle_120,dog/brown/images/beagle_120.jpg,dog/brown/masks/beagle_120.png,dog,beagle,brown,48.15552520751953,11.104494094848633,15.476557731628418,91946,True,,train
beagle_151,dog/brown/images/beagle_151.jpg,dog/brown/masks/beagle_151.png,dog,beagle,brown,30.684995651245117,7.955372333526611,20.19200325012207,115716,True,,train
beagle_164,dog/brown/images/beagle_164.jpg,dog/brown/masks/beagle_164.png,dog,beagle,brown,39.003196716308594,7.499605178833008,13.65526008605957,29394,True,,train
beagle_166,dog/brown/images/beagle_166.jpg,dog/brown/masks/beagle_166.png,dog,beagle,brown,43.926002502441406,11.27480697631836,18.018442153930664,38736,True,,train
beagle_168,dog/brown/images/beagle_168.jpg,dog/brown/masks/beagle_168.png,dog,beagle,brown,33.43815231323242,7.509499549865723,12.249994277954102,130657,True,,train
beagle_169,dog/brown/images/beagle_169.jpg,dog/brown/masks/beagle_169.png,dog,beagle,brown,51.30833435058594,11.22397232055664,29.020309448242188,82616,True,,train
beagle_172,dog/brown/images/beagle_172.jpg,dog/brown/masks/beagle_172.png,dog,beagle,brown,48.500091552734375,10.495826721191406,23.016082763671875,71210,True,,train
beagle_18,dog/brown/images/beagle_18.jpg,dog/brown/masks/beagle_18.png,dog,beagle,brown,52.233795166015625,8.470117568969727,17.50340461730957,88227,True,,train
beagle_192,dog/brown/images/beagle_192.jpg,dog/brown/masks/beagle_192.png,dog,beagle,brown,47.76856994628906,6.305612564086914,17.114734649658203,34570,True,,train
beagle_194,dog/brown/images/beagle_194.jpg,dog/brown/masks/beagle_194.png,dog,beagle,brown,32.58420181274414,10.209769248962402,20.921533584594727,63508,True,,train
beagle_36,dog/brown/images/beagle_36.jpg,dog/brown/masks/beagle_36.png,dog,beagle,brown,44.54261779785156,18.27488899230957,23.028785705566406,65418,True,,train
beagle_46,dog/brown/images/beagle_46.jpg,dog/brown/masks/beagle_46.png,dog,beagle,brown,44.803932189941406,7.71595573425293,22.617769241333008,96148,True,,train
beagle_67,dog/brown/images/beagle_67.jpg,dog/brown/masks/beagle_67.png,dog,beagle,brown,50.165748596191406,9.04037094116211,26.495546340942383,118829,True,,train
beagle_9,dog/brown/images/beagle_9.jpg,dog/brown/masks/beagle_9.png,dog,beagle,brown,55.01914978027344,8.263126373291016,21.248794555664062,102649,True,,train
beagle_93,dog/brown/images/beagle_93.jpg,dog/brown/masks/beagle_93.png,dog,beagle,brown,35.85102844238281,5.72572660446167,16.381561279296875,63189,True,,train
boxer_100,dog/brown/images/boxer_100.jpg,dog/brown/masks/boxer_100.png,dog,boxer,brown,35.180763244628906,22.850751876831055,30.281490325927734,77271,True,,train
boxer_117,dog/brown/images/boxer_117.jpg,dog/brown/masks/boxer_117.png,dog,boxer,brown,46.95676040649414,17.070711135864258,25.263690948486328,38213,True,,train
boxer_120,dog/brown/images/boxer_120.jpg,dog/brown/masks/boxer_120.png,dog,boxer,brown,34.84708786010742,9.359195709228516,15.664566040039062,11719,True,,train
boxer_122,dog/brown/images/boxer_122.jpg,dog/brown/masks/boxer_122.png,dog,boxer,brown,30.816265106201172,14.953542709350586,21.76932144165039,11444,True,,train
boxer_125,dog/brown/images/boxer_125.jpg,dog/brown/masks/boxer_125.png,dog,boxer,brown,41.61811065673828,9.18593978881836,14.67142105102539,25949,True,,train
boxer_127,dog/brown/images/boxer_127.jpg,dog/brown/masks/boxer_127.png,dog,boxer,brown,36.82499313354492,7.521346092224121,12.008023262023926,47526,True,,train
boxer_128,dog/brown/images/boxer_128.jpg,dog/brown/masks/boxer_128.png,dog,boxer,brown,41.06003952026367,17.095558166503906,27.735427856445312,22962,True,,train
boxer_137,dog/brown/images/boxer_137.jpg,dog/brown/masks/boxer_137.png,dog,boxer,brown,58.450157165527344,11.668741226196287,32.264488220214844,82106,True,,train
boxer_138,dog/brown/images/boxer_138.jpg,dog/brown/masks/boxer_138.png,dog,boxer,brown,38.9415168762207,9.008437156677246,25.051252365112305,96148,True,,train
boxer_139,dog/brown/images/boxer_139.jpg,dog/brown/masks/boxer_139.png,dog,boxer,brown,43.00820541381836,14.814630508422852,18.813995361328125,30638,True,,train
boxer_140,dog/brown/images/boxer_140.jpg,dog/brown/masks/boxer_140.png,dog,boxer,brown,48.35883331298828,7.395684719085693,23.256397247314453,63765,True,,train
boxer_142,dog/brown/images/boxer_142.jpg,dog/brown/masks/boxer_142.png,dog,boxer,brown,53.92183303833008,10.821722030639648,30.7126522064209,41774,True,,train
boxer_143,dog/brown/images/boxer_143.jpg,dog/brown/masks/boxer_143.png,dog,boxer,brown,54.894683837890625,15.319376945495604,31.00229263305664,97170,True,,train
boxer_144,dog/brown/images/boxer_144.jpg,dog/brown/masks/boxer_144.png,dog,boxer,brown,60.052696228027344,11.823833465576172,37.003910064697266,50237,True,,train
boxer_150,dog/brown/images/boxer_150.jpg,dog/brown/masks/boxer_150.png,dog,boxer,brown,36.72690963745117,7.28820276260376,15.191041946411133,21066,True,,train
boxer_153,dog/brown/images/boxer_153.jpg,dog/brown/masks/boxer_153.png,dog,boxer,brown,38.89093017578125,26.800811767578125,38.98224639892578,82618,True,,train
boxer_160,dog/brown/images/boxer_160.jpg,dog/brown/masks/boxer_160.png,dog,boxer,brown,50.91977310180664,8.467525482177734,37.94000625610352,61880,True,,train
boxer_165,dog/brown/images/boxer_165.jpg,dog/brown/masks/boxer_165.png,dog,boxer,brown,44.589359283447266,19.556880950927734,29.66278839111328,32036,True,,train
boxer_167,dog/brown/images/boxer_167.jpg,dog/brown/masks/boxer_167.png,dog,boxer,brown,52.05043029785156,16.67416000366211,25.74140167236328,103823,True,,train
boxer_168,dog/brown/images/boxer_168.jpg,dog/brown/masks/boxer_168.png,dog,boxer,brown,41.14724349975586,11.993989944458008,29.369613647460938,76410,True,,train
boxer_169,dog/brown/images/boxer_169.jpg,dog/brown/masks/boxer_169.png,dog,boxer,brown,39.70109558105469,17.796695709228516,29.62289810180664,51440,True,,train
boxer_175,dog/brown/images/boxer_175.jpg,dog/brown/masks/boxer_175.png,dog,boxer,brown,38.851287841796875,9.991034507751465,13.73246955871582,32393,True,,train
boxer_176,dog/brown/images/boxer_176.jpg,dog/brown/masks/boxer_176.png,dog,boxer,brown,66.18617248535156,6.899118423461914,27.18544578552246,85160,True,,train
boxer_183,dog/brown/images/boxer_183.jpg,dog/brown/masks/boxer_183.png,dog,boxer,brown,43.16261291503906,17.425418853759766,15.26283073425293,33159,True,,train
boxer_191,dog/brown/images/boxer_191.jpg,dog/brown/masks/boxer_191.png,dog,boxer,brown,45.83528137207031,2.825021743774414,18.401695251464844,71159,True,,train
boxer_21,dog/brown/images/boxer_21.jpg,dog/brown/masks/boxer_21.png,dog,boxer,brown,32.42110061645508,18.434017181396484,28.807157516479492,117858,True,,train
boxer_22,dog/brown/images/boxer_22.jpg,dog/brown/masks/boxer_22.png,dog,boxer,brown,37.365482330322266,25.556161880493164,33.22943878173828,71641,True,,train
boxer_26,dog/brown/images/boxer_26.jpg,dog/brown/masks/boxer_26.png,dog,boxer,brown,58.22900390625,8.379161834716797,20.28925323486328,60342,True,,train
boxer_30,dog/brown/images/boxer_30.jpg,dog/brown/masks/boxer_30.png,dog,boxer,brown,49.26984405517578,8.423291206359863,20.319795608520508,50240,True,,train
boxer_33,dog/brown/images/boxer_33.jpg,dog/brown/masks/boxer_33.png,dog,boxer,brown,30.508201599121097,10.364309310913086,20.05092430114746,80871,True,,train
boxer_41,dog/brown/images/boxer_41.jpg,dog/brown/masks/boxer_41.png,dog,boxer,brown,62.07877349853515,5.987018585205078,13.224660873413086,63911,True,,train
boxer_45,dog/brown/images/boxer_45.jpg,dog/brown/masks/boxer_45.png,dog,boxer,brown,45.157928466796875,15.615447998046877,26.7180233001709,31300,True,,train
boxer_5,dog/brown/images/boxer_5.jpg,dog/brown/masks/boxer_5.png,dog,boxer,brown,48.27313232421875,7.461041450500488,18.37748908996582,49450,True,,train
boxer_51,dog/brown/images/boxer_51.jpg,dog/brown/masks/boxer_51.png,dog,boxer,brown,46.879371643066406,7.903143882751465,17.16569709777832,65738,True,,train
boxer_52,dog/brown/images/boxer_52.jpg,dog/brown/masks/boxer_52.png,dog,boxer,brown,36.83099365234375,12.643634796142578,20.807384490966797,84190,True,,train
boxer_6,dog/brown/images/boxer_6.jpg,dog/brown/masks/boxer_6.png,dog,boxer,brown,50.4501953125,10.927513122558594,18.67665672302246,41283,True,,train
boxer_60,dog/brown/images/boxer_60.jpg,dog/brown/masks/boxer_60.png,dog,boxer,brown,58.43610382080078,5.71259880065918,12.61233139038086,123819,True,,train
boxer_66,dog/brown/images/boxer_66.jpg,dog/brown/masks/boxer_66.png,dog,boxer,brown,47.33824920654297,16.175434112548828,25.222862243652344,118107,True,,train
boxer_68,dog/brown/images/boxer_68.jpg,dog/brown/masks/boxer_68.png,dog,boxer,brown,35.45777130126953,11.704996109008787,23.331010818481445,70345,True,,train
boxer_7,dog/brown/images/boxer_7.jpg,dog/brown/masks/boxer_7.png,dog,boxer,brown,35.21682357788086,14.565526962280272,31.85881996154785,134723,True,,train
boxer_75,dog/brown/images/boxer_75.jpg,dog/brown/masks/boxer_75.png,dog,boxer,brown,58.82875061035156,8.69925308227539,18.1912899017334,33211,True,,train
boxer_76,dog/brown/images/boxer_76.jpg,dog/brown/masks/boxer_76.png,dog,boxer,brown,67.48734283447266,25.089487075805664,37.68707656860352,54459,True,,train
boxer_78,dog/brown/images/boxer_78.jpg,dog/brown/masks/boxer_78.png,dog,boxer,brown,50.36662292480469,8.686840057373047,14.318448066711426,118113,True,,train
boxer_81,dog/brown/images/boxer_81.jpg,dog/brown/masks/boxer_81.png,dog,boxer,brown,42.1046257019043,12.580037117004396,19.129329681396484,40889,True,,train
boxer_84,dog/brown/images/boxer_84.jpg,dog/brown/masks/boxer_84.png,dog,boxer,brown,44.63701629638672,15.259653091430664,23.016178131103516,73209,True,,train
boxer_87,dog/brown/images/boxer_87.jpg,dog/brown/masks/boxer_87.png,dog,boxer,brown,30.573251724243164,8.689262390136719,20.338010787963867,81312,True,,train
boxer_88,dog/brown/images/boxer_88.jpg,dog/brown/masks/boxer_88.png,dog,boxer,brown,36.11729049682617,16.657546997070312,24.16714096069336,39952,True,,train
boxer_98,dog/brown/images/boxer_98.jpg,dog/brown/masks/boxer_98.png,dog,boxer,brown,54.643611907958984,5.174189567565918,21.374019622802734,72626,True,,train
chihuahua_10,dog/brown/images/chihuahua_10.jpg,dog/brown/masks/chihuahua_10.png,dog,chihuahua,brown,43.368797302246094,13.41646957397461,24.106945037841797,95148,True,,train
chihuahua_108,dog/brown/images/chihuahua_108.jpg,dog/brown/masks/chihuahua_108.png,dog,chihuahua,brown,58.63658142089844,7.154703140258789,18.698802947998047,46276,True,,train
chihuahua_12,dog/brown/images/chihuahua_12.jpg,dog/brown/masks/chihuahua_12.png,dog,chihuahua,brown,43.41421127319336,9.115904808044434,15.352624893188477,76995,True,,train
chihuahua_15,dog/brown/images/chihuahua_15.jpg,dog/brown/masks/chihuahua_15.png,dog,chihuahua,brown,50.90020751953125,4.010617733001709,14.792978286743164,82710,True,,train
chihuahua_165,dog/brown/images/chihuahua_165.jpg,dog/brown/masks/chihuahua_165.png,dog,chihuahua,brown,44.63957977294922,11.809587478637695,12.775653839111328,22312,True,,train
chihuahua_17,dog/brown/images/chihuahua_17.jpg,dog/brown/masks/chihuahua_17.png,dog,chihuahua,brown,55.39866638183594,4.464059829711914,13.915133476257324,16561,True,,train
chihuahua_171,dog/brown/images/chihuahua_171.jpg,dog/brown/masks/chihuahua_171.png,dog,chihuahua,brown,59.705299377441406,10.501623153686523,14.921056747436523,35420,True,,train
chihuahua_18,dog/brown/images/chihuahua_18.jpg,dog/brown/masks/chihuahua_18.png,dog,chihuahua,brown,40.83418273925781,8.009180068969727,25.18242073059082,110679,True,,train
chihuahua_192,dog/brown/images/chihuahua_192.jpg,dog/brown/masks/chihuahua_192.png,dog,chihuahua,brown,37.84822845458984,6.394252300262451,14.986520767211914,24824,True,,train
chihuahua_20,dog/brown/images/chihuahua_20.jpg,dog/brown/masks/chihuahua_20.png,dog,chihuahua,brown,50.69129180908203,3.492295742034912,12.667572021484377,69047,True,,train
chihuahua_22,dog/brown/images/chihuahua_22.jpg,dog/brown/masks/chihuahua_22.png,dog,chihuahua,brown,53.92787170410156,2.0792932510375977,12.98793601989746,37362,True,,train
chihuahua_29,dog/brown/images/chihuahua_29.jpg,dog/brown/masks/chihuahua_29.png,dog,chihuahua,brown,41.87303924560547,4.851639270782471,15.453582763671877,117058,True,,train
chihuahua_30,dog/brown/images/chihuahua_30.jpg,dog/brown/masks/chihuahua_30.png,dog,chihuahua,brown,36.8696174621582,4.393428802490234,12.4530611038208,66471,True,,train
chihuahua_4,dog/brown/images/chihuahua_4.jpg,dog/brown/masks/chihuahua_4.png,dog,chihuahua,brown,44.69794464111328,6.470680236816406,18.333662033081055,93677,True,,train
chihuahua_41,dog/brown/images/chihuahua_41.jpg,dog/brown/masks/chihuahua_41.png,dog,chihuahua,brown,48.11556243896485,15.026301383972168,21.938392639160156,56694,True,,train
chihuahua_45,dog/brown/images/chihuahua_45.jpg,dog/brown/masks/chihuahua_45.png,dog,chihuahua,brown,65.86109161376953,10.464012145996094,27.17068099975586,44075,True,,train
chihuahua_48,dog/brown/images/chihuahua_48.jpg,dog/brown/masks/chihuahua_48.png,dog,chihuahua,brown,31.75371551513672,17.01398277282715,17.941082000732422,69165,True,,train
chihuahua_59,dog/brown/images/chihuahua_59.jpg,dog/brown/masks/chihuahua_59.png,dog,chihuahua,brown,47.61513137817383,4.997849464416504,12.668567657470703,82359,True,,train
chihuahua_61,dog/brown/images/chihuahua_61.jpg,dog/brown/masks/chihuahua_61.png,dog,chihuahua,brown,55.59596252441406,8.010492324829102,15.549612045288086,137766,True,,train
chihuahua_66,dog/brown/images/chihuahua_66.jpg,dog/brown/masks/chihuahua_66.png,dog,chihuahua,brown,43.562408447265625,5.6920647621154785,20.617862701416016,55138,True,,train
chihuahua_70,dog/brown/images/chihuahua_70.jpg,dog/brown/masks/chihuahua_70.png,dog,chihuahua,brown,40.18656539916992,9.150922775268556,28.36209487915039,90550,True,,train
chihuahua_77,dog/brown/images/chihuahua_77.jpg,dog/brown/masks/chihuahua_77.png,dog,chihuahua,brown,37.880149841308594,9.18593978881836,17.894149780273438,81283,True,,train
chihuahua_79,dog/brown/images/chihuahua_79.jpg,dog/brown/masks/chihuahua_79.png,dog,chihuahua,brown,37.17116928100586,10.01104736328125,23.82764434814453,137158,True,,train
chihuahua_82,dog/brown/images/chihuahua_82.jpg,dog/brown/masks/chihuahua_82.png,dog,chihuahua,brown,55.94878387451172,16.239107131958008,30.020130157470703,24723,True,,train
chihuahua_84,dog/brown/images/chihuahua_84.jpg,dog/brown/masks/chihuahua_84.png,dog,chihuahua,brown,38.284393310546875,3.9210171699523926,20.48915672302246,28676,True,,train
english_cocker_spaniel_109,dog/brown/images/english_cocker_spaniel_109.jpg,dog/brown/masks/english_cocker_spaniel_109.png,dog,english_cocker_spaniel,brown,43.42267227172851,6.54420280456543,19.542057037353516,100814,True,,train
english_cocker_spaniel_110,dog/brown/images/english_cocker_spaniel_110.jpg,dog/brown/masks/english_cocker_spaniel_110.png,dog,english_cocker_spaniel,brown,48.41841506958008,7.607563972473144,17.34268569946289,50736,True,,train
english_cocker_spaniel_113,dog/brown/images/english_cocker_spaniel_113.jpg,dog/brown/masks/english_cocker_spaniel_113.png,dog,english_cocker_spaniel,brown,35.958980560302734,5.842596054077148,15.742599487304688,46858,True,,train
english_cocker_spaniel_117,dog/brown/images/english_cocker_spaniel_117.jpg,dog/brown/masks/english_cocker_spaniel_117.png,dog,english_cocker_spaniel,brown,41.24984359741211,25.869651794433594,29.883132934570312,53088,True,,train
english_cocker_spaniel_118,dog/brown/images/english_cocker_spaniel_118.jpg,dog/brown/masks/english_cocker_spaniel_118.png,dog,english_cocker_spaniel,brown,47.528663635253906,26.773006439208984,40.84335708618164,39049,True,,train
english_cocker_spaniel_119,dog/brown/images/english_cocker_spaniel_119.jpg,dog/brown/masks/english_cocker_spaniel_119.png,dog,english_cocker_spaniel,brown,62.73301696777344,5.334436893463135,29.580068588256836,75995,True,,train
english_cocker_spaniel_120,dog/brown/images/english_cocker_spaniel_120.jpg,dog/brown/masks/english_cocker_spaniel_120.png,dog,english_cocker_spaniel,brown,51.24775695800781,5.222022533416748,13.033199310302734,72107,True,,train
english_cocker_spaniel_14,dog/brown/images/english_cocker_spaniel_14.jpg,dog/brown/masks/english_cocker_spaniel_14.png,dog,english_cocker_spaniel,brown,43.67470169067383,11.972040176391602,21.521175384521484,81033,True,,train
english_cocker_spaniel_143,dog/brown/images/english_cocker_spaniel_143.jpg,dog/brown/masks/english_cocker_spaniel_143.png,dog,english_cocker_spaniel,brown,48.69636535644531,8.226901054382324,24.66110038757324,50053,True,,train
english_cocker_spaniel_144,dog/brown/images/english_cocker_spaniel_144.jpg,dog/brown/masks/english_cocker_spaniel_144.png,dog,english_cocker_spaniel,brown,60.425933837890625,7.930576801300049,16.34615707397461,74629,True,,train
english_cocker_spaniel_149,dog/brown/images/english_cocker_spaniel_149.jpg,dog/brown/masks/english_cocker_spaniel_149.png,dog,english_cocker_spaniel,brown,51.974952697753906,6.622820854187012,19.0798282623291,67431,True,,train
english_cocker_spaniel_15,dog/brown/images/english_cocker_spaniel_15.jpg,dog/brown/masks/english_cocker_spaniel_15.png,dog,english_cocker_spaniel,brown,37.652828216552734,13.237499237060549,22.85218620300293,92430,True,,train
english_cocker_spaniel_17,dog/brown/images/english_cocker_spaniel_17.jpg,dog/brown/masks/english_cocker_spaniel_17.png,dog,english_cocker_spaniel,brown,60.84300231933594,11.967510223388672,28.904563903808594,86373,True,,train
english_cocker_spaniel_170,dog/brown/images/english_cocker_spaniel_170.jpg,dog/brown/masks/english_cocker_spaniel_170.png,dog,english_cocker_spaniel,brown,50.64814758300781,9.96983814239502,26.011531829833984,66108,True,,train
english_cocker_spaniel_173,dog/brown/images/english_cocker_spaniel_173.jpg,dog/brown/masks/english_cocker_spaniel_173.png,dog,english_cocker_spaniel,brown,62.905723571777344,7.098197937011719,15.15820026397705,109759,True,,train
english_cocker_spaniel_18,dog/brown/images/english_cocker_spaniel_18.jpg,dog/brown/masks/english_cocker_spaniel_18.png,dog,english_cocker_spaniel,brown,47.827754974365234,12.437790870666504,21.183883666992188,149403,True,,train
english_cocker_spaniel_181,dog/brown/images/english_cocker_spaniel_181.jpg,dog/brown/masks/english_cocker_spaniel_181.png,dog,english_cocker_spaniel,brown,31.720947265625,11.84988021850586,24.033143997192383,76495,True,,train
english_cocker_spaniel_185,dog/brown/images/english_cocker_spaniel_185.jpg,dog/brown/masks/english_cocker_spaniel_185.png,dog,english_cocker_spaniel,brown,54.682655334472656,5.662977695465088,14.814794540405272,11276,True,,train
english_cocker_spaniel_188,dog/brown/images/english_cocker_spaniel_188.jpg,dog/brown/masks/english_cocker_spaniel_188.png,dog,english_cocker_spaniel,brown,68.7589111328125,9.82266616821289,23.651838302612305,61121,True,,train
english_cocker_spaniel_189,dog/brown/images/english_cocker_spaniel_189.jpg,dog/brown/masks/english_cocker_spaniel_189.png,dog,english_cocker_spaniel,brown,35.07406234741211,30.165969848632812,23.656219482421875,27615,True,,train
english_cocker_spaniel_190,dog/brown/images/english_cocker_spaniel_190.jpg,dog/brown/masks/english_cocker_spaniel_190.png,dog,english_cocker_spaniel,brown,51.687232971191406,7.670969009399414,20.704151153564453,40910,True,,train
english_cocker_spaniel_192,dog/brown/images/english_cocker_spaniel_192.jpg,dog/brown/masks/english_cocker_spaniel_192.png,dog,english_cocker_spaniel,brown,49.941123962402344,7.2055158615112305,18.951152801513672,74847,True,,train
english_cocker_spaniel_196,dog/brown/images/english_cocker_spaniel_196.jpg,dog/brown/masks/english_cocker_spaniel_196.png,dog,english_cocker_spaniel,brown,33.40597915649414,6.273001670837402,18.482437133789062,37702,True,,train
english_cocker_spaniel_198,dog/brown/images/english_cocker_spaniel_198.jpg,dog/brown/masks/english_cocker_spaniel_198.png,dog,english_cocker_spaniel,brown,48.59587097167969,17.94034194946289,24.298349380493164,54876,True,,train
english_cocker_spaniel_199,dog/brown/images/english_cocker_spaniel_199.jpg,dog/brown/masks/english_cocker_spaniel_199.png,dog,english_cocker_spaniel,brown,64.95791625976562,13.930991172790527,23.019420623779297,56246,True,,train
english_cocker_spaniel_21,dog/brown/images/english_cocker_spaniel_21.jpg,dog/brown/masks/english_cocker_spaniel_21.png,dog,english_cocker_spaniel,brown,37.37870407104492,4.992738246917725,12.410551071166992,79129,True,,train
english_cocker_spaniel_23,dog/brown/images/english_cocker_spaniel_23.jpg,dog/brown/masks/english_cocker_spaniel_23.png,dog,english_cocker_spaniel,brown,45.539546966552734,6.16687536239624,18.822250366210938,123590,True,,train
english_cocker_spaniel_24,dog/brown/images/english_cocker_spaniel_24.jpg,dog/brown/masks/english_cocker_spaniel_24.png,dog,english_cocker_spaniel,brown,35.5570182800293,6.309419631958008,17.7377872467041,99050,True,,train
english_cocker_spaniel_26,dog/brown/images/english_cocker_spaniel_26.jpg,dog/brown/masks/english_cocker_spaniel_26.png,dog,english_cocker_spaniel,brown,37.15070343017578,8.123845100402832,14.796066284179688,69955,True,,train
english_cocker_spaniel_33,dog/brown/images/english_cocker_spaniel_33.jpg,dog/brown/masks/english_cocker_spaniel_33.png,dog,english_cocker_spaniel,brown,31.70088577270508,6.84143590927124,14.737415313720703,64629,True,,train
english_cocker_spaniel_36,dog/brown/images/english_cocker_spaniel_36.jpg,dog/brown/masks/english_cocker_spaniel_36.png,dog,english_cocker_spaniel,brown,47.18488311767578,5.227133750915527,12.358951568603516,44502,True,,train
english_cocker_spaniel_37,dog/brown/images/english_cocker_spaniel_37.jpg,dog/brown/masks/english_cocker_spaniel_37.png,dog,english_cocker_spaniel,brown,38.88736724853515,17.798782348632812,32.41187286376953,80539,True,,train
english_cocker_spaniel_38,dog/brown/images/english_cocker_spaniel_38.jpg,dog/brown/masks/english_cocker_spaniel_38.png,dog,english_cocker_spaniel,brown,35.759361267089844,11.891901016235352,15.435012817382812,32481,True,,train
english_cocker_spaniel_41,dog/brown/images/english_cocker_spaniel_41.jpg,dog/brown/masks/english_cocker_spaniel_41.png,dog,english_cocker_spaniel,brown,48.008033752441406,17.311439514160156,23.650894165039062,46787,True,,train
english_cocker_spaniel_50,dog/brown/images/english_cocker_spaniel_50.jpg,dog/brown/masks/english_cocker_spaniel_50.png,dog,english_cocker_spaniel,brown,44.055938720703125,23.575000762939453,29.202938079833984,90276,True,,train
english_cocker_spaniel_6,dog/brown/images/english_cocker_spaniel_6.jpg,dog/brown/masks/english_cocker_spaniel_6.png,dog,english_cocker_spaniel,brown,43.25639724731445,10.055303573608398,25.789201736450195,127353,True,,train
english_cocker_spaniel_60,dog/brown/images/english_cocker_spaniel_60.jpg,dog/brown/masks/english_cocker_spaniel_60.png,dog,english_cocker_spaniel,brown,50.385284423828125,9.87440299987793,25.441009521484375,18575,True,,train
english_cocker_spaniel_61,dog/brown/images/english_cocker_spaniel_61.jpg,dog/brown/masks/english_cocker_spaniel_61.png,dog,english_cocker_spaniel,brown,50.41178894042969,9.67361068725586,20.956737518310547,50625,True,,train
english_cocker_spaniel_62,dog/brown/images/english_cocker_spaniel_62.jpg,dog/brown/masks/english_cocker_spaniel_62.png,dog,english_cocker_spaniel,brown,50.21183776855469,9.58697509765625,18.971294403076172,119244,True,,train
english_cocker_spaniel_64,dog/brown/images/english_cocker_spaniel_64.jpg,dog/brown/masks/english_cocker_spaniel_64.png,dog,english_cocker_spaniel,brown,51.642784118652344,31.209617614746097,48.00872802734375,98678,True,,train
english_cocker_spaniel_68,dog/brown/images/english_cocker_spaniel_68.jpg,dog/brown/masks/english_cocker_spaniel_68.png,dog,english_cocker_spaniel,brown,37.86180877685547,6.252936840057373,12.58879566192627,89656,True,,train
english_cocker_spaniel_72,dog/brown/images/english_cocker_spaniel_72.jpg,dog/brown/masks/english_cocker_spaniel_72.png,dog,english_cocker_spaniel,brown,61.26048278808594,3.703713417053222,21.15489196777344,31160,True,,train
english_cocker_spaniel_78,dog/brown/images/english_cocker_spaniel_78.jpg,dog/brown/masks/english_cocker_spaniel_78.png,dog,english_cocker_spaniel,brown,39.17601776123047,4.534900188446045,15.131956100463867,18821,True,,train
english_cocker_spaniel_79,dog/brown/images/english_cocker_spaniel_79.jpg,dog/brown/masks/english_cocker_spaniel_79.png,dog,english_cocker_spaniel,brown,56.293663024902344,18.65826416015625,31.7929630279541,86692,True,,train
english_cocker_spaniel_84,dog/brown/images/english_cocker_spaniel_84.jpg,dog/brown/masks/english_cocker_spaniel_84.png,dog,english_cocker_spaniel,brown,39.02550506591797,14.659375190734863,20.177019119262695,105243,True,,train
english_cocker_spaniel_85,dog/brown/images/english_cocker_spaniel_85.jpg,dog/brown/masks/english_cocker_spaniel_85.png,dog,english_cocker_spaniel,brown,41.38948440551758,8.461811065673828,21.14938163757324,113376,True,,train
english_cocker_spaniel_97,dog/brown/images/english_cocker_spaniel_97.jpg,dog/brown/masks/english_cocker_spaniel_97.png,dog,english_cocker_spaniel,brown,60.67387390136719,18.68582534790039,37.94097900390625,31932,True,,train
english_setter_47,dog/brown/images/english_setter_47.jpg,dog/brown/masks/english_setter_47.png,dog,english_setter,brown,36.86967849731445,14.616802215576172,28.909021377563477,52061,True,,train
german_shorthaired_103,dog/brown/images/german_shorthaired_103.jpg,dog/brown/masks/german_shorthaired_103.png,dog,german_shorthaired,brown,35.72065353393555,12.12929916381836,14.723115921020508,57097,True,,train
german_shorthaired_115,dog/brown/images/german_shorthaired_115.jpg,dog/brown/masks/german_shorthaired_115.png,dog,german_shorthaired,brown,36.790287017822266,4.079606056213379,17.217758178710938,101352,True,,train
german_shorthaired_116,dog/brown/images/german_shorthaired_116.jpg,dog/brown/masks/german_shorthaired_116.png,dog,german_shorthaired,brown,50.81035614013672,4.938900470733643,20.772748947143555,61378,True,,train
german_shorthaired_12,dog/brown/images/german_shorthaired_12.jpg,dog/brown/masks/german_shorthaired_12.png,dog,german_shorthaired,brown,46.05344009399414,10.098814964294434,13.72784423828125,65582,True,,train
german_shorthaired_123,dog/brown/images/german_shorthaired_123.jpg,dog/brown/masks/german_shorthaired_123.png,dog,german_shorthaired,brown,42.6070556640625,3.6872477531433105,13.209086418151855,50422,True,,train
german_shorthaired_139,dog/brown/images/german_shorthaired_139.jpg,dog/brown/masks/german_shorthaired_139.png,dog,german_shorthaired,brown,35.91279983520508,3.920569896697998,15.441036224365234,161744,True,,train
german_shorthaired_72,dog/brown/images/german_shorthaired_72.jpg,dog/brown/masks/german_shorthaired_72.png,dog,german_shorthaired,brown,45.8536491394043,15.037894248962402,35.623023986816406,60953,True,,train
german_shorthaired_78,dog/brown/images/german_shorthaired_78.jpg,dog/brown/masks/german_shorthaired_78.png,dog,german_shorthaired,brown,48.66343688964844,8.56667709350586,13.641595840454102,62303,True,,train
german_shorthaired_86,dog/brown/images/german_shorthaired_86.jpg,dog/brown/masks/german_shorthaired_86.png,dog,german_shorthaired,brown,36.36772918701172,10.625123977661133,15.374385833740234,56664,True,,train
great_pyrenees_194,dog/brown/images/great_pyrenees_194.jpg,dog/brown/masks/great_pyrenees_194.png,dog,great_pyrenees,brown,61.058929443359375,3.449596405029297,17.19832420349121,110784,True,,train
havanese_112,dog/brown/images/havanese_112.jpg,dog/brown/masks/havanese_112.png,dog,havanese,brown,65.9333267211914,9.639001846313477,26.15269470214844,106364,True,,train
havanese_115,dog/brown/images/havanese_115.jpg,dog/brown/masks/havanese_115.png,dog,havanese,brown,57.17707061767578,4.799574851989746,12.117115020751951,113520,True,,train
havanese_118,dog/brown/images/havanese_118.jpg,dog/brown/masks/havanese_118.png,dog,havanese,brown,45.02555465698242,8.228689193725586,15.678834915161133,86510,True,,train
havanese_138,dog/brown/images/havanese_138.jpg,dog/brown/masks/havanese_138.png,dog,havanese,brown,65.61283111572266,4.864245414733887,18.723344802856445,19881,True,,train
havanese_38,dog/brown/images/havanese_38.jpg,dog/brown/masks/havanese_38.png,dog,havanese,brown,52.159690856933594,3.0299723148345947,13.106775283813477,89515,True,,train
havanese_41,dog/brown/images/havanese_41.jpg,dog/brown/masks/havanese_41.png,dog,havanese,brown,64.60248565673828,9.854375839233398,26.63430404663086,43794,True,,train
havanese_48,dog/brown/images/havanese_48.jpg,dog/brown/masks/havanese_48.png,dog,havanese,brown,41.97454071044922,8.451133728027344,14.609941482543944,77925,True,,train
havanese_55,dog/brown/images/havanese_55.jpg,dog/brown/masks/havanese_55.png,dog,havanese,brown,48.884796142578125,6.709903717041016,21.08188247680664,74512,True,,train
japanese_chin_103,dog/brown/images/japanese_chin_103.jpg,dog/brown/masks/japanese_chin_103.png,dog,japanese_chin,brown,44.66685104370117,14.772415161132812,24.57786750793457,138329,True,,train
japanese_chin_149,dog/brown/images/japanese_chin_149.jpg,dog/brown/masks/japanese_chin_149.png,dog,japanese_chin,brown,65.8201904296875,3.145158290863037,25.916040420532227,132729,True,,train
leonberger_10,dog/brown/images/leonberger_10.jpg,dog/brown/masks/leonberger_10.png,dog,leonberger,brown,38.04481506347656,6.01726770401001,27.327316284179688,62420,True,,train
leonberger_101,dog/brown/images/leonberger_101.jpg,dog/brown/masks/leonberger_101.png,dog,leonberger,brown,36.7480583190918,11.131353378295898,22.100622177124023,22835,True,,train
leonberger_103,dog/brown/images/leonberger_103.jpg,dog/brown/masks/leonberger_103.png,dog,leonberger,brown,31.501880645751953,12.406333923339844,25.765609741210938,48977,True,,train
leonberger_105,dog/brown/images/leonberger_105.jpg,dog/brown/masks/leonberger_105.png,dog,leonberger,brown,57.36345672607422,7.954537868499756,25.235015869140625,85152,True,,train
leonberger_111,dog/brown/images/leonberger_111.jpg,dog/brown/masks/leonberger_111.png,dog,leonberger,brown,42.84620666503906,6.425201892852783,19.68526840209961,88416,True,,train
leonberger_121,dog/brown/images/leonberger_121.jpg,dog/brown/masks/leonberger_121.png,dog,leonberger,brown,56.812896728515625,4.678964614868164,19.023752212524418,66035,True,,train
leonberger_123,dog/brown/images/leonberger_123.jpg,dog/brown/masks/leonberger_123.png,dog,leonberger,brown,41.964393615722656,5.1972270011901855,22.77110290527344,93235,True,,train
leonberger_125,dog/brown/images/leonberger_125.jpg,dog/brown/masks/leonberger_125.png,dog,leonberger,brown,41.500732421875,2.044886350631714,15.544092178344728,94493,True,,train
leonberger_126,dog/brown/images/leonberger_126.jpg,dog/brown/masks/leonberger_126.png,dog,leonberger,brown,49.19383239746094,3.2551586627960205,20.08415412902832,94657,True,,train
leonberger_13,dog/brown/images/leonberger_13.jpg,dog/brown/masks/leonberger_13.png,dog,leonberger,brown,40.11053085327149,14.716997146606444,21.549028396606445,87926,True,,train
leonberger_130,dog/brown/images/leonberger_130.jpg,dog/brown/masks/leonberger_130.png,dog,leonberger,brown,40.50260925292969,2.9160678386688232,19.246971130371097,62083,True,,train
leonberger_133,dog/brown/images/leonberger_133.jpg,dog/brown/masks/leonberger_133.png,dog,leonberger,brown,48.75630187988281,2.0385236740112305,19.05603408813477,43998,True,,train
leonberger_134,dog/brown/images/leonberger_134.jpg,dog/brown/masks/leonberger_134.png,dog,leonberger,brown,60.176780700683594,3.982573747634888,13.654529571533203,110337,True,,train
leonberger_136,dog/brown/images/leonberger_136.jpg,dog/brown/masks/leonberger_136.png,dog,leonberger,brown,41.53852081298828,6.146073341369629,24.72878646850586,84671,True,,train
leonberger_138,dog/brown/images/leonberger_138.jpg,dog/brown/masks/leonberger_138.png,dog,leonberger,brown,38.91357421875,4.902660846710205,21.169286727905273,47701,True,,train
leonberger_142,dog/brown/images/leonberger_142.jpg,dog/brown/masks/leonberger_142.png,dog,leonberger,brown,57.451995849609375,3.5930871963500977,18.03811836242676,69860,True,,train
leonberger_146,dog/brown/images/leonberger_146.jpg,dog/brown/masks/leonberger_146.png,dog,leonberger,brown,50.36750030517578,4.403889179229736,12.280869483947754,49131,True,,train
leonberger_147,dog/brown/images/leonberger_147.jpg,dog/brown/masks/leonberger_147.png,dog,leonberger,brown,49.64771270751953,16.963228225708008,31.30763816833496,72195,True,,train
leonberger_148,dog/brown/images/leonberger_148.jpg,dog/brown/masks/leonberger_148.png,dog,leonberger,brown,43.59893035888672,7.484234809875488,26.085954666137695,50917,True,,train
leonberger_15,dog/brown/images/leonberger_15.jpg,dog/brown/masks/leonberger_15.png,dog,leonberger,brown,40.4779052734375,10.119811058044434,17.532047271728516,61680,True,,train
leonberger_150,dog/brown/images/leonberger_150.jpg,dog/brown/masks/leonberger_150.png,dog,leonberger,brown,46.72782516479492,13.929128646850586,23.44178009033203,103573,True,,train
leonberger_166,dog/brown/images/leonberger_166.jpg,dog/brown/masks/leonberger_166.png,dog,leonberger,brown,41.08379364013672,2.5448203086853027,16.49095916748047,131408,True,,train
leonberger_171,dog/brown/images/leonberger_171.jpg,dog/brown/masks/leonberger_171.png,dog,leonberger,brown,57.50379180908203,3.144592046737671,15.820717811584473,146913,True,,train
leonberger_178,dog/brown/images/leonberger_178.jpg,dog/brown/masks/leonberger_178.png,dog,leonberger,brown,68.30331420898438,6.651968002319336,28.920238494873047,60126,True,,train
leonberger_181,dog/brown/images/leonberger_181.jpg,dog/brown/masks/leonberger_181.png,dog,leonberger,brown,34.6651725769043,15.723228454589844,24.46642684936523,43230,True,,train
leonberger_189,dog/brown/images/leonberger_189.jpg,dog/brown/masks/leonberger_189.png,dog,leonberger,brown,58.83916473388672,8.305459976196289,27.860206604003903,85994,True,,train
leonberger_19,dog/brown/images/leonberger_19.jpg,dog/brown/masks/leonberger_19.png,dog,leonberger,brown,51.33900451660156,8.850842475891113,19.738842010498047,70929,True,,train
leonberger_196,dog/brown/images/leonberger_196.jpg,dog/brown/masks/leonberger_196.png,dog,leonberger,brown,47.28286361694336,4.879087448120117,17.649709701538086,42885,True,,train
leonberger_199,dog/brown/images/leonberger_199.jpg,dog/brown/masks/leonberger_199.png,dog,leonberger,brown,47.46209716796875,2.9205756187438965,20.3582763671875,65732,True,,train
leonberger_2,dog/brown/images/leonberger_2.jpg,dog/brown/masks/leonberger_2.png,dog,leonberger,brown,59.72894287109375,8.034616470336914,26.962005615234375,89637,True,,train
leonberger_20,dog/brown/images/leonberger_20.jpg,dog/brown/masks/leonberger_20.png,dog,leonberger,brown,54.31304168701172,3.1950175762176514,25.91168212890625,48271,True,,train
leonberger_21,dog/brown/images/leonberger_21.jpg,dog/brown/masks/leonberger_21.png,dog,leonberger,brown,53.56903839111328,7.067427158355713,15.589677810668944,50568,True,,train
leonberger_22,dog/brown/images/leonberger_22.jpg,dog/brown/masks/leonberger_22.png,dog,leonberger,brown,66.18882751464844,5.783364295959473,18.667877197265625,86652,True,,train
leonberger_27,dog/brown/images/leonberger_27.jpg,dog/brown/masks/leonberger_27.png,dog,leonberger,brown,55.728763580322266,7.007397651672363,19.385482788085938,113428,True,,train
leonberger_3,dog/brown/images/leonberger_3.jpg,dog/brown/masks/leonberger_3.png,dog,leonberger,brown,67.95638275146484,6.249129772186279,22.437000274658203,73483,True,,train
leonberger_38,dog/brown/images/leonberger_38.jpg,dog/brown/masks/leonberger_38.png,dog,leonberger,brown,45.362579345703125,6.934553146362305,24.520374298095703,49287,True,,train
leonberger_39,dog/brown/images/leonberger_39.jpg,dog/brown/masks/leonberger_39.png,dog,leonberger,brown,46.05850982666016,7.49240779876709,21.87714576721191,76240,True,,train
leonberger_4,dog/brown/images/leonberger_4.jpg,dog/brown/masks/leonberger_4.png,dog,leonberger,brown,30.966232299804688,2.665996551513672,13.579440116882324,61730,True,,train
leonberger_40,dog/brown/images/leonberger_40.jpg,dog/brown/masks/leonberger_40.png,dog,leonberger,brown,47.73088073730469,7.499739646911621,22.82365608215332,107927,True,,train
leonberger_42,dog/brown/images/leonberger_42.jpg,dog/brown/masks/leonberger_42.png,dog,leonberger,brown,62.53704833984375,4.517406463623047,12.729907035827637,34044,True,,train
leonberger_43,dog/brown/images/leonberger_43.jpg,dog/brown/masks/leonberger_43.png,dog,leonberger,brown,52.531349182128906,5.201726913452148,14.144587516784668,130074,True,,train
leonberger_5,dog/brown/images/leonberger_5.jpg,dog/brown/masks/leonberger_5.png,dog,leonberger,brown,45.906009674072266,5.03823184967041,14.407563209533691,66508,True,,train
leonberger_50,dog/brown/images/leonberger_50.jpg,dog/brown/masks/leonberger_50.png,dog,leonberger,brown,39.75141525268555,8.946083068847656,15.839958190917969,170462,True,,train
leonberger_52,dog/brown/images/leonberger_52.jpg,dog/brown/masks/leonberger_52.png,dog,leonberger,brown,53.575294494628906,6.293267250061035,14.78087329864502,21487,True,,train
leonberger_69,dog/brown/images/leonberger_69.jpg,dog/brown/masks/leonberger_69.png,dog,leonberger,brown,48.08356857299805,9.549647331237791,19.069433212280273,50662,True,,train
leonberger_7,dog/brown/images/leonberger_7.jpg,dog/brown/masks/leonberger_7.png,dog,leonberger,brown,43.375030517578125,8.436538696289062,18.504554748535156,31086,True,,train
leonberger_70,dog/brown/images/leonberger_70.jpg,dog/brown/masks/leonberger_70.png,dog,leonberger,brown,48.3687858581543,4.731215476989746,23.714168548583984,24444,True,,train
leonberger_71,dog/brown/images/leonberger_71.jpg,dog/brown/masks/leonberger_71.png,dog,leonberger,brown,55.630882263183594,6.834097385406494,25.194168090820312,159615,True,,train
leonberger_80,dog/brown/images/leonberger_80.jpg,dog/brown/masks/leonberger_80.png,dog,leonberger,brown,49.63243865966797,6.6439208984375,12.471514701843262,35979,True,,train
leonberger_9,dog/brown/images/leonberger_9.jpg,dog/brown/masks/leonberger_9.png,dog,leonberger,brown,45.99393081665039,5.971938133239746,19.59937858581543,72197,True,,train
leonberger_94,dog/brown/images/leonberger_94.jpg,dog/brown/masks/leonberger_94.png,dog,leonberger,brown,34.282997131347656,9.395331382751465,12.751126289367676,27636,True,,train
miniature_pinscher_100,dog/brown/images/miniature_pinscher_100.jpg,dog/brown/masks/miniature_pinscher_100.png,dog,miniature_pinscher,brown,47.85211944580078,15.53015422821045,32.27366256713867,77077,True,,train
miniature_pinscher_102,dog/brown/images/miniature_pinscher_102.jpg,dog/brown/masks/miniature_pinscher_102.png,dog,miniature_pinscher,brown,37.48721694946289,18.92019844055176,28.97301864624023,55629,True,,train
miniature_pinscher_105,dog/brown/images/miniature_pinscher_105.jpg,dog/brown/masks/miniature_pinscher_105.png,dog,miniature_pinscher,brown,33.78305435180664,9.59550666809082,17.847097396850586,62368,True,,train
miniature_pinscher_109,dog/brown/images/miniature_pinscher_109.jpg,dog/brown/masks/miniature_pinscher_109.png,dog,miniature_pinscher,brown,34.92673873901367,19.393638610839844,24.884164810180664,57026,True,,train
miniature_pinscher_114,dog/brown/images/miniature_pinscher_114.jpg,dog/brown/masks/miniature_pinscher_114.png,dog,miniature_pinscher,brown,51.23683547973633,11.994987487792969,32.026100158691406,17380,True,,train
miniature_pinscher_116,dog/brown/images/miniature_pinscher_116.jpg,dog/brown/masks/miniature_pinscher_116.png,dog,miniature_pinscher,brown,35.10606384277344,19.959211349487305,16.936195373535156,13385,True,,train
miniature_pinscher_118,dog/brown/images/miniature_pinscher_118.jpg,dog/brown/masks/miniature_pinscher_118.png,dog,miniature_pinscher,brown,46.50590896606445,11.034697532653809,21.67436981201172,22499,True,,train
miniature_pinscher_124,dog/brown/images/miniature_pinscher_124.jpg,dog/brown/masks/miniature_pinscher_124.png,dog,miniature_pinscher,brown,34.301734924316406,3.8181543350219727,21.012496948242188,8542,True,,train
miniature_pinscher_126,dog/brown/images/miniature_pinscher_126.jpg,dog/brown/masks/miniature_pinscher_126.png,dog,miniature_pinscher,brown,65.09707641601562,14.427923202514648,40.46459197998047,25084,True,,train
miniature_pinscher_140,dog/brown/images/miniature_pinscher_140.jpg,dog/brown/masks/miniature_pinscher_140.png,dog,miniature_pinscher,brown,63.05655670166016,6.064146995544434,29.87943649291992,32170,True,,train
miniature_pinscher_145,dog/brown/images/miniature_pinscher_145.jpg,dog/brown/masks/miniature_pinscher_145.png,dog,miniature_pinscher,brown,35.62403106689453,22.459789276123047,27.350515365600582,24296,True,,train
miniature_pinscher_148,dog/brown/images/miniature_pinscher_148.jpg,dog/brown/masks/miniature_pinscher_148.png,dog,miniature_pinscher,brown,49.825469970703125,19.62142562866211,24.112287521362305,14206,True,,train
miniature_pinscher_159,dog/brown/images/miniature_pinscher_159.jpg,dog/brown/masks/miniature_pinscher_159.png,dog,miniature_pinscher,brown,40.34157943725586,20.61083984375,20.127517700195312,21006,True,,train
miniature_pinscher_166,dog/brown/images/miniature_pinscher_166.jpg,dog/brown/masks/miniature_pinscher_166.png,dog,miniature_pinscher,brown,47.489646911621094,10.00697135925293,18.776153564453125,18626,True,,train
miniature_pinscher_174,dog/brown/images/miniature_pinscher_174.jpg,dog/brown/masks/miniature_pinscher_174.png,dog,miniature_pinscher,brown,48.181243896484375,14.412254333496094,28.35729217529297,16997,True,,train
miniature_pinscher_175,dog/brown/images/miniature_pinscher_175.jpg,dog/brown/masks/miniature_pinscher_175.png,dog,miniature_pinscher,brown,52.64834976196289,20.65930557250977,48.32067108154297,16482,True,,train
miniature_pinscher_188,dog/brown/images/miniature_pinscher_188.jpg,dog/brown/masks/miniature_pinscher_188.png,dog,miniature_pinscher,brown,55.52564239501953,9.19334602355957,29.18762588500977,31009,True,,train
miniature_pinscher_195,dog/brown/images/miniature_pinscher_195.jpg,dog/brown/masks/miniature_pinscher_195.png,dog,miniature_pinscher,brown,34.52227783203125,16.270442962646484,17.59207534790039,15076,True,,train
miniature_pinscher_21,dog/brown/images/miniature_pinscher_21.jpg,dog/brown/masks/miniature_pinscher_21.png,dog,miniature_pinscher,brown,43.24872970581055,12.476012229919434,38.41728591918945,56158,True,,train
miniature_pinscher_3,dog/brown/images/miniature_pinscher_3.jpg,dog/brown/masks/miniature_pinscher_3.png,dog,miniature_pinscher,brown,60.40393829345703,10.221287727355955,40.46102142333984,80534,True,,train
miniature_pinscher_31,dog/brown/images/miniature_pinscher_31.jpg,dog/brown/masks/miniature_pinscher_31.png,dog,miniature_pinscher,brown,32.81602096557617,4.41339635848999,12.52763557434082,31630,True,,train
miniature_pinscher_33,dog/brown/images/miniature_pinscher_33.jpg,dog/brown/masks/miniature_pinscher_33.png,dog,miniature_pinscher,brown,45.95637512207031,25.786169052124023,39.477027893066406,24443,True,,train
miniature_pinscher_43,dog/brown/images/miniature_pinscher_43.jpg,dog/brown/masks/miniature_pinscher_43.png,dog,miniature_pinscher,brown,45.27339553833008,8.79722785949707,16.16383171081543,15795,True,,train
miniature_pinscher_45,dog/brown/images/miniature_pinscher_45.jpg,dog/brown/masks/miniature_pinscher_45.png,dog,miniature_pinscher,brown,36.7292366027832,15.438511848449709,20.496976852416992,42703,True,,train
miniature_pinscher_49,dog/brown/images/miniature_pinscher_49.jpg,dog/brown/masks/miniature_pinscher_49.png,dog,miniature_pinscher,brown,58.0262451171875,2.766549587249756,27.784395217895508,101651,True,,train
miniature_pinscher_52,dog/brown/images/miniature_pinscher_52.jpg,dog/brown/masks/miniature_pinscher_52.png,dog,miniature_pinscher,brown,46.97244644165039,3.422305107116699,37.48832321166992,44073,True,,train
miniature_pinscher_57,dog/brown/images/miniature_pinscher_57.jpg,dog/brown/masks/miniature_pinscher_57.png,dog,miniature_pinscher,brown,36.97478866577149,24.667545318603516,34.59620666503906,45254,True,,train
miniature_pinscher_58,dog/brown/images/miniature_pinscher_58.jpg,dog/brown/masks/miniature_pinscher_58.png,dog,miniature_pinscher,brown,37.65685272216797,8.422761917114258,12.61783504486084,168214,True,,train
miniature_pinscher_59,dog/brown/images/miniature_pinscher_59.jpg,dog/brown/masks/miniature_pinscher_59.png,dog,miniature_pinscher,brown,48.22126770019531,20.12225914001465,35.114501953125,56852,True,,train
miniature_pinscher_71,dog/brown/images/miniature_pinscher_71.jpg,dog/brown/masks/miniature_pinscher_71.png,dog,miniature_pinscher,brown,54.680931091308594,14.481186866760254,24.767791748046875,26572,True,,train
miniature_pinscher_81,dog/brown/images/miniature_pinscher_81.jpg,dog/brown/masks/miniature_pinscher_81.png,dog,miniature_pinscher,brown,33.00218200683594,5.397647857666016,22.774803161621097,22885,True,,train
miniature_pinscher_82,dog/brown/images/miniature_pinscher_82.jpg,dog/brown/masks/miniature_pinscher_82.png,dog,miniature_pinscher,brown,39.134315490722656,27.72772216796875,32.75131607055664,49681,True,,train
miniature_pinscher_86,dog/brown/images/miniature_pinscher_86.jpg,dog/brown/masks/miniature_pinscher_86.png,dog,miniature_pinscher,brown,47.106231689453125,5.7596564292907715,26.492849349975582,38582,True,,train
miniature_pinscher_90,dog/brown/images/miniature_pinscher_90.jpg,dog/brown/masks/miniature_pinscher_90.png,dog,miniature_pinscher,brown,47.32882308959961,17.450214385986328,24.581628799438477,50865,True,,train
miniature_pinscher_95,dog/brown/images/miniature_pinscher_95.jpg,dog/brown/masks/miniature_pinscher_95.png,dog,miniature_pinscher,brown,57.033233642578125,15.9771146774292,26.182401657104492,61281,True,,train
miniature_pinscher_96,dog/brown/images/miniature_pinscher_96.jpg,dog/brown/masks/miniature_pinscher_96.png,dog,miniature_pinscher,brown,44.31278610229492,8.199750900268555,18.964767456054688,44451,True,,train
miniature_pinscher_97,dog/brown/images/miniature_pinscher_97.jpg,dog/brown/masks/miniature_pinscher_97.png,dog,miniature_pinscher,brown,39.56159591674805,18.49867248535156,27.30331802368164,53286,True,,train
miniature_pinscher_98,dog/brown/images/miniature_pinscher_98.jpg,dog/brown/masks/miniature_pinscher_98.png,dog,miniature_pinscher,brown,44.34754180908203,12.425481796264648,25.91335678100586,30688,True,,train
newfoundland_108,dog/brown/images/newfoundland_108.jpg,dog/brown/masks/newfoundland_108.png,dog,newfoundland,brown,47.710201263427734,9.941935539245604,12.203449249267578,141236,True,,train
newfoundland_128,dog/brown/images/newfoundland_128.jpg,dog/brown/masks/newfoundland_128.png,dog,newfoundland,brown,41.223106384277344,7.31736421585083,15.083293914794922,105126,True,,train
newfoundland_164,dog/brown/images/newfoundland_164.jpg,dog/brown/masks/newfoundland_164.png,dog,newfoundland,brown,44.225921630859375,6.791815280914307,12.681686401367188,76106,True,,train
newfoundland_165,dog/brown/images/newfoundland_165.jpg,dog/brown/masks/newfoundland_165.png,dog,newfoundland,brown,53.78770446777344,10.429054260253906,20.825416564941406,55717,True,,train
newfoundland_166,dog/brown/images/newfoundland_166.jpg,dog/brown/masks/newfoundland_166.png,dog,newfoundland,brown,46.89503860473633,7.916510105133057,14.714652061462402,73515,True,,train
newfoundland_189,dog/brown/images/newfoundland_189.jpg,dog/brown/masks/newfoundland_189.png,dog,newfoundland,brown,34.39973449707031,6.327726364135742,13.911247253417969,61578,True,,train
pomeranian_1,dog/brown/images/pomeranian_1.jpg,dog/brown/masks/pomeranian_1.png,dog,pomeranian,brown,31.671356201171875,8.825644493103027,12.921142578125,153060,True,,train
pomeranian_100,dog/brown/images/pomeranian_100.jpg,dog/brown/masks/pomeranian_100.png,dog,pomeranian,brown,47.214935302734375,8.793086051940918,25.89249610900879,89375,True,,train
pomeranian_101,dog/brown/images/pomeranian_101.jpg,dog/brown/masks/pomeranian_101.png,dog,pomeranian,brown,49.548301696777344,9.354636192321776,26.083839416503903,89287,True,,train
pomeranian_103,dog/brown/images/pomeranian_103.jpg,dog/brown/masks/pomeranian_103.png,dog,pomeranian,brown,50.56211853027344,2.840965986251831,23.36455535888672,23513,True,,train
pomeranian_104,dog/brown/images/pomeranian_104.jpg,dog/brown/masks/pomeranian_104.png,dog,pomeranian,brown,59.576141357421875,6.808757781982422,18.462980270385746,58877,True,,train
pomeranian_106,dog/brown/images/pomeranian_106.jpg,dog/brown/masks/pomeranian_106.png,dog,pomeranian,brown,63.77183532714844,5.672156810760498,21.755266189575195,14727,True,,train
pomeranian_11,dog/brown/images/pomeranian_11.jpg,dog/brown/masks/pomeranian_11.png,dog,pomeranian,brown,55.067626953125,8.814022064208984,13.478899002075195,79797,True,,train
pomeranian_112,dog/brown/images/pomeranian_112.jpg,dog/brown/masks/pomeranian_112.png,dog,pomeranian,brown,39.80263900756836,7.929653167724609,16.703372955322266,39608,True,,train
pomeranian_115,dog/brown/images/pomeranian_115.jpg,dog/brown/masks/pomeranian_115.png,dog,pomeranian,brown,48.65919876098633,14.816701889038086,35.86857986450195,39812,True,,train
pomeranian_117,dog/brown/images/pomeranian_117.jpg,dog/brown/masks/pomeranian_117.png,dog,pomeranian,brown,54.41172790527344,8.306921005249023,19.889713287353516,35714,True,,train
pomeranian_126,dog/brown/images/pomeranian_126.jpg,dog/brown/masks/pomeranian_126.png,dog,pomeranian,brown,43.69278335571289,16.06509017944336,13.288152694702148,18195,True,,train
pomeranian_127,dog/brown/images/pomeranian_127.jpg,dog/brown/masks/pomeranian_127.png,dog,pomeranian,brown,48.67227935791016,10.564595222473145,13.50663948059082,18287,True,,train
pomeranian_129,dog/brown/images/pomeranian_129.jpg,dog/brown/masks/pomeranian_129.png,dog,pomeranian,brown,58.09386444091797,16.761571884155273,33.10723114013672,43653,True,,train
pomeranian_13,dog/brown/images/pomeranian_13.jpg,dog/brown/masks/pomeranian_13.png,dog,pomeranian,brown,60.34958267211914,7.010199069976807,43.81256866455078,56492,True,,train
pomeranian_130,dog/brown/images/pomeranian_130.jpg,dog/brown/masks/pomeranian_130.png,dog,pomeranian,brown,65.50253295898438,10.150522232055664,28.373790740966797,32184,True,,train
pomeranian_132,dog/brown/images/pomeranian_132.jpg,dog/brown/masks/pomeranian_132.png,dog,pomeranian,brown,57.548709869384766,10.252296447753906,25.738922119140625,23476,True,,train
pomeranian_136,dog/brown/images/pomeranian_136.jpg,dog/brown/masks/pomeranian_136.png,dog,pomeranian,brown,62.34516143798828,19.867151260375977,28.239280700683594,57099,True,,train
pomeranian_139,dog/brown/images/pomeranian_139.jpg,dog/brown/masks/pomeranian_139.png,dog,pomeranian,brown,62.78314208984375,4.237443447113037,24.186288833618164,27706,True,,train
pomeranian_140,dog/brown/images/pomeranian_140.jpg,dog/brown/masks/pomeranian_140.png,dog,pomeranian,brown,57.22862243652344,6.198328018188477,38.22535705566406,34710,True,,train
pomeranian_141,dog/brown/images/pomeranian_141.jpg,dog/brown/masks/pomeranian_141.png,dog,pomeranian,brown,63.293212890625,11.481613159179688,25.47578811645508,15763,True,,train
pomeranian_142,dog/brown/images/pomeranian_142.jpg,dog/brown/masks/pomeranian_142.png,dog,pomeranian,brown,54.653419494628906,11.713922500610352,29.191648483276367,21131,True,,train
pomeranian_143,dog/brown/images/pomeranian_143.jpg,dog/brown/masks/pomeranian_143.png,dog,pomeranian,brown,49.85261535644531,12.202225685119627,12.3676118850708,21948,True,,train
pomeranian_146,dog/brown/images/pomeranian_146.jpg,dog/brown/masks/pomeranian_146.png,dog,pomeranian,brown,50.37254333496094,8.508160591125488,26.791805267333984,38615,True,,train
pomeranian_147,dog/brown/images/pomeranian_147.jpg,dog/brown/masks/pomeranian_147.png,dog,pomeranian,brown,32.73503112792969,11.576950073242188,16.135311126708984,38756,True,,train
pomeranian_148,dog/brown/images/pomeranian_148.jpg,dog/brown/masks/pomeranian_148.png,dog,pomeranian,brown,42.18894958496094,6.909966468811035,13.017045974731444,22847,True,,train
pomeranian_15,dog/brown/images/pomeranian_15.jpg,dog/brown/masks/pomeranian_15.png,dog,pomeranian,brown,64.64775848388672,2.1008551120758057,13.670635223388672,66019,True,,train
pomeranian_151,dog/brown/images/pomeranian_151.jpg,dog/brown/masks/pomeranian_151.png,dog,pomeranian,brown,48.34778594970703,8.24764347076416,28.638160705566406,21207,True,,train
pomeranian_152,dog/brown/images/pomeranian_152.jpg,dog/brown/masks/pomeranian_152.png,dog,pomeranian,brown,42.301883697509766,15.674814224243164,30.971019744873047,25939,True,,train
pomeranian_155,dog/brown/images/pomeranian_155.jpg,dog/brown/masks/pomeranian_155.png,dog,pomeranian,brown,53.95140075683594,6.243348121643066,22.05560874938965,20818,True,,train
pomeranian_156,dog/brown/images/pomeranian_156.jpg,dog/brown/masks/pomeranian_156.png,dog,pomeranian,brown,46.160133361816406,10.90964698791504,22.655969619750977,31003,True,,train
pomeranian_160,dog/brown/images/pomeranian_160.jpg,dog/brown/masks/pomeranian_160.png,dog,pomeranian,brown,60.71858215332031,9.150684356689451,22.706418991088867,40162,True,,train
pomeranian_162,dog/brown/images/pomeranian_162.jpg,dog/brown/masks/pomeranian_162.png,dog,pomeranian,brown,61.69322967529297,2.046525478363037,13.81024169921875,43132,True,,train
pomeranian_176,dog/brown/images/pomeranian_176.jpg,dog/brown/masks/pomeranian_176.png,dog,pomeranian,brown,55.99202346801758,16.091882705688477,43.035213470458984,17126,True,,train
pomeranian_178,dog/brown/images/pomeranian_178.jpg,dog/brown/masks/pomeranian_178.png,dog,pomeranian,brown,65.78292083740234,8.222282409667969,17.16946792602539,26286,True,,train
pomeranian_181,dog/brown/images/pomeranian_181.jpg,dog/brown/masks/pomeranian_181.png,dog,pomeranian,brown,43.88467025756836,13.419002532958984,21.612585067749023,44834,True,,train
pomeranian_187,dog/brown/images/pomeranian_187.jpg,dog/brown/masks/pomeranian_187.png,dog,pomeranian,brown,66.64999389648438,9.854942321777344,15.461503982543944,29757,True,,train
pomeranian_188,dog/brown/images/pomeranian_188.jpg,dog/brown/masks/pomeranian_188.png,dog,pomeranian,brown,52.13856506347656,12.745290756225586,30.23419952392578,15798,True,,train
pomeranian_19,dog/brown/images/pomeranian_19.jpg,dog/brown/masks/pomeranian_19.png,dog,pomeranian,brown,57.313377380371094,14.66500759124756,19.775115966796875,80913,True,,train
pomeranian_192,dog/brown/images/pomeranian_192.jpg,dog/brown/masks/pomeranian_192.png,dog,pomeranian,brown,55.48957061767578,19.596771240234375,25.86932373046875,33038,True,,train
pomeranian_193,dog/brown/images/pomeranian_193.jpg,dog/brown/masks/pomeranian_193.png,dog,pomeranian,brown,53.821327209472656,6.279513359069824,24.314208984375,18644,True,,train
pomeranian_198,dog/brown/images/pomeranian_198.jpg,dog/brown/masks/pomeranian_198.png,dog,pomeranian,brown,32.818145751953125,10.604307174682615,17.828672409057617,29245,True,,train
pomeranian_199,dog/brown/images/pomeranian_199.jpg,dog/brown/masks/pomeranian_199.png,dog,pomeranian,brown,42.24238967895508,10.650217056274414,15.895795822143556,53340,True,,train
pomeranian_22,dog/brown/images/pomeranian_22.jpg,dog/brown/masks/pomeranian_22.png,dog,pomeranian,brown,47.76189804077149,7.898956298828125,17.482017517089844,65988,True,,train
pomeranian_24,dog/brown/images/pomeranian_24.jpg,dog/brown/masks/pomeranian_24.png,dog,pomeranian,brown,60.59494400024414,4.284858703613281,15.42963981628418,94790,True,,train
pomeranian_26,dog/brown/images/pomeranian_26.jpg,dog/brown/masks/pomeranian_26.png,dog,pomeranian,brown,49.35343933105469,6.36446475982666,20.419450759887695,59929,True,,train
pomeranian_27,dog/brown/images/pomeranian_27.jpg,dog/brown/masks/pomeranian_27.png,dog,pomeranian,brown,31.77397918701172,19.299999237060547,33.230674743652344,47581,True,,train
pomeranian_29,dog/brown/images/pomeranian_29.jpg,dog/brown/masks/pomeranian_29.png,dog,pomeranian,brown,66.27490997314453,4.747003555297852,15.345012664794922,100683,True,,train
pomeranian_32,dog/brown/images/pomeranian_32.jpg,dog/brown/masks/pomeranian_32.png,dog,pomeranian,brown,43.660736083984375,27.482643127441406,39.59428024291992,73815,True,,train
pomeranian_33,dog/brown/images/pomeranian_33.jpg,dog/brown/masks/pomeranian_33.png,dog,pomeranian,brown,57.91538619995117,4.271127700805664,13.62004280090332,64212,True,,train
pomeranian_36,dog/brown/images/pomeranian_36.jpg,dog/brown/masks/pomeranian_36.png,dog,pomeranian,brown,39.82745361328125,7.646381855010986,14.9275541305542,83440,True,,train
pomeranian_37,dog/brown/images/pomeranian_37.jpg,dog/brown/masks/pomeranian_37.png,dog,pomeranian,brown,46.62440490722656,6.626226425170898,19.435792922973633,67322,True,,train
pomeranian_39,dog/brown/images/pomeranian_39.jpg,dog/brown/masks/pomeranian_39.png,dog,pomeranian,brown,60.46930694580078,4.527896881103516,15.852392196655272,96532,True,,train
pomeranian_48,dog/brown/images/pomeranian_48.jpg,dog/brown/masks/pomeranian_48.png,dog,pomeranian,brown,31.211387634277344,2.3550689220428467,13.342618942260742,68673,True,,train
pomeranian_52,dog/brown/images/pomeranian_52.jpg,dog/brown/masks/pomeranian_52.png,dog,pomeranian,brown,59.669044494628906,4.228830337524414,24.925649642944336,131570,True,,train
pomeranian_54,dog/brown/images/pomeranian_54.jpg,dog/brown/masks/pomeranian_54.png,dog,pomeranian,brown,43.93500518798828,5.87645149230957,16.640064239501953,73860,True,,train
pomeranian_6,dog/brown/images/pomeranian_6.jpg,dog/brown/masks/pomeranian_6.png,dog,pomeranian,brown,50.360633850097656,3.50305438041687,12.461555480957031,135484,True,,train
pomeranian_60,dog/brown/images/pomeranian_60.jpg,dog/brown/masks/pomeranian_60.png,dog,pomeranian,brown,51.05206298828125,10.329797744750977,15.49130630493164,34616,True,,train
pomeranian_63,dog/brown/images/pomeranian_63.jpg,dog/brown/masks/pomeranian_63.png,dog,pomeranian,brown,49.89691162109375,4.218578338623047,17.99715805053711,101015,True,,train
pomeranian_68,dog/brown/images/pomeranian_68.jpg,dog/brown/masks/pomeranian_68.png,dog,pomeranian,brown,50.19439697265625,5.527496337890625,21.67879295349121,147373,True,,train
pomeranian_72,dog/brown/images/pomeranian_72.jpg,dog/brown/masks/pomeranian_72.png,dog,pomeranian,brown,36.87696838378906,4.411220550537109,20.504384994506836,142913,True,,train
pomeranian_73,dog/brown/images/pomeranian_73.jpg,dog/brown/masks/pomeranian_73.png,dog,pomeranian,brown,37.15387344360352,7.505268096923828,25.291324615478516,79066,True,,train
pomeranian_78,dog/brown/images/pomeranian_78.jpg,dog/brown/masks/pomeranian_78.png,dog,pomeranian,brown,58.954803466796875,5.855709075927734,21.90158462524414,69033,True,,train
pomeranian_79,dog/brown/images/pomeranian_79.jpg,dog/brown/masks/pomeranian_79.png,dog,pomeranian,brown,34.93207550048828,11.30189037322998,28.301071166992188,63887,True,,train
pomeranian_8,dog/brown/images/pomeranian_8.jpg,dog/brown/masks/pomeranian_8.png,dog,pomeranian,brown,42.956199645996094,7.945328712463379,19.124412536621097,54285,True,,train
pomeranian_82,dog/brown/images/pomeranian_82.jpg,dog/brown/masks/pomeranian_82.png,dog,pomeranian,brown,57.50908660888672,12.526601791381836,41.65841293334961,107535,True,,train
pomeranian_84,dog/brown/images/pomeranian_84.jpg,dog/brown/masks/pomeranian_84.png,dog,pomeranian,brown,48.450706481933594,10.984838485717772,23.79376983642578,94095,True,,train
pomeranian_89,dog/brown/images/pomeranian_89.jpg,dog/brown/masks/pomeranian_89.png,dog,pomeranian,brown,56.69990539550781,8.90943431854248,20.144580841064453,183797,True,,train
pomeranian_91,dog/brown/images/pomeranian_91.jpg,dog/brown/masks/pomeranian_91.png,dog,pomeranian,brown,41.222164154052734,4.155487060546875,18.017017364501953,31219,True,,train
pomeranian_92,dog/brown/images/pomeranian_92.jpg,dog/brown/masks/pomeranian_92.png,dog,pomeranian,brown,58.59596252441406,8.263677597045898,35.626888275146484,75621,True,,train
pomeranian_93,dog/brown/images/pomeranian_93.jpg,dog/brown/masks/pomeranian_93.png,dog,pomeranian,brown,32.492218017578125,18.204540252685547,24.347675323486328,129223,True,,train
pomeranian_95,dog/brown/images/pomeranian_95.jpg,dog/brown/masks/pomeranian_95.png,dog,pomeranian,brown,30.432662963867188,13.55467700958252,20.016616821289062,91119,True,,train
pomeranian_96,dog/brown/images/pomeranian_96.jpg,dog/brown/masks/pomeranian_96.png,dog,pomeranian,brown,66.44480895996094,10.91468334197998,26.404022216796875,34947,True,,train
pomeranian_98,dog/brown/images/pomeranian_98.jpg,dog/brown/masks/pomeranian_98.png,dog,pomeranian,brown,42.3783073425293,10.284751892089844,23.00476455688477,132694,True,,train
pomeranian_99,dog/brown/images/pomeranian_99.jpg,dog/brown/masks/pomeranian_99.png,dog,pomeranian,brown,52.89886474609375,5.6206583976745605,21.424448013305664,49005,True,,train
pug_27,dog/brown/images/pug_27.jpg,dog/brown/masks/pug_27.png,dog,pug,brown,44.7380485534668,9.48077392578125,18.65593147277832,29297,True,,train
saint_bernard_106,dog/brown/images/saint_bernard_106.jpg,dog/brown/masks/saint_bernard_106.png,dog,saint_bernard,brown,35.636085510253906,5.138516426086426,18.17461395263672,49174,True,,train
saint_bernard_116,dog/brown/images/saint_bernard_116.jpg,dog/brown/masks/saint_bernard_116.png,dog,saint_bernard,brown,52.49475860595703,3.6776363849639897,12.001996994018556,121773,True,,train
saint_bernard_118,dog/brown/images/saint_bernard_118.jpg,dog/brown/masks/saint_bernard_118.png,dog,saint_bernard,brown,41.55231475830078,6.477966785430908,14.937520027160645,117232,True,,train
saint_bernard_136,dog/brown/images/saint_bernard_136.jpg,dog/brown/masks/saint_bernard_136.png,dog,saint_bernard,brown,52.22514343261719,4.09671688079834,19.220226287841797,32845,True,,train
saint_bernard_148,dog/brown/images/saint_bernard_148.jpg,dog/brown/masks/saint_bernard_148.png,dog,saint_bernard,brown,31.980178833007812,11.592909812927246,17.98340606689453,88423,True,,train
saint_bernard_176,dog/brown/images/saint_bernard_176.jpg,dog/brown/masks/saint_bernard_176.png,dog,saint_bernard,brown,51.403907775878906,13.09812068939209,27.158117294311523,48865,True,,train
saint_bernard_177,dog/brown/images/saint_bernard_177.jpg,dog/brown/masks/saint_bernard_177.png,dog,saint_bernard,brown,51.08934783935547,13.217836380004885,21.2029972076416,40245,True,,train
saint_bernard_194,dog/brown/images/saint_bernard_194.jpg,dog/brown/masks/saint_bernard_194.png,dog,saint_bernard,brown,46.39439392089844,11.497892379760742,23.3214054107666,37750,True,,train
saint_bernard_196,dog/brown/images/saint_bernard_196.jpg,dog/brown/masks/saint_bernard_196.png,dog,saint_bernard,brown,52.234397888183594,2.266958236694336,15.421366691589355,72761,True,,train
saint_bernard_20,dog/brown/images/saint_bernard_20.jpg,dog/brown/masks/saint_bernard_20.png,dog,saint_bernard,brown,36.46638488769531,7.443547248840332,16.746633529663086,22634,True,,train
saint_bernard_200,dog/brown/images/saint_bernard_200.jpg,dog/brown/masks/saint_bernard_200.png,dog,saint_bernard,brown,35.974430084228516,10.574862480163574,19.38204765319824,26663,True,,train
saint_bernard_52,dog/brown/images/saint_bernard_52.jpg,dog/brown/masks/saint_bernard_52.png,dog,saint_bernard,brown,65.6539077758789,4.904359817504883,14.603435516357422,106407,True,,train
saint_bernard_97,dog/brown/images/saint_bernard_97.jpg,dog/brown/masks/saint_bernard_97.png,dog,saint_bernard,brown,33.04621124267578,8.316591262817383,20.119213104248047,105478,True,,train
scottish_terrier_102,dog/brown/images/scottish_terrier_102.jpg,dog/brown/masks/scottish_terrier_102.png,dog,scottish_terrier,brown,62.05109786987305,3.559619188308716,18.457609176635746,11242,True,,train
scottish_terrier_105,dog/brown/images/scottish_terrier_105.jpg,dog/brown/masks/scottish_terrier_105.png,dog,scottish_terrier,brown,51.92564392089844,4.025876522064209,15.703129768371582,41758,True,,train
scottish_terrier_107,dog/brown/images/scottish_terrier_107.jpg,dog/brown/masks/scottish_terrier_107.png,dog,scottish_terrier,brown,58.99237823486328,9.236454963684082,21.059917449951172,24773,True,,train
scottish_terrier_95,dog/brown/images/scottish_terrier_95.jpg,dog/brown/masks/scottish_terrier_95.png,dog,scottish_terrier,brown,48.422119140625,17.04800033569336,29.470516204833984,46356,True,,train
shiba_inu_1,dog/brown/images/shiba_inu_1.jpg,dog/brown/masks/shiba_inu_1.png,dog,shiba_inu,brown,47.081642150878906,18.898113250732425,23.170751571655273,22200,True,,train
shiba_inu_100,dog/brown/images/shiba_inu_100.jpg,dog/brown/masks/shiba_inu_100.png,dog,shiba_inu,brown,54.30842590332031,5.7875213623046875,25.96380615234375,70060,True,,train
shiba_inu_102,dog/brown/images/shiba_inu_102.jpg,dog/brown/masks/shiba_inu_102.png,dog,shiba_inu,brown,47.53571701049805,14.67353057861328,22.045076370239254,45825,True,,train
shiba_inu_104,dog/brown/images/shiba_inu_104.jpg,dog/brown/masks/shiba_inu_104.png,dog,shiba_inu,brown,44.35869598388672,6.682038307189941,23.51139259338379,88113,True,,train
shiba_inu_105,dog/brown/images/shiba_inu_105.jpg,dog/brown/masks/shiba_inu_105.png,dog,shiba_inu,brown,54.87745666503906,9.557634353637695,19.907379150390625,46857,True,,train
shiba_inu_109,dog/brown/images/shiba_inu_109.jpg,dog/brown/masks/shiba_inu_109.png,dog,shiba_inu,brown,67.78323364257812,3.480851650238037,19.100357055664062,37557,True,,train
shiba_inu_11,dog/brown/images/shiba_inu_11.jpg,dog/brown/masks/shiba_inu_11.png,dog,shiba_inu,brown,60.27922821044922,5.59765100479126,21.424657821655273,73873,True,,train
shiba_inu_113,dog/brown/images/shiba_inu_113.jpg,dog/brown/masks/shiba_inu_113.png,dog,shiba_inu,brown,61.66405487060547,4.179179668426514,24.37704849243164,30123,True,,train
shiba_inu_116,dog/brown/images/shiba_inu_116.jpg,dog/brown/masks/shiba_inu_116.png,dog,shiba_inu,brown,65.82061767578125,6.774425506591797,33.77813720703125,48280,True,,train
shiba_inu_117,dog/brown/images/shiba_inu_117.jpg,dog/brown/masks/shiba_inu_117.png,dog,shiba_inu,brown,58.36452102661133,7.001862049102783,21.390247344970703,36838,True,,train
shiba_inu_118,dog/brown/images/shiba_inu_118.jpg,dog/brown/masks/shiba_inu_118.png,dog,shiba_inu,brown,65.2881851196289,9.042821884155272,37.23345947265625,42990,True,,train
shiba_inu_120,dog/brown/images/shiba_inu_120.jpg,dog/brown/masks/shiba_inu_120.png,dog,shiba_inu,brown,62.41020965576172,7.783785343170166,25.141233444213867,9972,True,,train
shiba_inu_127,dog/brown/images/shiba_inu_127.jpg,dog/brown/masks/shiba_inu_127.png,dog,shiba_inu,brown,45.971832275390625,7.794819831848144,14.077276229858398,15337,True,,train
shiba_inu_128,dog/brown/images/shiba_inu_128.jpg,dog/brown/masks/shiba_inu_128.png,dog,shiba_inu,brown,54.237762451171875,5.4198503494262695,15.101605415344238,18569,True,,train
shiba_inu_129,dog/brown/images/shiba_inu_129.jpg,dog/brown/masks/shiba_inu_129.png,dog,shiba_inu,brown,59.800994873046875,7.0101318359375,14.780068397521973,35697,True,,train
shiba_inu_130,dog/brown/images/shiba_inu_130.jpg,dog/brown/masks/shiba_inu_130.png,dog,shiba_inu,brown,57.06895446777344,3.54236364364624,13.104730606079102,27253,True,,train
shiba_inu_132,dog/brown/images/shiba_inu_132.jpg,dog/brown/masks/shiba_inu_132.png,dog,shiba_inu,brown,60.74134063720703,4.749007701873779,18.471616744995117,92083,True,,train
shiba_inu_135,dog/brown/images/shiba_inu_135.jpg,dog/brown/masks/shiba_inu_135.png,dog,shiba_inu,brown,54.74481964111328,20.16177749633789,36.69841766357422,63231,True,,train
shiba_inu_136,dog/brown/images/shiba_inu_136.jpg,dog/brown/masks/shiba_inu_136.png,dog,shiba_inu,brown,52.972999572753906,3.733336925506592,17.171876907348633,38817,True,,train
shiba_inu_14,dog/brown/images/shiba_inu_14.jpg,dog/brown/masks/shiba_inu_14.png,dog,shiba_inu,brown,64.93435668945312,4.289705276489258,16.92597198486328,21272,True,,train
shiba_inu_142,dog/brown/images/shiba_inu_142.jpg,dog/brown/masks/shiba_inu_142.png,dog,shiba_inu,brown,35.18816375732422,10.252639770507812,19.687997817993164,58025,True,,train
shiba_inu_145,dog/brown/images/shiba_inu_145.jpg,dog/brown/masks/shiba_inu_145.png,dog,shiba_inu,brown,59.92853927612305,5.6251139640808105,19.324634552001953,26152,True,,train
shiba_inu_146,dog/brown/images/shiba_inu_146.jpg,dog/brown/masks/shiba_inu_146.png,dog,shiba_inu,brown,56.80107879638672,6.46182918548584,19.97199058532715,32183,True,,train
shiba_inu_15,dog/brown/images/shiba_inu_15.jpg,dog/brown/masks/shiba_inu_15.png,dog,shiba_inu,brown,50.39091110229492,5.320638656616211,23.24897003173828,97918,True,,train
shiba_inu_150,dog/brown/images/shiba_inu_150.jpg,dog/brown/masks/shiba_inu_150.png,dog,shiba_inu,brown,52.29417419433594,3.000572204589844,24.562602996826172,81346,True,,train
shiba_inu_152,dog/brown/images/shiba_inu_152.jpg,dog/brown/masks/shiba_inu_152.png,dog,shiba_inu,brown,51.641632080078125,2.2216439247131348,18.194257736206055,59013,True,,train
shiba_inu_153,dog/brown/images/shiba_inu_153.jpg,dog/brown/masks/shiba_inu_153.png,dog,shiba_inu,brown,50.64775848388672,3.388434648513794,26.64632797241211,94601,True,,train
shiba_inu_158,dog/brown/images/shiba_inu_158.jpg,dog/brown/masks/shiba_inu_158.png,dog,shiba_inu,brown,34.2039680480957,5.513444423675537,14.376461029052734,85713,True,,train
shiba_inu_160,dog/brown/images/shiba_inu_160.jpg,dog/brown/masks/shiba_inu_160.png,dog,shiba_inu,brown,53.481903076171875,14.04884433746338,29.258548736572266,90068,True,,train
shiba_inu_161,dog/brown/images/shiba_inu_161.jpg,dog/brown/masks/shiba_inu_161.png,dog,shiba_inu,brown,51.724212646484375,4.575103282928467,18.48865509033203,34878,True,,train
shiba_inu_171,dog/brown/images/shiba_inu_171.jpg,dog/brown/masks/shiba_inu_171.png,dog,shiba_inu,brown,48.88465118408203,5.560636520385742,20.527332305908203,116264,True,,train
shiba_inu_172,dog/brown/images/shiba_inu_172.jpg,dog/brown/masks/shiba_inu_172.png,dog,shiba_inu,brown,62.83226013183594,12.337535858154297,35.928524017333984,88966,True,,train
shiba_inu_174,dog/brown/images/shiba_inu_174.jpg,dog/brown/masks/shiba_inu_174.png,dog,shiba_inu,brown,56.182334899902344,19.295007705688477,51.16242218017578,48633,True,,train
shiba_inu_176,dog/brown/images/shiba_inu_176.jpg,dog/brown/masks/shiba_inu_176.png,dog,shiba_inu,brown,38.34318542480469,2.677455425262451,15.168630599975586,112085,True,,train
shiba_inu_177,dog/brown/images/shiba_inu_177.jpg,dog/brown/masks/shiba_inu_177.png,dog,shiba_inu,brown,54.01911163330078,5.8425068855285645,23.482847213745117,57089,True,,train
shiba_inu_178,dog/brown/images/shiba_inu_178.jpg,dog/brown/masks/shiba_inu_178.png,dog,shiba_inu,brown,42.506385803222656,6.081133842468262,19.988025665283203,70980,True,,train
shiba_inu_179,dog/brown/images/shiba_inu_179.jpg,dog/brown/masks/shiba_inu_179.png,dog,shiba_inu,brown,59.976036071777344,4.889339447021484,19.378488540649418,64811,True,,train
shiba_inu_18,dog/brown/images/shiba_inu_18.jpg,dog/brown/masks/shiba_inu_18.png,dog,shiba_inu,brown,68.20457458496094,5.744948863983154,16.31049156188965,54822,True,,train
shiba_inu_182,dog/brown/images/shiba_inu_182.jpg,dog/brown/masks/shiba_inu_182.png,dog,shiba_inu,brown,42.11175155639648,7.4065327644348145,16.61292266845703,131381,True,,train
shiba_inu_183,dog/brown/images/shiba_inu_183.jpg,dog/brown/masks/shiba_inu_183.png,dog,shiba_inu,brown,61.791358947753906,3.8181543350219727,13.486469268798828,52023,True,,train
shiba_inu_186,dog/brown/images/shiba_inu_186.jpg,dog/brown/masks/shiba_inu_186.png,dog,shiba_inu,brown,62.670623779296875,4.356712341308594,14.972901344299316,52435,True,,train
shiba_inu_199,dog/brown/images/shiba_inu_199.jpg,dog/brown/masks/shiba_inu_199.png,dog,shiba_inu,brown,48.12989044189453,5.641325950622559,13.506364822387695,119854,True,,train
shiba_inu_20,dog/brown/images/shiba_inu_20.jpg,dog/brown/masks/shiba_inu_20.png,dog,shiba_inu,brown,69.3948974609375,11.278838157653809,24.65947914123535,83372,True,,train
shiba_inu_203,dog/brown/images/shiba_inu_203.jpg,dog/brown/masks/shiba_inu_203.png,dog,shiba_inu,brown,68.39505004882812,11.737764358520508,20.98870849609375,109305,True,,train
shiba_inu_207,dog/brown/images/shiba_inu_207.jpg,dog/brown/masks/shiba_inu_207.png,dog,shiba_inu,brown,59.250938415527344,4.629105567932129,15.365373611450195,38055,True,,train
shiba_inu_208,dog/brown/images/shiba_inu_208.jpg,dog/brown/masks/shiba_inu_208.png,dog,shiba_inu,brown,43.89085006713867,5.343988418579102,20.16637420654297,57770,True,,train
shiba_inu_24,dog/brown/images/shiba_inu_24.jpg,dog/brown/masks/shiba_inu_24.png,dog,shiba_inu,brown,53.35380554199219,3.364443778991699,14.87407684326172,77647,True,,train
shiba_inu_26,dog/brown/images/shiba_inu_26.jpg,dog/brown/masks/shiba_inu_26.png,dog,shiba_inu,brown,61.396820068359375,4.345327377319336,12.772727012634276,119951,True,,train
shiba_inu_36,dog/brown/images/shiba_inu_36.jpg,dog/brown/masks/shiba_inu_36.png,dog,shiba_inu,brown,63.534820556640625,4.586428642272949,17.05135154724121,107337,True,,train
shiba_inu_37,dog/brown/images/shiba_inu_37.jpg,dog/brown/masks/shiba_inu_37.png,dog,shiba_inu,brown,55.34740447998047,5.563020706176758,14.005732536315918,88059,True,,train
shiba_inu_38,dog/brown/images/shiba_inu_38.jpg,dog/brown/masks/shiba_inu_38.png,dog,shiba_inu,brown,49.379432678222656,7.4022111892700195,19.921974182128903,77346,True,,train
shiba_inu_39,dog/brown/images/shiba_inu_39.jpg,dog/brown/masks/shiba_inu_39.png,dog,shiba_inu,brown,52.38250732421875,6.336703777313232,19.132978439331055,71804,True,,train
shiba_inu_41,dog/brown/images/shiba_inu_41.jpg,dog/brown/masks/shiba_inu_41.png,dog,shiba_inu,brown,47.12092208862305,6.990462303161621,20.68687629699707,77976,True,,train
shiba_inu_46,dog/brown/images/shiba_inu_46.jpg,dog/brown/masks/shiba_inu_46.png,dog,shiba_inu,brown,45.50765228271485,6.732419013977051,15.101613998413086,80088,True,,train
shiba_inu_5,dog/brown/images/shiba_inu_5.jpg,dog/brown/masks/shiba_inu_5.png,dog,shiba_inu,brown,55.97988510131836,4.902153968811035,17.380821228027344,82008,True,,train
shiba_inu_51,dog/brown/images/shiba_inu_51.jpg,dog/brown/masks/shiba_inu_51.png,dog,shiba_inu,brown,56.816864013671875,10.448217391967772,45.58819961547851,15207,True,,train
shiba_inu_53,dog/brown/images/shiba_inu_53.jpg,dog/brown/masks/shiba_inu_53.png,dog,shiba_inu,brown,43.839637756347656,4.393428802490234,16.73091697692871,62861,True,,train
shiba_inu_54,dog/brown/images/shiba_inu_54.jpg,dog/brown/masks/shiba_inu_54.png,dog,shiba_inu,brown,55.376708984375,18.661678314208984,59.8222541809082,65245,True,,train
shiba_inu_58,dog/brown/images/shiba_inu_58.jpg,dog/brown/masks/shiba_inu_58.png,dog,shiba_inu,brown,54.237361907958984,5.3868889808654785,14.808597564697266,29146,True,,train
shiba_inu_63,dog/brown/images/shiba_inu_63.jpg,dog/brown/masks/shiba_inu_63.png,dog,shiba_inu,brown,67.40677642822266,3.410637378692627,27.57022476196289,55261,True,,train
shiba_inu_65,dog/brown/images/shiba_inu_65.jpg,dog/brown/masks/shiba_inu_65.png,dog,shiba_inu,brown,54.36433410644531,7.223472118377685,21.77673721313477,8964,True,,train
shiba_inu_66,dog/brown/images/shiba_inu_66.jpg,dog/brown/masks/shiba_inu_66.png,dog,shiba_inu,brown,31.30262756347656,10.495841979980469,19.948619842529297,94317,True,,train
shiba_inu_70,dog/brown/images/shiba_inu_70.jpg,dog/brown/masks/shiba_inu_70.png,dog,shiba_inu,brown,49.350852966308594,7.850706577301025,17.559539794921875,147499,True,,train
shiba_inu_71,dog/brown/images/shiba_inu_71.jpg,dog/brown/masks/shiba_inu_71.png,dog,shiba_inu,brown,58.10838317871094,10.51044464111328,28.339136123657227,81438,True,,train
shiba_inu_72,dog/brown/images/shiba_inu_72.jpg,dog/brown/masks/shiba_inu_72.png,dog,shiba_inu,brown,52.09357452392578,12.456059455871582,26.410642623901367,93306,True,,train
shiba_inu_73,dog/brown/images/shiba_inu_73.jpg,dog/brown/masks/shiba_inu_73.png,dog,shiba_inu,brown,59.54412078857422,13.68108367919922,49.54749298095703,44940,True,,train
shiba_inu_74,dog/brown/images/shiba_inu_74.jpg,dog/brown/masks/shiba_inu_74.png,dog,shiba_inu,brown,60.3409423828125,3.499329090118408,41.52309799194336,94621,True,,train
shiba_inu_76,dog/brown/images/shiba_inu_76.jpg,dog/brown/masks/shiba_inu_76.png,dog,shiba_inu,brown,48.57518768310547,15.554875373840332,42.87260818481445,48555,True,,train
shiba_inu_79,dog/brown/images/shiba_inu_79.jpg,dog/brown/masks/shiba_inu_79.png,dog,shiba_inu,brown,55.07768249511719,7.376447200775147,18.491565704345703,71194,True,,train
shiba_inu_8,dog/brown/images/shiba_inu_8.jpg,dog/brown/masks/shiba_inu_8.png,dog,shiba_inu,brown,52.71370315551758,6.247084617614746,15.620756149291992,47734,True,,train
shiba_inu_82,dog/brown/images/shiba_inu_82.jpg,dog/brown/masks/shiba_inu_82.png,dog,shiba_inu,brown,53.7535400390625,11.778264999389648,21.19849395751953,68429,True,,train
shiba_inu_83,dog/brown/images/shiba_inu_83.jpg,dog/brown/masks/shiba_inu_83.png,dog,shiba_inu,brown,42.05779647827149,6.497531890869141,12.455206871032717,113054,True,,train
shiba_inu_84,dog/brown/images/shiba_inu_84.jpg,dog/brown/masks/shiba_inu_84.png,dog,shiba_inu,brown,48.46085357666016,3.642469644546509,32.0704345703125,26261,True,,train
shiba_inu_85,dog/brown/images/shiba_inu_85.jpg,dog/brown/masks/shiba_inu_85.png,dog,shiba_inu,brown,67.9322280883789,3.693044185638428,21.71716690063477,46907,True,,train
shiba_inu_87,dog/brown/images/shiba_inu_87.jpg,dog/brown/masks/shiba_inu_87.png,dog,shiba_inu,brown,40.58580780029297,6.221026420593262,21.613603591918945,60662,True,,train
shiba_inu_89,dog/brown/images/shiba_inu_89.jpg,dog/brown/masks/shiba_inu_89.png,dog,shiba_inu,brown,62.331581115722656,8.015096664428711,14.364301681518556,55270,True,,train
shiba_inu_9,dog/brown/images/shiba_inu_9.jpg,dog/brown/masks/shiba_inu_9.png,dog,shiba_inu,brown,56.030174255371094,5.182504653930664,18.25010681152344,42903,True,,train
shiba_inu_91,dog/brown/images/shiba_inu_91.jpg,dog/brown/masks/shiba_inu_91.png,dog,shiba_inu,brown,38.78276443481445,5.971711158752441,12.514800071716309,32024,True,,train
shiba_inu_94,dog/brown/images/shiba_inu_94.jpg,dog/brown/masks/shiba_inu_94.png,dog,shiba_inu,brown,53.82463836669922,5.869775772094727,15.455248832702637,24068,True,,train
shiba_inu_95,dog/brown/images/shiba_inu_95.jpg,dog/brown/masks/shiba_inu_95.png,dog,shiba_inu,brown,61.42559814453125,6.447911262512207,26.06581687927246,104379,True,,train
shiba_inu_99,dog/brown/images/shiba_inu_99.jpg,dog/brown/masks/shiba_inu_99.png,dog,shiba_inu,brown,49.05297088623047,5.310073375701904,20.367204666137695,48752,True,,train
staffordshire_bull_terrier_101,dog/brown/images/staffordshire_bull_terrier_101.jpg,dog/brown/masks/staffordshire_bull_terrier_101.png,dog,staffordshire_bull_terrier,brown,52.48046875,5.703062057495117,18.99813461303711,53699,True,,train
staffordshire_bull_terrier_104,dog/brown/images/staffordshire_bull_terrier_104.jpg,dog/brown/masks/staffordshire_bull_terrier_104.png,dog,staffordshire_bull_terrier,brown,42.348777770996094,7.162928581237793,15.307211875915527,77465,True,,train
staffordshire_bull_terrier_108,dog/brown/images/staffordshire_bull_terrier_108.jpg,dog/brown/masks/staffordshire_bull_terrier_108.png,dog,staffordshire_bull_terrier,brown,36.65959167480469,12.796536445617676,14.845359802246094,50300,True,,train
staffordshire_bull_terrier_160,dog/brown/images/staffordshire_bull_terrier_160.jpg,dog/brown/masks/staffordshire_bull_terrier_160.png,dog,staffordshire_bull_terrier,brown,46.40828704833984,14.02999496459961,29.62289810180664,59288,True,,train
staffordshire_bull_terrier_166,dog/brown/images/staffordshire_bull_terrier_166.jpg,dog/brown/masks/staffordshire_bull_terrier_166.png,dog,staffordshire_bull_terrier,brown,54.07261276245117,7.494803428649902,29.417484283447266,59578,True,,train
staffordshire_bull_terrier_175,dog/brown/images/staffordshire_bull_terrier_175.jpg,dog/brown/masks/staffordshire_bull_terrier_175.png,dog,staffordshire_bull_terrier,brown,48.06452178955078,9.01500129699707,26.43983459472656,84036,True,,train
staffordshire_bull_terrier_192,dog/brown/images/staffordshire_bull_terrier_192.jpg,dog/brown/masks/staffordshire_bull_terrier_192.png,dog,staffordshire_bull_terrier,brown,49.957218170166016,5.150243759155273,22.717554092407227,39656,True,,train
staffordshire_bull_terrier_21,dog/brown/images/staffordshire_bull_terrier_21.jpg,dog/brown/masks/staffordshire_bull_terrier_21.png,dog,staffordshire_bull_terrier,brown,47.22529602050781,6.367653846740723,16.37285041809082,15938,True,,train
staffordshire_bull_terrier_24,dog/brown/images/staffordshire_bull_terrier_24.jpg,dog/brown/masks/staffordshire_bull_terrier_24.png,dog,staffordshire_bull_terrier,brown,35.380802154541016,10.328106880187988,25.219900131225582,76430,True,,train
staffordshire_bull_terrier_25,dog/brown/images/staffordshire_bull_terrier_25.jpg,dog/brown/masks/staffordshire_bull_terrier_25.png,dog,staffordshire_bull_terrier,brown,65.30299377441406,7.42158317565918,21.538848876953125,25076,True,,train
staffordshire_bull_terrier_32,dog/brown/images/staffordshire_bull_terrier_32.jpg,dog/brown/masks/staffordshire_bull_terrier_32.png,dog,staffordshire_bull_terrier,brown,31.96859359741211,5.411498069763184,15.820717811584473,64166,True,,train
staffordshire_bull_terrier_4,dog/brown/images/staffordshire_bull_terrier_4.jpg,dog/brown/masks/staffordshire_bull_terrier_4.png,dog,staffordshire_bull_terrier,brown,51.02986145019531,12.977093696594238,28.756248474121097,121329,True,,train
staffordshire_bull_terrier_5,dog/brown/images/staffordshire_bull_terrier_5.jpg,dog/brown/masks/staffordshire_bull_terrier_5.png,dog,staffordshire_bull_terrier,brown,46.6392707824707,3.17557144165039,14.984411239624023,94999,True,,train
staffordshire_bull_terrier_7,dog/brown/images/staffordshire_bull_terrier_7.jpg,dog/brown/masks/staffordshire_bull_terrier_7.png,dog,staffordshire_bull_terrier,brown,42.12200546264648,8.870333671569824,15.225536346435549,31274,True,,train
staffordshire_bull_terrier_70,dog/brown/images/staffordshire_bull_terrier_70.jpg,dog/brown/masks/staffordshire_bull_terrier_70.png,dog,staffordshire_bull_terrier,brown,42.5202751159668,7.600888729095459,13.093578338623049,70317,True,,train
staffordshire_bull_terrier_8,dog/brown/images/staffordshire_bull_terrier_8.jpg,dog/brown/masks/staffordshire_bull_terrier_8.png,dog,staffordshire_bull_terrier,brown,60.909523010253906,9.418905258178713,15.010333061218262,124605,True,,train
staffordshire_bull_terrier_80,dog/brown/images/staffordshire_bull_terrier_80.jpg,dog/brown/masks/staffordshire_bull_terrier_80.png,dog,staffordshire_bull_terrier,brown,46.86505889892578,8.704200744628906,20.102500915527344,48938,True,,train
staffordshire_bull_terrier_81,dog/brown/images/staffordshire_bull_terrier_81.jpg,dog/brown/masks/staffordshire_bull_terrier_81.png,dog,staffordshire_bull_terrier,brown,50.306182861328125,8.540853500366211,22.26995277404785,157905,True,,train
wheaten_terrier_13,dog/brown/images/wheaten_terrier_13.jpg,dog/brown/masks/wheaten_terrier_13.png,dog,wheaten_terrier,brown,58.61115264892578,5.346745491027832,22.82221221923828,39549,True,,train
wheaten_terrier_138,dog/brown/images/wheaten_terrier_138.jpg,dog/brown/masks/wheaten_terrier_138.png,dog,wheaten_terrier,brown,57.08488464355469,3.7925243377685542,17.33167266845703,57263,True,,train
wheaten_terrier_140,dog/brown/images/wheaten_terrier_140.jpg,dog/brown/masks/wheaten_terrier_140.png,dog,wheaten_terrier,brown,52.628204345703125,7.4022111892700195,15.23326015472412,105801,True,,train
wheaten_terrier_143,dog/brown/images/wheaten_terrier_143.jpg,dog/brown/masks/wheaten_terrier_143.png,dog,wheaten_terrier,brown,61.43724822998047,7.2779059410095215,17.400217056274414,54566,True,,train
wheaten_terrier_151,dog/brown/images/wheaten_terrier_151.jpg,dog/brown/masks/wheaten_terrier_151.png,dog,wheaten_terrier,brown,60.32672882080078,7.281184196472168,19.70884704589844,122227,True,,train
wheaten_terrier_153,dog/brown/images/wheaten_terrier_153.jpg,dog/brown/masks/wheaten_terrier_153.png,dog,wheaten_terrier,brown,50.328948974609375,14.017433166503906,37.27620315551758,90299,True,,train
wheaten_terrier_154,dog/brown/images/wheaten_terrier_154.jpg,dog/brown/masks/wheaten_terrier_154.png,dog,wheaten_terrier,brown,63.149879455566406,4.175991058349609,21.931861877441406,87120,True,,train
wheaten_terrier_155,dog/brown/images/wheaten_terrier_155.jpg,dog/brown/masks/wheaten_terrier_155.png,dog,wheaten_terrier,brown,52.93418884277344,4.215270042419434,14.704257011413574,34564,True,,train
wheaten_terrier_156,dog/brown/images/wheaten_terrier_156.jpg,dog/brown/masks/wheaten_terrier_156.png,dog,wheaten_terrier,brown,65.1064682006836,6.317481517791748,14.373159408569336,50322,True,,train
wheaten_terrier_160,dog/brown/images/wheaten_terrier_160.jpg,dog/brown/masks/wheaten_terrier_160.png,dog,wheaten_terrier,brown,63.80295944213867,4.461824893951416,12.076940536499023,45894,True,,train
wheaten_terrier_161,dog/brown/images/wheaten_terrier_161.jpg,dog/brown/masks/wheaten_terrier_161.png,dog,wheaten_terrier,brown,59.29804992675781,4.8387346267700195,15.336060523986816,74554,True,,train
wheaten_terrier_167,dog/brown/images/wheaten_terrier_167.jpg,dog/brown/masks/wheaten_terrier_167.png,dog,wheaten_terrier,brown,58.06656646728515,5.753890037536621,21.102941513061523,124946,True,,train
wheaten_terrier_181,dog/brown/images/wheaten_terrier_181.jpg,dog/brown/masks/wheaten_terrier_181.png,dog,wheaten_terrier,brown,57.714881896972656,5.185932159423828,14.295852661132812,100297,True,,train
wheaten_terrier_188,dog/brown/images/wheaten_terrier_188.jpg,dog/brown/masks/wheaten_terrier_188.png,dog,wheaten_terrier,brown,47.53962326049805,5.113780498504639,12.95515251159668,33529,True,,train
wheaten_terrier_32,dog/brown/images/wheaten_terrier_32.jpg,dog/brown/masks/wheaten_terrier_32.png,dog,wheaten_terrier,brown,54.1275634765625,7.20059871673584,12.302148818969728,13687,True,,train
wheaten_terrier_37,dog/brown/images/wheaten_terrier_37.jpg,dog/brown/masks/wheaten_terrier_37.png,dog,wheaten_terrier,brown,42.49800491333008,5.396664142608643,17.04348373413086,156345,True,,train
wheaten_terrier_40,dog/brown/images/wheaten_terrier_40.jpg,dog/brown/masks/wheaten_terrier_40.png,dog,wheaten_terrier,brown,62.21723937988281,3.4991800785064697,20.694446563720703,110225,True,,train
wheaten_terrier_43,dog/brown/images/wheaten_terrier_43.jpg,dog/brown/masks/wheaten_terrier_43.png,dog,wheaten_terrier,brown,57.82184600830078,11.549845695495604,21.95197296142578,34406,True,,train
wheaten_terrier_55,dog/brown/images/wheaten_terrier_55.jpg,dog/brown/masks/wheaten_terrier_55.png,dog,wheaten_terrier,brown,51.77429962158203,7.717065811157227,21.81457901000977,13288,True,,train
wheaten_terrier_67,dog/brown/images/wheaten_terrier_67.jpg,dog/brown/masks/wheaten_terrier_67.png,dog,wheaten_terrier,brown,57.48369598388672,22.55800437927246,49.62685012817383,81885,True,,train
wheaten_terrier_7,dog/brown/images/wheaten_terrier_7.jpg,dog/brown/masks/wheaten_terrier_7.png,dog,wheaten_terrier,brown,51.119171142578125,22.05944061279297,42.56137466430664,65647,True,,train
wheaten_terrier_70,dog/brown/images/wheaten_terrier_70.jpg,dog/brown/masks/wheaten_terrier_70.png,dog,wheaten_terrier,brown,46.39939880371094,3.101825714111328,16.43157386779785,32626,True,,train
wheaten_terrier_71,dog/brown/images/wheaten_terrier_71.jpg,dog/brown/masks/wheaten_terrier_71.png,dog,wheaten_terrier,brown,56.60977554321289,17.810911178588867,34.398956298828125,93984,True,,train
wheaten_terrier_72,dog/brown/images/wheaten_terrier_72.jpg,dog/brown/masks/wheaten_terrier_72.png,dog,wheaten_terrier,brown,58.9783935546875,9.42227268218994,13.542920112609863,13437,True,,train
wheaten_terrier_82,dog/brown/images/wheaten_terrier_82.jpg,dog/brown/masks/wheaten_terrier_82.png,dog,wheaten_terrier,brown,64.1148910522461,6.54686975479126,25.37904930114746,65493,True,,train
wheaten_terrier_9,dog/brown/images/wheaten_terrier_9.jpg,dog/brown/masks/wheaten_terrier_9.png,dog,wheaten_terrier,brown,58.104736328125,21.159523010253903,45.17246627807617,116722,True,,train
wheaten_terrier_92,dog/brown/images/wheaten_terrier_92.jpg,dog/brown/masks/wheaten_terrier_92.png,dog,wheaten_terrier,brown,46.773223876953125,2.4839043617248535,23.093605041503903,16025,True,,train
wheaten_terrier_93,dog/brown/images/wheaten_terrier_93.jpg,dog/brown/masks/wheaten_terrier_93.png,dog,wheaten_terrier,brown,50.670387268066406,5.781017303466797,25.390411376953125,84466,True,,train
yorkshire_terrier_1,dog/brown/images/yorkshire_terrier_1.jpg,dog/brown/masks/yorkshire_terrier_1.png,dog,yorkshire_terrier,brown,61.00864791870117,4.691645622253418,25.525360107421875,75492,True,,train
yorkshire_terrier_10,dog/brown/images/yorkshire_terrier_10.jpg,dog/brown/masks/yorkshire_terrier_10.png,dog,yorkshire_terrier,brown,46.87476348876953,9.500890731811523,17.78874397277832,90727,True,,train
yorkshire_terrier_101,dog/brown/images/yorkshire_terrier_101.jpg,dog/brown/masks/yorkshire_terrier_101.png,dog,yorkshire_terrier,brown,59.71874237060547,4.811257362365723,22.13568687438965,130078,True,,train
yorkshire_terrier_109,dog/brown/images/yorkshire_terrier_109.jpg,dog/brown/masks/yorkshire_terrier_109.png,dog,yorkshire_terrier,brown,35.7547721862793,10.56247901916504,18.631053924560547,173031,True,,train
yorkshire_terrier_110,dog/brown/images/yorkshire_terrier_110.jpg,dog/brown/masks/yorkshire_terrier_110.png,dog,yorkshire_terrier,brown,40.9478645324707,16.38031768798828,25.4419002532959,63372,True,,train
yorkshire_terrier_12,dog/brown/images/yorkshire_terrier_12.jpg,dog/brown/masks/yorkshire_terrier_12.png,dog,yorkshire_terrier,brown,48.13804626464844,14.375835418701172,28.043067932128903,49632,True,,train
yorkshire_terrier_123,dog/brown/images/yorkshire_terrier_123.jpg,dog/brown/masks/yorkshire_terrier_123.png,dog,yorkshire_terrier,brown,38.88086700439453,4.251331329345703,33.85725021362305,20294,True,,train
yorkshire_terrier_127,dog/brown/images/yorkshire_terrier_127.jpg,dog/brown/masks/yorkshire_terrier_127.png,dog,yorkshire_terrier,brown,45.39848709106445,8.938118934631348,14.973152160644531,46455,True,,train
yorkshire_terrier_128,dog/brown/images/yorkshire_terrier_128.jpg,dog/brown/masks/yorkshire_terrier_128.png,dog,yorkshire_terrier,brown,55.59234619140625,4.981011390686035,19.50809860229492,32643,True,,train
yorkshire_terrier_147,dog/brown/images/yorkshire_terrier_147.jpg,dog/brown/masks/yorkshire_terrier_147.png,dog,yorkshire_terrier,brown,38.632667541503906,9.152889251708984,17.952274322509766,34317,True,,train
yorkshire_terrier_160,dog/brown/images/yorkshire_terrier_160.jpg,dog/brown/masks/yorkshire_terrier_160.png,dog,yorkshire_terrier,brown,45.21305465698242,16.482769012451172,32.3724365234375,71962,True,,train
yorkshire_terrier_161,dog/brown/images/yorkshire_terrier_161.jpg,dog/brown/masks/yorkshire_terrier_161.png,dog,yorkshire_terrier,brown,31.82875061035156,15.084833145141602,25.80004119873047,66807,True,,train
yorkshire_terrier_162,dog/brown/images/yorkshire_terrier_162.jpg,dog/brown/masks/yorkshire_terrier_162.png,dog,yorkshire_terrier,brown,50.29707336425781,4.6150312423706055,12.717342376708984,71956,True,,train
yorkshire_terrier_168,dog/brown/images/yorkshire_terrier_168.jpg,dog/brown/masks/yorkshire_terrier_168.png,dog,yorkshire_terrier,brown,58.479217529296875,9.714349746704102,19.07758331298828,57669,True,,train
yorkshire_terrier_169,dog/brown/images/yorkshire_terrier_169.jpg,dog/brown/masks/yorkshire_terrier_169.png,dog,yorkshire_terrier,brown,58.66218566894531,13.54104232788086,18.631195068359375,26956,True,,train
yorkshire_terrier_175,dog/brown/images/yorkshire_terrier_175.jpg,dog/brown/masks/yorkshire_terrier_175.png,dog,yorkshire_terrier,brown,43.946815490722656,6.302051067352295,12.119913101196287,58481,True,,train
yorkshire_terrier_182,dog/brown/images/yorkshire_terrier_182.jpg,dog/brown/masks/yorkshire_terrier_182.png,dog,yorkshire_terrier,brown,41.86940002441406,6.091981887817383,12.059682846069336,60238,True,,train
yorkshire_terrier_183,dog/brown/images/yorkshire_terrier_183.jpg,dog/brown/masks/yorkshire_terrier_183.png,dog,yorkshire_terrier,brown,47.01016998291016,6.918966770172119,12.287282943725586,66829,True,,train
yorkshire_terrier_186,dog/brown/images/yorkshire_terrier_186.jpg,dog/brown/masks/yorkshire_terrier_186.png,dog,yorkshire_terrier,brown,58.09386444091797,12.267083168029783,27.22177505493164,47834,True,,train
yorkshire_terrier_198,dog/brown/images/yorkshire_terrier_198.jpg,dog/brown/masks/yorkshire_terrier_198.png,dog,yorkshire_terrier,brown,63.27565002441406,2.419978380203247,23.947200775146484,67090,True,,train
yorkshire_terrier_2,dog/brown/images/yorkshire_terrier_2.jpg,dog/brown/masks/yorkshire_terrier_2.png,dog,yorkshire_terrier,brown,59.95092010498047,3.528341770172119,12.145614624023438,27791,True,,train
yorkshire_terrier_20,dog/brown/images/yorkshire_terrier_20.jpg,dog/brown/masks/yorkshire_terrier_20.png,dog,yorkshire_terrier,brown,50.056373596191406,5.643099784851074,20.124435424804688,148247,True,,train
yorkshire_terrier_200,dog/brown/images/yorkshire_terrier_200.jpg,dog/brown/masks/yorkshire_terrier_200.png,dog,yorkshire_terrier,brown,45.839080810546875,17.347156524658203,14.817285537719728,35933,True,,train
yorkshire_terrier_21,dog/brown/images/yorkshire_terrier_21.jpg,dog/brown/masks/yorkshire_terrier_21.png,dog,yorkshire_terrier,brown,43.344696044921875,8.876785278320312,18.3126220703125,83585,True,,train
yorkshire_terrier_31,dog/brown/images/yorkshire_terrier_31.jpg,dog/brown/masks/yorkshire_terrier_31.png,dog,yorkshire_terrier,brown,44.95270919799805,6.789877891540527,13.94810676574707,50617,True,,train
yorkshire_terrier_32,dog/brown/images/yorkshire_terrier_32.jpg,dog/brown/masks/yorkshire_terrier_32.png,dog,yorkshire_terrier,brown,46.07918930053711,5.827546119689941,14.03130340576172,50371,True,,train
yorkshire_terrier_36,dog/brown/images/yorkshire_terrier_36.jpg,dog/brown/masks/yorkshire_terrier_36.png,dog,yorkshire_terrier,brown,49.09825897216797,7.370650768280029,14.047890663146973,114246,True,,train
yorkshire_terrier_38,dog/brown/images/yorkshire_terrier_38.jpg,dog/brown/masks/yorkshire_terrier_38.png,dog,yorkshire_terrier,brown,41.99966812133789,7.544800758361816,17.087305068969727,144505,True,,train
yorkshire_terrier_44,dog/brown/images/yorkshire_terrier_44.jpg,dog/brown/masks/yorkshire_terrier_44.png,dog,yorkshire_terrier,brown,46.00786209106445,14.287799835205078,29.134157180786133,44803,True,,train
yorkshire_terrier_45,dog/brown/images/yorkshire_terrier_45.jpg,dog/brown/masks/yorkshire_terrier_45.png,dog,yorkshire_terrier,brown,43.315399169921875,13.675496101379396,25.260454177856445,135788,True,,train
yorkshire_terrier_47,dog/brown/images/yorkshire_terrier_47.jpg,dog/brown/masks/yorkshire_terrier_47.png,dog,yorkshire_terrier,brown,49.89362335205078,2.0945966243743896,15.623664855957031,78897,True,,train
yorkshire_terrier_49,dog/brown/images/yorkshire_terrier_49.jpg,dog/brown/masks/yorkshire_terrier_49.png,dog,yorkshire_terrier,brown,61.335174560546875,5.819521903991699,30.918888092041016,51960,True,,train
yorkshire_terrier_50,dog/brown/images/yorkshire_terrier_50.jpg,dog/brown/masks/yorkshire_terrier_50.png,dog,yorkshire_terrier,brown,41.005672454833984,3.670990467071533,15.187668800354004,51439,True,,train
yorkshire_terrier_57,dog/brown/images/yorkshire_terrier_57.jpg,dog/brown/masks/yorkshire_terrier_57.png,dog,yorkshire_terrier,brown,50.69975280761719,9.068012237548828,13.857269287109377,66883,True,,train
yorkshire_terrier_63,dog/brown/images/yorkshire_terrier_63.jpg,dog/brown/masks/yorkshire_terrier_63.png,dog,yorkshire_terrier,brown,40.172264099121094,6.411254405975342,17.178524017333984,78201,True,,train
yorkshire_terrier_64,dog/brown/images/yorkshire_terrier_64.jpg,dog/brown/masks/yorkshire_terrier_64.png,dog,yorkshire_terrier,brown,38.29666519165039,3.399282693862915,13.18059539794922,55286,True,,train
yorkshire_terrier_69,dog/brown/images/yorkshire_terrier_69.jpg,dog/brown/masks/yorkshire_terrier_69.png,dog,yorkshire_terrier,brown,40.94841384887695,8.934870719909668,17.29617691040039,111247,True,,train
yorkshire_terrier_70,dog/brown/images/yorkshire_terrier_70.jpg,dog/brown/masks/yorkshire_terrier_70.png,dog,yorkshire_terrier,brown,41.64305114746094,12.697458267211914,22.97896194458008,134765,True,,train
yorkshire_terrier_72,dog/brown/images/yorkshire_terrier_72.jpg,dog/brown/masks/yorkshire_terrier_72.png,dog,yorkshire_terrier,brown,35.331016540527344,2.6863365173339844,13.20347785949707,101191,True,,train
yorkshire_terrier_77,dog/brown/images/yorkshire_terrier_77.jpg,dog/brown/masks/yorkshire_terrier_77.png,dog,yorkshire_terrier,brown,64.30807495117188,12.48762035369873,27.719921112060547,31549,True,,train
yorkshire_terrier_81,dog/brown/images/yorkshire_terrier_81.jpg,dog/brown/masks/yorkshire_terrier_81.png,dog,yorkshire_terrier,brown,44.3557243347168,2.0414514541625977,14.3233060836792,61516,True,,train
yorkshire_terrier_84,dog/brown/images/yorkshire_terrier_84.jpg,dog/brown/masks/yorkshire_terrier_84.png,dog,yorkshire_terrier,brown,36.00027084350586,2.334684133529663,12.67738914489746,48525,True,,train
yorkshire_terrier_90,dog/brown/images/yorkshire_terrier_90.jpg,dog/brown/masks/yorkshire_terrier_90.png,dog,yorkshire_terrier,brown,58.136383056640625,12.04817008972168,29.140579223632812,126093,True,,train
american_bulldog_75,dog/white/images/american_bulldog_75.jpg,dog/white/masks/american_bulldog_75.png,dog,american_bulldog,white,36.22891998291016,3.4444704055786133,27.874231338500977,104909,True,,train
beagle_195,dog/white/images/beagle_195.jpg,dog/white/masks/beagle_195.png,dog,beagle,white,42.524784088134766,8.303544998168945,13.98345184326172,62545,True,,train
chihuahua_19,dog/white/images/chihuahua_19.jpg,dog/white/masks/chihuahua_19.png,dog,chihuahua,white,64.15113067626953,4.336386680603027,15.761837005615234,127068,True,,train
chihuahua_28,dog/white/images/chihuahua_28.jpg,dog/white/masks/chihuahua_28.png,dog,chihuahua,white,50.783203125,11.003643035888672,16.317485809326172,26773,True,,train
chihuahua_32,dog/white/images/chihuahua_32.jpg,dog/white/masks/chihuahua_32.png,dog,chihuahua,white,37.30179214477539,13.931825637817385,32.035362243652344,60213,True,,train
chihuahua_47,dog/white/images/chihuahua_47.jpg,dog/white/masks/chihuahua_47.png,dog,chihuahua,white,49.858734130859375,2.386152744293213,16.492080688476562,41923,True,,train
chihuahua_69,dog/white/images/chihuahua_69.jpg,dog/white/masks/chihuahua_69.png,dog,chihuahua,white,56.048465728759766,10.16273307800293,20.42264938354492,123976,True,,train
chihuahua_75,dog/white/images/chihuahua_75.jpg,dog/white/masks/chihuahua_75.png,dog,chihuahua,white,42.434326171875,8.419185638427734,29.17710304260254,93484,True,,train
english_cocker_spaniel_100,dog/white/images/english_cocker_spaniel_100.jpg,dog/white/masks/english_cocker_spaniel_100.png,dog,english_cocker_spaniel,white,68.069091796875,3.362387418746948,17.115629196166992,58123,True,,train
english_cocker_spaniel_66,dog/white/images/english_cocker_spaniel_66.jpg,dog/white/masks/english_cocker_spaniel_66.png,dog,english_cocker_spaniel,white,50.74895858764648,3.210902214050293,15.313726425170898,93250,True,,train
english_cocker_spaniel_73,dog/white/images/english_cocker_spaniel_73.jpg,dog/white/masks/english_cocker_spaniel_73.png,dog,english_cocker_spaniel,white,57.15850067138672,2.4448037147521973,19.483720779418945,33319,True,,train
english_cocker_spaniel_83,dog/white/images/english_cocker_spaniel_83.jpg,dog/white/masks/english_cocker_spaniel_83.png,dog,english_cocker_spaniel,white,49.48173522949219,3.771617889404297,13.695383071899414,48260,True,,train
english_setter_12,dog/white/images/english_setter_12.jpg,dog/white/masks/english_setter_12.png,dog,english_setter,white,52.83511734008789,6.891489028930664,16.35210418701172,132242,True,,train
english_setter_7,dog/white/images/english_setter_7.jpg,dog/white/masks/english_setter_7.png,dog,english_setter,white,65.17496490478516,3.9800405502319336,27.96921730041504,122760,True,,train
great_pyrenees_103,dog/white/images/great_pyrenees_103.jpg,dog/white/masks/great_pyrenees_103.png,dog,great_pyrenees,white,66.62686920166016,2.8950273990631104,16.525495529174805,68922,True,,train
great_pyrenees_18,dog/white/images/great_pyrenees_18.jpg,dog/white/masks/great_pyrenees_18.png,dog,great_pyrenees,white,61.52595520019531,2.1867454051971436,14.77390480041504,34730,True,,train
great_pyrenees_192,dog/white/images/great_pyrenees_192.jpg,dog/white/masks/great_pyrenees_192.png,dog,great_pyrenees,white,55.60236358642578,3.897339105606079,14.255010604858398,85995,True,,train
great_pyrenees_93,dog/white/images/great_pyrenees_93.jpg,dog/white/masks/great_pyrenees_93.png,dog,great_pyrenees,white,68.31549072265625,8.72153091430664,29.594623565673828,103614,True,,train
havanese_114,dog/white/images/havanese_114.jpg,dog/white/masks/havanese_114.png,dog,havanese,white,67.01461791992188,8.466958999633789,18.61778450012207,35835,True,,train
havanese_137,dog/white/images/havanese_137.jpg,dog/white/masks/havanese_137.png,dog,havanese,white,44.523887634277344,4.209592819213867,15.13204288482666,97722,True,,train
havanese_166,dog/white/images/havanese_166.jpg,dog/white/masks/havanese_166.png,dog,havanese,white,52.35948181152344,13.402819633483888,42.03195571899414,51871,True,,train
havanese_72,dog/white/images/havanese_72.jpg,dog/white/masks/havanese_72.png,dog,havanese,white,59.36378479003906,5.765900135040283,16.44672203063965,116622,True,,train
havanese_78,dog/white/images/havanese_78.jpg,dog/white/masks/havanese_78.png,dog,havanese,white,52.49310302734375,3.119915723800659,14.790982246398926,78351,True,,train
havanese_87,dog/white/images/havanese_87.jpg,dog/white/masks/havanese_87.png,dog,havanese,white,60.531044006347656,12.761444091796877,28.455717086791992,66868,True,,train
japanese_chin_137,dog/white/images/japanese_chin_137.jpg,dog/white/masks/japanese_chin_137.png,dog,japanese_chin,white,59.18384552001953,2.0419955253601074,22.917449951171875,17532,True,,train
pomeranian_116,dog/white/images/pomeranian_116.jpg,dog/white/masks/pomeranian_116.png,dog,pomeranian,white,55.939910888671875,2.1874308586120605,19.505605697631836,19380,True,,train
pomeranian_122,dog/white/images/pomeranian_122.jpg,dog/white/masks/pomeranian_122.png,dog,pomeranian,white,56.56958770751953,2.1257400512695312,12.525320053100586,27405,True,,train
pomeranian_125,dog/white/images/pomeranian_125.jpg,dog/white/masks/pomeranian_125.png,dog,pomeranian,white,54.56647491455078,6.265192985534668,22.877561569213867,27843,True,,train
pomeranian_3,dog/white/images/pomeranian_3.jpg,dog/white/masks/pomeranian_3.png,dog,pomeranian,white,62.46995544433594,3.72171401977539,15.525972366333008,81487,True,,train
pomeranian_65,dog/white/images/pomeranian_65.jpg,dog/white/masks/pomeranian_65.png,dog,pomeranian,white,58.27600860595703,5.010347366333008,12.282496452331545,41950,True,,train
pomeranian_77,dog/white/images/pomeranian_77.jpg,dog/white/masks/pomeranian_77.png,dog,pomeranian,white,65.62763214111328,7.0424675941467285,21.31913375854492,26301,True,,train
pug_100,dog/white/images/pug_100.jpg,dog/white/masks/pug_100.png,dog,pug,white,54.96033477783203,5.16057014465332,17.458415985107422,76297,True,,train
pug_142,dog/white/images/pug_142.jpg,dog/white/masks/pug_142.png,dog,pug,white,51.637184143066406,2.9311776161193848,15.668571472167969,36337,True,,train
pug_19,dog/white/images/pug_19.jpg,dog/white/masks/pug_19.png,dog,pug,white,62.387939453125,2.665966749191284,16.312896728515625,140313,True,,train
pug_29,dog/white/images/pug_29.jpg,dog/white/masks/pug_29.png,dog,pug,white,53.73313903808594,5.638689041137695,19.81065368652344,103287,True,,train
pug_5,dog/white/images/pug_5.jpg,dog/white/masks/pug_5.png,dog,pug,white,65.72492218017578,3.0796825885772705,14.20957374572754,28818,True,,train
pug_73,dog/white/images/pug_73.jpg,dog/white/masks/pug_73.png,dog,pug,white,51.072174072265625,7.863551139831543,33.35901641845703,75285,True,,train
pug_8,dog/white/images/pug_8.jpg,dog/white/masks/pug_8.png,dog,pug,white,47.317413330078125,2.0030438899993896,12.643194198608398,119086,True,,train
pug_88,dog/white/images/pug_88.jpg,dog/white/masks/pug_88.png,dog,pug,white,67.840576171875,6.109476089477539,14.829885482788086,83960,True,,train
saint_bernard_168,dog/white/images/saint_bernard_168.jpg,dog/white/masks/saint_bernard_168.png,dog,saint_bernard,white,61.88854217529297,6.4436492919921875,17.387998580932617,98767,True,,train
samoyed_190,dog/white/images/samoyed_190.jpg,dog/white/masks/samoyed_190.png,dog,samoyed,white,56.06572723388672,3.6052167415618896,15.77049446105957,38173,True,,train
samoyed_196,dog/white/images/samoyed_196.jpg,dog/white/masks/samoyed_196.png,dog,samoyed,white,56.327606201171875,2.7275681495666504,14.656723022460938,40955,True,,train
samoyed_200,dog/white/images/samoyed_200.jpg,dog/white/masks/samoyed_200.png,dog,samoyed,white,68.47840881347656,3.1716227531433105,17.34268569946289,36053,True,,train
samoyed_35,dog/white/images/samoyed_35.jpg,dog/white/masks/samoyed_35.png,dog,samoyed,white,51.89341735839844,2.149730920791626,13.096857070922852,120373,True,,train
samoyed_65,dog/white/images/samoyed_65.jpg,dog/white/masks/samoyed_65.png,dog,samoyed,white,64.414306640625,8.758247375488281,24.281417846679688,39432,True,,train
samoyed_93,dog/white/images/samoyed_93.jpg,dog/white/masks/samoyed_93.png,dog,samoyed,white,51.46436309814453,2.9586851596832275,16.494441986083984,58188,True,,train
scottish_terrier_70,dog/white/images/scottish_terrier_70.jpg,dog/white/masks/scottish_terrier_70.png,dog,scottish_terrier,white,35.701072692871094,4.459232330322266,14.93958854675293,96936,True,,train
shiba_inu_195,dog/white/images/shiba_inu_195.jpg,dog/white/masks/shiba_inu_195.png,dog,shiba_inu,white,63.24352264404297,5.946159362792969,13.066780090332031,50538,True,,train
shiba_inu_69,dog/white/images/shiba_inu_69.jpg,dog/white/masks/shiba_inu_69.png,dog,shiba_inu,white,65.09902954101562,10.633617401123049,38.03118515014648,66011,True,,train
wheaten_terrier_102,dog/white/images/wheaten_terrier_102.jpg,dog/white/masks/wheaten_terrier_102.png,dog,wheaten_terrier,white,57.41523742675781,4.569709300994873,13.337003707885742,34021,True,,train
wheaten_terrier_105,dog/white/images/wheaten_terrier_105.jpg,dog/white/masks/wheaten_terrier_105.png,dog,wheaten_terrier,white,56.60633087158203,16.943662643432617,28.170167922973633,44837,True,,train
wheaten_terrier_131,dog/white/images/wheaten_terrier_131.jpg,dog/white/masks/wheaten_terrier_131.png,dog,wheaten_terrier,white,57.311767578125,4.206955432891846,14.004409790039062,121090,True,,train
wheaten_terrier_139,dog/white/images/wheaten_terrier_139.jpg,dog/white/masks/wheaten_terrier_139.png,dog,wheaten_terrier,white,57.37036895751953,4.119157791137695,13.463687896728516,54398,True,,train
wheaten_terrier_145,dog/white/images/wheaten_terrier_145.jpg,dog/white/masks/wheaten_terrier_145.png,dog,wheaten_terrier,white,61.874298095703125,2.738386392593384,12.91038990020752,54090,True,,train
wheaten_terrier_147,dog/white/images/wheaten_terrier_147.jpg,dog/white/masks/wheaten_terrier_147.png,dog,wheaten_terrier,white,57.78179168701172,3.5203099250793457,12.441164016723633,65056,True,,train
wheaten_terrier_152,dog/white/images/wheaten_terrier_152.jpg,dog/white/masks/wheaten_terrier_152.png,dog,wheaten_terrier,white,58.95979309082031,4.007309913635254,15.868913650512695,55529,True,,train
wheaten_terrier_163,dog/white/images/wheaten_terrier_163.jpg,dog/white/masks/wheaten_terrier_163.png,dog,wheaten_terrier,white,65.84825134277344,4.585832595825195,18.19605827331543,43937,True,,train
wheaten_terrier_165,dog/white/images/wheaten_terrier_165.jpg,dog/white/masks/wheaten_terrier_165.png,dog,wheaten_terrier,white,62.15933990478515,4.5136213302612305,16.183317184448242,109260,True,,train
wheaten_terrier_174,dog/white/images/wheaten_terrier_174.jpg,dog/white/masks/wheaten_terrier_174.png,dog,wheaten_terrier,white,60.605926513671875,3.349006175994873,14.05368995666504,45858,True,,train
wheaten_terrier_19,dog/white/images/wheaten_terrier_19.jpg,dog/white/masks/wheaten_terrier_19.png,dog,wheaten_terrier,white,54.7110595703125,13.468801498413086,25.594879150390625,53847,True,,train
wheaten_terrier_28,dog/white/images/wheaten_terrier_28.jpg,dog/white/masks/wheaten_terrier_28.png,dog,wheaten_terrier,white,49.38788604736328,10.285026550292969,15.94219207763672,109102,True,,train
wheaten_terrier_79,dog/white/images/wheaten_terrier_79.jpg,dog/white/masks/wheaten_terrier_79.png,dog,wheaten_terrier,white,54.350128173828125,7.512569427490234,21.632898330688477,132403,True,,train
wheaten_terrier_90,dog/white/images/wheaten_terrier_90.jpg,dog/white/masks/wheaten_terrier_90.png,dog,wheaten_terrier,white,51.27997589111328,4.1537580490112305,23.102224349975582,42051,True,,train
wheaten_terrier_95,dog/white/images/wheaten_terrier_95.jpg,dog/white/masks/wheaten_terrier_95.png,dog,wheaten_terrier,white,42.49800491333008,5.36528205871582,22.074979782104492,54838,True,,train
yorkshire_terrier_74,dog/white/images/yorkshire_terrier_74.jpg,dog/white/masks/yorkshire_terrier_74.png,dog,yorkshire_terrier,white,51.94844055175781,4.454403877258301,15.808099746704102,54981,True,,train
Abyssinian_114,cat/brown/images/Abyssinian_114.jpg,cat/brown/masks/Abyssinian_114.png,cat,Abyssinian,brown,11.866287231445312,8.718072891235352,11.621549606323242,57610,True,,train
Abyssinian_3,cat/brown/images/Abyssinian_3.jpg,cat/brown/masks/Abyssinian_3.png,cat,Abyssinian,brown,29.434101104736328,9.83867073059082,12.98830509185791,101442,True,,train
Abyssinian_30,cat/brown/images/Abyssinian_30.jpg,cat/brown/masks/Abyssinian_30.png,cat,Abyssinian,brown,17.668651580810547,7.662277698516846,13.341164588928224,51282,True,,train
Abyssinian_7,cat/brown/images/Abyssinian_7.jpg,cat/brown/masks/Abyssinian_7.png,cat,Abyssinian,brown,23.61365127563477,10.74036979675293,14.726805686950684,21963,True,,train
Bengal_24,cat/brown/images/Bengal_24.jpg,cat/brown/masks/Bengal_24.png,cat,Bengal,brown,26.743186950683594,10.969765663146973,16.429912567138672,27804,True,,train
Maine_Coon_163,cat/brown/images/Maine_Coon_163.jpg,cat/brown/masks/Maine_Coon_163.png,cat,Maine_Coon,brown,29.261741638183594,5.092114448547363,13.48024559020996,106861,True,,train
Abyssinian_113,cat/other/images/Abyssinian_113.jpg,cat/other/masks/Abyssinian_113.png,cat,Abyssinian,other,27.56031036376953,3.90768051147461,2.3585379123687744,62084,True,,train
Abyssinian_115,cat/other/images/Abyssinian_115.jpg,cat/other/masks/Abyssinian_115.png,cat,Abyssinian,other,23.162677764892575,8.170783996582031,17.822235107421875,75958,True,,train
Abyssinian_14,cat/other/images/Abyssinian_14.jpg,cat/other/masks/Abyssinian_14.png,cat,Abyssinian,other,16.005172729492188,0.7973238825798035,8.97829818725586,64257,True,,train
Abyssinian_149,cat/other/images/Abyssinian_149.jpg,cat/other/masks/Abyssinian_149.png,cat,Abyssinian,other,22.57508087158203,9.743913650512695,18.577051162719727,67575,True,,train
Abyssinian_151,cat/other/images/Abyssinian_151.jpg,cat/other/masks/Abyssinian_151.png,cat,Abyssinian,other,28.645397186279297,10.496452331542969,15.314525604248049,15415,True,,train
Abyssinian_159,cat/other/images/Abyssinian_159.jpg,cat/other/masks/Abyssinian_159.png,cat,Abyssinian,other,24.940126419067383,2.053558826446533,5.095547199249268,23058,True,,train
Abyssinian_18,cat/other/images/Abyssinian_18.jpg,cat/other/masks/Abyssinian_18.png,cat,Abyssinian,other,3.1366214752197266,1.6680806875228882,1.8828898668289185,85638,True,,train
Abyssinian_192,cat/other/images/Abyssinian_192.jpg,cat/other/masks/Abyssinian_192.png,cat,Abyssinian,other,19.66241455078125,6.250187873840332,2.344322204589844,18403,True,,train
Abyssinian_196,cat/other/images/Abyssinian_196.jpg,cat/other/masks/Abyssinian_196.png,cat,Abyssinian,other,24.981430053710938,-1.561194658279419,5.097526550292969,9871,True,,train
Abyssinian_210,cat/other/images/Abyssinian_210.jpg,cat/other/masks/Abyssinian_210.png,cat,Abyssinian,other,20.63278579711914,11.916756629943848,11.49612522125244,41830,True,,train
Abyssinian_223,cat/other/images/Abyssinian_223.jpg,cat/other/masks/Abyssinian_223.png,cat,Abyssinian,other,26.663734436035156,16.595481872558594,18.32953643798828,23901,True,,train
Abyssinian_37,cat/other/images/Abyssinian_37.jpg,cat/other/masks/Abyssinian_37.png,cat,Abyssinian,other,29.936294555664062,3.7838518619537354,2.5524139404296875,472906,True,,train
Abyssinian_4,cat/other/images/Abyssinian_4.jpg,cat/other/masks/Abyssinian_4.png,cat,Abyssinian,other,5.987756729125977,0.9905025362968444,3.0131311416625977,72388,True,,train
Abyssinian_43,cat/other/images/Abyssinian_43.jpg,cat/other/masks/Abyssinian_43.png,cat,Abyssinian,other,26.67045211791992,8.71783447265625,12.725403785705566,32113,True,,train
Abyssinian_52,cat/other/images/Abyssinian_52.jpg,cat/other/masks/Abyssinian_52.png,cat,Abyssinian,other,18.217042922973633,14.030434608459473,14.034181594848633,94508,True,,train
Abyssinian_58,cat/other/images/Abyssinian_58.jpg,cat/other/masks/Abyssinian_58.png,cat,Abyssinian,other,14.920242309570312,13.11399745941162,16.809993743896484,84859,True,,train
Abyssinian_60,cat/other/images/Abyssinian_60.jpg,cat/other/masks/Abyssinian_60.png,cat,Abyssinian,other,12.128055572509766,4.278719425201416,6.025785446166992,63089,True,,train
Abyssinian_62,cat/other/images/Abyssinian_62.jpg,cat/other/masks/Abyssinian_62.png,cat,Abyssinian,other,10.285737991333008,3.093332052230835,4.795366287231445,69146,True,,train
Abyssinian_72,cat/other/images/Abyssinian_72.jpg,cat/other/masks/Abyssinian_72.png,cat,Abyssinian,other,28.46746826171875,7.735818862915039,14.281207084655762,93995,True,,train
Abyssinian_74,cat/other/images/Abyssinian_74.jpg,cat/other/masks/Abyssinian_74.png,cat,Abyssinian,other,15.608476638793944,2.426356077194214,5.218136310577393,81081,True,,train
Abyssinian_81,cat/other/images/Abyssinian_81.jpg,cat/other/masks/Abyssinian_81.png,cat,Abyssinian,other,29.976177215576172,15.144765853881836,24.155986785888672,119676,True,,train
Abyssinian_99,cat/other/images/Abyssinian_99.jpg,cat/other/masks/Abyssinian_99.png,cat,Abyssinian,other,28.645397186279297,10.584369659423828,16.366790771484375,26374,True,,train
Bengal_101,cat/other/images/Bengal_101.jpg,cat/other/masks/Bengal_101.png,cat,Bengal,other,28.852275848388672,5.63022518157959,10.948455810546877,84348,True,,train
Bengal_104,cat/other/images/Bengal_104.jpg,cat/other/masks/Bengal_104.png,cat,Bengal,other,26.427772521972656,6.948426246643066,11.120954513549805,97758,True,,train
Bengal_107,cat/other/images/Bengal_107.jpg,cat/other/masks/Bengal_107.png,cat,Bengal,other,26.5384578704834,9.19660186767578,16.03752326965332,48634,True,,train
Bengal_112,cat/other/images/Bengal_112.jpg,cat/other/masks/Bengal_112.png,cat,Bengal,other,26.895893096923828,7.205367088317871,15.609947204589844,105483,True,,train
Bengal_123,cat/other/images/Bengal_123.jpg,cat/other/masks/Bengal_123.png,cat,Bengal,other,26.885631561279297,9.479657173156738,18.20363998413086,28703,True,,train
Bengal_137,cat/other/images/Bengal_137.jpg,cat/other/masks/Bengal_137.png,cat,Bengal,other,21.444679260253903,12.776494026184082,15.41573429107666,25173,True,,train
Bengal_142,cat/other/images/Bengal_142.jpg,cat/other/masks/Bengal_142.png,cat,Bengal,other,19.74670791625977,6.086885929107666,5.4572906494140625,33292,True,,train
Bengal_144,cat/other/images/Bengal_144.jpg,cat/other/masks/Bengal_144.png,cat,Bengal,other,24.273109436035156,6.101727485656738,4.689640045166016,24726,True,,train
Bengal_145,cat/other/images/Bengal_145.jpg,cat/other/masks/Bengal_145.png,cat,Bengal,other,26.903217315673828,1.2956112623214722,5.47332763671875,17910,True,,train
Bengal_150,cat/other/images/Bengal_150.jpg,cat/other/masks/Bengal_150.png,cat,Bengal,other,22.94778823852539,1.1973530054092407,10.484808921813965,28134,True,,train
Bengal_161,cat/other/images/Bengal_161.jpg,cat/other/masks/Bengal_161.png,cat,Bengal,other,29.072996139526367,-0.4437565803527832,1.2428998947143557,14050,True,,train
Bengal_169,cat/other/images/Bengal_169.jpg,cat/other/masks/Bengal_169.png,cat,Bengal,other,26.229660034179688,2.206742763519287,13.027363777160645,27849,True,,train
Bengal_178,cat/other/images/Bengal_178.jpg,cat/other/masks/Bengal_178.png,cat,Bengal,other,24.35605239868164,3.489144086837769,9.256183624267578,21909,True,,train
Bengal_185,cat/other/images/Bengal_185.jpg,cat/other/masks/Bengal_185.png,cat,Bengal,other,28.79494285583496,8.055597305297852,11.827445030212402,146802,True,,train
Bengal_21,cat/other/images/Bengal_21.jpg,cat/other/masks/Bengal_21.png,cat,Bengal,other,26.25994873046875,2.6386380195617676,6.572932243347168,66132,True,,train
Bengal_32,cat/other/images/Bengal_32.jpg,cat/other/masks/Bengal_32.png,cat,Bengal,other,28.471920013427734,10.907829284667969,14.149606704711914,81409,True,,train
Bengal_5,cat/other/images/Bengal_5.jpg,cat/other/masks/Bengal_5.png,cat,Bengal,other,28.741722106933594,9.159416198730469,17.958730697631836,52006,True,,train
Bengal_61,cat/other/images/Bengal_61.jpg,cat/other/masks/Bengal_61.png,cat,Bengal,other,28.456647872924805,20.25386619567871,23.250242233276367,102882,True,,train
Bengal_66,cat/other/images/Bengal_66.jpg,cat/other/masks/Bengal_66.png,cat,Bengal,other,25.739654541015625,10.724976539611816,18.06798934936523,35608,True,,train
Bengal_67,cat/other/images/Bengal_67.jpg,cat/other/masks/Bengal_67.png,cat,Bengal,other,13.492481231689451,5.519822120666504,8.998287200927734,34618,True,,train
Bengal_68,cat/other/images/Bengal_68.jpg,cat/other/masks/Bengal_68.png,cat,Bengal,other,15.875215530395508,2.300009250640869,4.236021518707275,63700,True,,train
Bengal_69,cat/other/images/Bengal_69.jpg,cat/other/masks/Bengal_69.png,cat,Bengal,other,8.508901596069336,4.336163520812988,5.946678161621094,35548,True,,train
Bengal_71,cat/other/images/Bengal_71.jpg,cat/other/masks/Bengal_71.png,cat,Bengal,other,21.70724868774414,4.868201732635498,15.27220630645752,94752,True,,train
Bengal_76,cat/other/images/Bengal_76.jpg,cat/other/masks/Bengal_76.png,cat,Bengal,other,27.933826446533203,10.222196578979492,17.140233993530273,70396,True,,train
Bengal_91,cat/other/images/Bengal_91.jpg,cat/other/masks/Bengal_91.png,cat,Bengal,other,28.905105590820312,17.233043670654297,12.666618347167969,82595,True,,train
Bengal_94,cat/other/images/Bengal_94.jpg,cat/other/masks/Bengal_94.png,cat,Bengal,other,21.910627365112305,14.769651412963867,13.772829055786133,72936,True,,train
Bengal_99,cat/other/images/Bengal_99.jpg,cat/other/masks/Bengal_99.png,cat,Bengal,other,24.03788375854492,8.638665199279785,12.249719619750977,100207,True,,train
Birman_108,cat/other/images/Birman_108.jpg,cat/other/masks/Birman_108.png,cat,Birman,other,28.072460174560547,1.0630488395690918,1.406794786453247,97251,True,,train
Birman_110,cat/other/images/Birman_110.jpg,cat/other/masks/Birman_110.png,cat,Birman,other,23.657169342041016,5.603879928588867,2.883580207824707,98641,True,,train
Birman_143,cat/other/images/Birman_143.jpg,cat/other/masks/Birman_143.png,cat,Birman,other,27.506488800048828,0.8256137371063232,7.193052768707275,54711,True,,train
Birman_66,cat/other/images/Birman_66.jpg,cat/other/masks/Birman_66.png,cat,Birman,other,24.154136657714844,5.326725482940674,-0.848919153213501,57231,True,,train
Birman_93,cat/other/images/Birman_93.jpg,cat/other/masks/Birman_93.png,cat,Birman,other,29.989360809326172,1.2751519680023191,5.885887145996094,47125,True,,train
British_Shorthair_258,cat/other/images/British_Shorthair_258.jpg,cat/other/masks/British_Shorthair_258.png,cat,British_Shorthair,other,13.206249237060549,-3.0009002685546875,2.753816604614258,28548,True,,train
Egyptian_Mau_113,cat/other/images/Egyptian_Mau_113.jpg,cat/other/masks/Egyptian_Mau_113.png,cat,Egyptian_Mau,other,28.804656982421875,-1.4762431383132937,2.7478694915771484,110929,True,,train
Egyptian_Mau_12,cat/other/images/Egyptian_Mau_12.jpg,cat/other/masks/Egyptian_Mau_12.png,cat,Egyptian_Mau,other,29.650981903076172,4.285648345947266,-3.111833333969116,40884,True,,train
Egyptian_Mau_201,cat/other/images/Egyptian_Mau_201.jpg,cat/other/masks/Egyptian_Mau_201.png,cat,Egyptian_Mau,other,27.566612243652344,4.237398624420166,2.910149097442627,27941,True,,train
Egyptian_Mau_221,cat/other/images/Egyptian_Mau_221.jpg,cat/other/masks/Egyptian_Mau_221.png,cat,Egyptian_Mau,other,26.92416763305664,-1.99754536151886,4.352474212646484,72900,True,,train
Egyptian_Mau_78,cat/other/images/Egyptian_Mau_78.jpg,cat/other/masks/Egyptian_Mau_78.png,cat,Egyptian_Mau,other,29.127288818359375,1.0632723569869995,0.5429625511169434,16460,True,,train
Maine_Coon_123,cat/other/images/Maine_Coon_123.jpg,cat/other/masks/Maine_Coon_123.png,cat,Maine_Coon,other,21.729869842529297,3.615438938140869,7.632815837860107,54907,True,,train
Maine_Coon_139,cat/other/images/Maine_Coon_139.jpg,cat/other/masks/Maine_Coon_139.png,cat,Maine_Coon,other,24.073787689208984,1.517392635345459,1.1102765798568726,45946,True,,train
Maine_Coon_143,cat/other/images/Maine_Coon_143.jpg,cat/other/masks/Maine_Coon_143.png,cat,Maine_Coon,other,26.431007385253903,1.5197545289993286,-0.2947449684143066,105337,True,,train
Maine_Coon_145,cat/other/images/Maine_Coon_145.jpg,cat/other/masks/Maine_Coon_145.png,cat,Maine_Coon,other,28.45601272583008,4.037618637084961,2.6353001594543457,66384,True,,train
Maine_Coon_164,cat/other/images/Maine_Coon_164.jpg,cat/other/masks/Maine_Coon_164.png,cat,Maine_Coon,other,29.03602600097656,-0.4163086414337158,7.437872886657715,43997,True,,train
Maine_Coon_167,cat/other/images/Maine_Coon_167.jpg,cat/other/masks/Maine_Coon_167.png,cat,Maine_Coon,other,20.638031005859375,-0.0002086162567138,1.1680781841278076,99773,True,,train
Maine_Coon_168,cat/other/images/Maine_Coon_168.jpg,cat/other/masks/Maine_Coon_168.png,cat,Maine_Coon,other,25.28857421875,1.0828375816345217,5.264404296875,97437,True,,train
Maine_Coon_18,cat/other/images/Maine_Coon_18.jpg,cat/other/masks/Maine_Coon_18.png,cat,Maine_Coon,other,25.29088973999023,0.9426325559616088,5.10539436340332,95400,True,,train
Maine_Coon_180,cat/other/images/Maine_Coon_180.jpg,cat/other/masks/Maine_Coon_180.png,cat,Maine_Coon,other,26.68892288208008,16.579315185546875,31.694257736206055,63373,True,,train
Maine_Coon_238,cat/other/images/Maine_Coon_238.jpg,cat/other/masks/Maine_Coon_238.png,cat,Maine_Coon,other,20.83582878112793,-0.5318149924278259,-2.688246965408325,37182,True,,train
Maine_Coon_46,cat/other/images/Maine_Coon_46.jpg,cat/other/masks/Maine_Coon_46.png,cat,Maine_Coon,other,20.09899520874023,0.7429271936416626,7.766035079956055,78327,True,,train
Maine_Coon_48,cat/other/images/Maine_Coon_48.jpg,cat/other/masks/Maine_Coon_48.png,cat,Maine_Coon,other,16.663089752197266,-0.5462169647216797,2.9837875366210938,80020,True,,train
Maine_Coon_57,cat/other/images/Maine_Coon_57.jpg,cat/other/masks/Maine_Coon_57.png,cat,Maine_Coon,other,23.87667465209961,1.8120930194854736,-6.940966606140137,123677,True,,train
Maine_Coon_80,cat/other/images/Maine_Coon_80.jpg,cat/other/masks/Maine_Coon_80.png,cat,Maine_Coon,other,29.476051330566406,2.6449413299560547,0.5962193012237549,65898,True,,train
Persian_38,cat/other/images/Persian_38.jpg,cat/other/masks/Persian_38.png,cat,Persian,other,26.272628784179688,1.7400085926055908,3.472602367401123,64959,True,,train
Persian_78,cat/other/images/Persian_78.jpg,cat/other/masks/Persian_78.png,cat,Persian,other,29.724685668945312,0.1532137393951416,0.8918285369873047,149575,True,,train
Ragdoll_116,cat/other/images/Ragdoll_116.jpg,cat/other/masks/Ragdoll_116.png,cat,Ragdoll,other,29.588916778564453,7.439628601074219,20.399587631225582,86120,True,,train
Ragdoll_118,cat/other/images/Ragdoll_118.jpg,cat/other/masks/Ragdoll_118.png,cat,Ragdoll,other,24.49901580810547,9.22083854675293,20.35456657409668,114380,True,,train
Ragdoll_13,cat/other/images/Ragdoll_13.jpg,cat/other/masks/Ragdoll_13.png,cat,Ragdoll,other,28.621910095214844,-0.2831965684890747,14.04595947265625,88233,True,,train
Ragdoll_235,cat/other/images/Ragdoll_235.jpg,cat/other/masks/Ragdoll_235.png,cat,Ragdoll,other,27.26982879638672,2.8961598873138428,-0.2964973449707031,19047,True,,train
Ragdoll_30,cat/other/images/Ragdoll_30.jpg,cat/other/masks/Ragdoll_30.png,cat,Ragdoll,other,26.92959976196289,1.8877536058425903,7.023686408996582,93735,True,,train
Siamese_109,cat/other/images/Siamese_109.jpg,cat/other/masks/Siamese_109.png,cat,Siamese,other,24.58702850341797,-0.5667209625244141,6.4131855964660645,110309,True,,train
Siamese_122,cat/other/images/Siamese_122.jpg,cat/other/masks/Siamese_122.png,cat,Siamese,other,25.525066375732425,0.9400099515914916,-1.101231575012207,133198,True,,train
Siamese_14,cat/other/images/Siamese_14.jpg,cat/other/masks/Siamese_14.png,cat,Siamese,other,24.079662322998047,4.62031364440918,8.743757247924805,68342,True,,train
Siamese_149,cat/other/images/Siamese_149.jpg,cat/other/masks/Siamese_149.png,cat,Siamese,other,29.124168395996097,4.76992130279541,13.948808670043944,74972,True,,train
Siamese_168,cat/other/images/Siamese_168.jpg,cat/other/masks/Siamese_168.png,cat,Siamese,other,29.211694717407227,3.6093592643737793,9.043109893798828,88274,True,,train
Siamese_178,cat/other/images/Siamese_178.jpg,cat/other/masks/Siamese_178.png,cat,Siamese,other,29.726802825927734,1.1312216520309448,2.9746055603027344,75552,True,,train
Siamese_184,cat/other/images/Siamese_184.jpg,cat/other/masks/Siamese_184.png,cat,Siamese,other,19.40678024291992,0.9475797414779664,6.366724014282227,22080,True,,train
Siamese_22,cat/other/images/Siamese_22.jpg,cat/other/masks/Siamese_22.png,cat,Siamese,other,27.978336334228516,10.71763038635254,16.389497756958008,49434,True,,train
Siamese_233,cat/other/images/Siamese_233.jpg,cat/other/masks/Siamese_233.png,cat,Siamese,other,24.148338317871097,4.596419811248779,6.0836405754089355,46076,True,,train
Siamese_29,cat/other/images/Siamese_29.jpg,cat/other/masks/Siamese_29.png,cat,Siamese,other,20.92965316772461,6.196752071380615,6.438913822174072,51852,True,,train
Siamese_39,cat/other/images/Siamese_39.jpg,cat/other/masks/Siamese_39.png,cat,Siamese,other,22.95293426513672,4.283360958099365,11.756348609924316,70095,True,,train
Siamese_50,cat/other/images/Siamese_50.jpg,cat/other/masks/Siamese_50.png,cat,Siamese,other,27.29496383666992,1.5539675951004028,3.6481916904449463,144849,True,,train
Siamese_65,cat/other/images/Siamese_65.jpg,cat/other/masks/Siamese_65.png,cat,Siamese,other,26.886852264404297,6.5000505447387695,-3.993755578994751,76562,True,,train
Siamese_66,cat/other/images/Siamese_66.jpg,cat/other/masks/Siamese_66.png,cat,Siamese,other,28.317230224609375,6.93488883972168,4.544180870056152,74952,True,,train
Siamese_70,cat/other/images/Siamese_70.jpg,cat/other/masks/Siamese_70.png,cat,Siamese,other,19.056472778320312,0.5465149879455566,2.2865891456604004,68621,True,,train
Siamese_82,cat/other/images/Siamese_82.jpg,cat/other/masks/Siamese_82.png,cat,Siamese,other,22.734844207763672,3.1085758209228516,3.306567668914795,90558,True,,train
Siamese_90,cat/other/images/Siamese_90.jpg,cat/other/masks/Siamese_90.png,cat,Siamese,other,27.15605926513672,1.1748820543289185,0.000166893005371,61483,True,,train
Sphynx_111,cat/other/images/Sphynx_111.jpg,cat/other/masks/Sphynx_111.png,cat,Sphynx,other,19.382633209228516,9.408950805664062,8.533692359924316,114569,True,,train
Sphynx_112,cat/other/images/Sphynx_112.jpg,cat/other/masks/Sphynx_112.png,cat,Sphynx,other,27.70785903930664,1.9194930791854856,3.783583641052246,60179,True,,train
Sphynx_125,cat/other/images/Sphynx_125.jpg,cat/other/masks/Sphynx_125.png,cat,Sphynx,other,22.891490936279297,4.098743438720703,2.970397472381592,129591,True,,train
Sphynx_127,cat/other/images/Sphynx_127.jpg,cat/other/masks/Sphynx_127.png,cat,Sphynx,other,27.53710174560547,13.229817390441896,14.770153045654297,44799,True,,train
Sphynx_132,cat/other/images/Sphynx_132.jpg,cat/other/masks/Sphynx_132.png,cat,Sphynx,other,19.87398910522461,10.71763038635254,14.93973445892334,108144,True,,train
Sphynx_138,cat/other/images/Sphynx_138.jpg,cat/other/masks/Sphynx_138.png,cat,Sphynx,other,25.708587646484375,0.3175511956214905,1.3597756624221802,119510,True,,train
Sphynx_141,cat/other/images/Sphynx_141.jpg,cat/other/masks/Sphynx_141.png,cat,Sphynx,other,26.702835083007812,6.667942047119141,0.0227212905883789,59796,True,,train
Sphynx_240,cat/other/images/Sphynx_240.jpg,cat/other/masks/Sphynx_240.png,cat,Sphynx,other,29.667369842529297,0.8191242814064026,4.968950271606445,17838,True,,train
Sphynx_250,cat/other/images/Sphynx_250.jpg,cat/other/masks/Sphynx_250.png,cat,Sphynx,other,28.419574737548828,10.768592834472656,18.26939582824707,132984,True,,train
Sphynx_45,cat/other/images/Sphynx_45.jpg,cat/other/masks/Sphynx_45.png,cat,Sphynx,other,14.547861099243164,4.795298099517822,7.154938697814941,27757,True,,train
Sphynx_46,cat/other/images/Sphynx_46.jpg,cat/other/masks/Sphynx_46.png,cat,Sphynx,other,29.155567169189453,1.569241285324097,1.2491583824157717,87822,True,,train
Sphynx_71,cat/other/images/Sphynx_71.jpg,cat/other/masks/Sphynx_71.png,cat,Sphynx,other,20.010326385498047,11.84842014312744,10.997188568115234,108853,True,,train
Sphynx_91,cat/other/images/Sphynx_91.jpg,cat/other/masks/Sphynx_91.png,cat,Sphynx,other,27.091304779052734,9.31285285949707,9.270071983337402,67930,True,,train
Persian_268,cat/white/images/Persian_268.jpg,cat/white/masks/Persian_268.png,cat,Persian,white,22.233924865722656,1.55875825881958,-2.334463596343994,34089,True,,train
Persian_273,cat/white/images/Persian_273.jpg,cat/white/masks/Persian_273.png,cat,Persian,white,18.17760467529297,-12.091845512390137,15.574699401855469,106029,True,,train
american_pit_bull_terrier_4,dog/black/images/american_pit_bull_terrier_4.jpg,dog/black/masks/american_pit_bull_terrier_4.png,dog,american_pit_bull_terrier,black,41.142784118652344,6.081998348236084,14.212831497192385,49558,True,,train
german_shorthaired_176,dog/black/images/german_shorthaired_176.jpg,dog/black/masks/german_shorthaired_176.png,dog,german_shorthaired,black,39.59210968017578,7.014989852905273,12.165623664855955,38810,True,,train
scottish_terrier_30,dog/black/images/scottish_terrier_30.jpg,dog/black/masks/scottish_terrier_30.png,dog,scottish_terrier,black,38.821285247802734,4.385396957397461,17.239439010620117,107968,True,,train
staffordshire_bull_terrier_48,dog/black/images/staffordshire_bull_terrier_48.jpg,dog/black/masks/staffordshire_bull_terrier_48.png,dog,staffordshire_bull_terrier,black,57.19979476928711,4.761636257171631,13.093376159667969,23888,True,,train
keeshond_9,dog/gray/images/keeshond_9.jpg,dog/gray/masks/keeshond_9.png,dog,keeshond,gray,55.16853332519531,4.139438152313232,14.963388442993164,63637,True,,train
american_bulldog_140,dog/other/images/american_bulldog_140.jpg,dog/other/masks/american_bulldog_140.png,dog,american_bulldog,other,64.37519073486328,7.892221450805664,12.05238151550293,116699,True,,train
american_bulldog_141,dog/other/images/american_bulldog_141.jpg,dog/other/masks/american_bulldog_141.png,dog,american_bulldog,other,44.67169189453125,6.605476379394531,18.61468505859375,98902,True,,train
american_bulldog_148,dog/other/images/american_bulldog_148.jpg,dog/other/masks/american_bulldog_148.png,dog,american_bulldog,other,51.159481048583984,4.815936088562012,12.697046279907228,57782,True,,train
american_bulldog_149,dog/other/images/american_bulldog_149.jpg,dog/other/masks/american_bulldog_149.png,dog,american_bulldog,other,44.97886276245117,7.652789115905762,24.04484748840332,31372,True,,train
american_bulldog_169,dog/other/images/american_bulldog_169.jpg,dog/other/masks/american_bulldog_169.png,dog,american_bulldog,other,31.990509033203125,10.356932640075684,19.804101943969727,113577,True,,train
american_bulldog_35,dog/other/images/american_bulldog_35.jpg,dog/other/masks/american_bulldog_35.png,dog,american_bulldog,other,31.9550838470459,17.491750717163086,32.292110443115234,87040,True,,train
american_bulldog_62,dog/other/images/american_bulldog_62.jpg,dog/other/masks/american_bulldog_62.png,dog,american_bulldog,other,39.876365661621094,5.633354187011719,24.55356216430664,22553,True,,train
american_bulldog_73,dog/other/images/american_bulldog_73.jpg,dog/other/masks/american_bulldog_73.png,dog,american_bulldog,other,53.30198287963867,7.872045040130615,14.359701156616213,66302,True,,train
american_pit_bull_terrier_92,dog/other/images/american_pit_bull_terrier_92.jpg,dog/other/masks/american_pit_bull_terrier_92.png,dog,american_pit_bull_terrier,other,37.19810485839844,7.108099937438965,17.359739303588867,34681,True,,train
basset_hound_129,dog/other/images/basset_hound_129.jpg,dog/other/masks/basset_hound_129.png,dog,basset_hound,other,35.79544448852539,17.726242065429688,26.61054801940918,130575,True,,train
basset_hound_13,dog/other/images/basset_hound_13.jpg,dog/other/masks/basset_hound_13.png,dog,basset_hound,other,52.90950012207031,7.794227600097656,17.102563858032227,127882,True,,train
basset_hound_136,dog/other/images/basset_hound_136.jpg,dog/other/masks/basset_hound_136.png,dog,basset_hound,other,30.46553421020508,12.490659713745115,19.987577438354492,61141,True,,train
basset_hound_148,dog/other/images/basset_hound_148.jpg,dog/other/masks/basset_hound_148.png,dog,basset_hound,other,55.04955291748047,10.441094398498535,17.167739868164062,64784,True,,train
basset_hound_15,dog/other/images/basset_hound_15.jpg,dog/other/masks/basset_hound_15.png,dog,basset_hound,other,36.70951843261719,11.08086109161377,21.01140022277832,55993,True,,train
basset_hound_153,dog/other/images/basset_hound_153.jpg,dog/other/masks/basset_hound_153.png,dog,basset_hound,other,33.71849060058594,11.596322059631348,18.165904998779297,70979,True,,train
basset_hound_156,dog/other/images/basset_hound_156.jpg,dog/other/masks/basset_hound_156.png,dog,basset_hound,other,34.969322204589844,4.527926445007324,12.347107887268066,55720,True,,train
basset_hound_160,dog/other/images/basset_hound_160.jpg,dog/other/masks/basset_hound_160.png,dog,basset_hound,other,32.807830810546875,4.711806774139404,13.45859146118164,67897,True,,train
basset_hound_161,dog/other/images/basset_hound_161.jpg,dog/other/masks/basset_hound_161.png,dog,basset_hound,other,39.117767333984375,11.830314636230469,20.558979034423828,47632,True,,train
basset_hound_169,dog/other/images/basset_hound_169.jpg,dog/other/masks/basset_hound_169.png,dog,basset_hound,other,30.749828338623047,3.191106081008911,18.999338150024418,45627,True,,train
basset_hound_176,dog/other/images/basset_hound_176.jpg,dog/other/masks/basset_hound_176.png,dog,basset_hound,other,40.7058219909668,11.180192947387695,19.47906494140625,53954,True,,train
basset_hound_195,dog/other/images/basset_hound_195.jpg,dog/other/masks/basset_hound_195.png,dog,basset_hound,other,44.24802017211914,6.962299346923828,24.77840805053711,109575,True,,train
basset_hound_197,dog/other/images/basset_hound_197.jpg,dog/other/masks/basset_hound_197.png,dog,basset_hound,other,65.2699203491211,3.4691691398620605,20.95022201538086,6205,True,,train
basset_hound_26,dog/other/images/basset_hound_26.jpg,dog/other/masks/basset_hound_26.png,dog,basset_hound,other,35.69139862060547,4.00418758392334,19.51077651977539,40888,True,,train
basset_hound_40,dog/other/images/basset_hound_40.jpg,dog/other/masks/basset_hound_40.png,dog,basset_hound,other,36.85348129272461,9.835899353027344,16.620576858520508,92299,True,,train
basset_hound_46,dog/other/images/basset_hound_46.jpg,dog/other/masks/basset_hound_46.png,dog,basset_hound,other,50.69029998779297,4.5464935302734375,13.897037506103516,52382,True,,train
basset_hound_57,dog/other/images/basset_hound_57.jpg,dog/other/masks/basset_hound_57.png,dog,basset_hound,other,33.3492546081543,10.701313972473145,13.296431541442873,56812,True,,train
basset_hound_60,dog/other/images/basset_hound_60.jpg,dog/other/masks/basset_hound_60.png,dog,basset_hound,other,43.10301208496094,2.180725336074829,18.905616760253903,32189,True,,train
basset_hound_63,dog/other/images/basset_hound_63.jpg,dog/other/masks/basset_hound_63.png,dog,basset_hound,other,60.459716796875,6.054177761077881,13.169382095336914,42462,True,,train
basset_hound_67,dog/other/images/basset_hound_67.jpg,dog/other/masks/basset_hound_67.png,dog,basset_hound,other,36.69622421264648,4.506498336791992,13.539663314819336,50167,True,,train
basset_hound_69,dog/other/images/basset_hound_69.jpg,dog/other/masks/basset_hound_69.png,dog,basset_hound,other,55.85230255126953,5.593553066253662,19.093353271484375,48310,True,,train
basset_hound_76,dog/other/images/basset_hound_76.jpg,dog/other/masks/basset_hound_76.png,dog,basset_hound,other,47.8388557434082,6.043396949768066,17.595928192138672,56634,True,,train
basset_hound_93,dog/other/images/basset_hound_93.jpg,dog/other/masks/basset_hound_93.png,dog,basset_hound,other,40.99471664428711,2.248533248901367,15.524125099182127,50078,True,,train
beagle_110,dog/other/images/beagle_110.jpg,dog/other/masks/beagle_110.png,dog,beagle,other,56.85444259643555,9.76090145111084,22.226289749145508,94352,True,,train
beagle_117,dog/other/images/beagle_117.jpg,dog/other/masks/beagle_117.png,dog,beagle,other,43.23497009277344,2.857029438018799,24.427759170532227,43172,True,,train
beagle_130,dog/other/images/beagle_130.jpg,dog/other/masks/beagle_130.png,dog,beagle,other,55.30663299560547,10.979130744934082,12.638813018798828,9363,True,,train
beagle_142,dog/other/images/beagle_142.jpg,dog/other/masks/beagle_142.png,dog,beagle,other,38.307804107666016,4.684329032897949,19.927894592285156,19921,True,,train
beagle_155,dog/other/images/beagle_155.jpg,dog/other/masks/beagle_155.png,dog,beagle,other,42.50481414794922,3.415137529373169,16.726398468017578,78223,True,,train
beagle_201,dog/other/images/beagle_201.jpg,dog/other/masks/beagle_201.png,dog,beagle,other,55.04838562011719,4.048474311828613,18.816864013671875,30332,True,,train
beagle_21,dog/other/images/beagle_21.jpg,dog/other/masks/beagle_21.png,dog,beagle,other,67.71790313720703,4.276931285858154,12.598360061645508,50327,True,,train
beagle_22,dog/other/images/beagle_22.jpg,dog/other/masks/beagle_22.png,dog,beagle,other,63.83391571044922,7.152467727661133,18.72645568847656,81819,True,,train
beagle_23,dog/other/images/beagle_23.jpg,dog/other/masks/beagle_23.png,dog,beagle,other,47.522315979003906,14.07959270477295,13.506376266479492,105727,True,,train
beagle_26,dog/other/images/beagle_26.jpg,dog/other/masks/beagle_26.png,dog,beagle,other,31.397136688232425,7.388323783874512,13.21702003479004,112922,True,,train
beagle_43,dog/other/images/beagle_43.jpg,dog/other/masks/beagle_43.png,dog,beagle,other,51.726051330566406,2.0615458488464355,16.393232345581055,52265,True,,train
beagle_47,dog/other/images/beagle_47.jpg,dog/other/masks/beagle_47.png,dog,beagle,other,41.737937927246094,8.699886322021484,17.145936965942383,173332,True,,train
beagle_72,dog/other/images/beagle_72.jpg,dog/other/masks/beagle_72.png,dog,beagle,other,36.97306442260742,7.097765922546387,14.865100860595703,55643,True,,train
beagle_75,dog/other/images/beagle_75.jpg,dog/other/masks/beagle_75.png,dog,beagle,other,45.32828521728515,7.694557189941406,12.899303436279297,115169,True,,train
beagle_79,dog/other/images/beagle_79.jpg,dog/other/masks/beagle_79.png,dog,beagle,other,31.367673873901367,5.2107648849487305,15.42819118499756,17972,True,,train
beagle_8,dog/other/images/beagle_8.jpg,dog/other/masks/beagle_8.png,dog,beagle,other,47.92491149902344,6.312936782836914,14.25117301940918,204975,True,,train
boxer_126,dog/other/images/boxer_126.jpg,dog/other/masks/boxer_126.png,dog,boxer,other,34.048980712890625,14.300479888916016,22.071449279785156,91846,True,,train
boxer_13,dog/other/images/boxer_13.jpg,dog/other/masks/boxer_13.png,dog,boxer,other,44.44075775146485,10.3507080078125,19.282447814941406,42538,True,,train
boxer_132,dog/other/images/boxer_132.jpg,dog/other/masks/boxer_132.png,dog,boxer,other,41.72774887084961,11.107057571411133,18.9359130859375,82576,True,,train
boxer_145,dog/other/images/boxer_145.jpg,dog/other/masks/boxer_145.png,dog,boxer,other,36.59796524047851,7.077299118041992,12.367785453796388,18002,True,,train
boxer_187,dog/other/images/boxer_187.jpg,dog/other/masks/boxer_187.png,dog,boxer,other,39.48844909667969,6.637602806091309,13.268399238586426,53664,True,,train
boxer_195,dog/other/images/boxer_195.jpg,dog/other/masks/boxer_195.png,dog,boxer,other,48.27503204345703,2.9054059982299805,13.731372833251951,27289,True,,train
boxer_38,dog/other/images/boxer_38.jpg,dog/other/masks/boxer_38.png,dog,boxer,other,36.63639068603515,3.2460689544677734,19.514400482177734,109952,True,,train
boxer_62,dog/other/images/boxer_62.jpg,dog/other/masks/boxer_62.png,dog,boxer,other,52.66856384277344,7.475152492523193,23.18240737915039,49698,True,,train
boxer_69,dog/other/images/boxer_69.jpg,dog/other/masks/boxer_69.png,dog,boxer,other,31.22945785522461,16.178682327270508,18.00640869140625,83079,True,,train
boxer_72,dog/other/images/boxer_72.jpg,dog/other/masks/boxer_72.png,dog,boxer,other,38.89864730834961,12.667536735534668,15.241003036499023,41933,True,,train
chihuahua_110,dog/other/images/chihuahua_110.jpg,dog/other/masks/chihuahua_110.png,dog,chihuahua,other,49.95914459228515,9.173810958862305,19.766271591186523,7725,True,,train
chihuahua_117,dog/other/images/chihuahua_117.jpg,dog/other/masks/chihuahua_117.png,dog,chihuahua,other,31.58251190185547,27.41604232788086,13.634133338928224,17657,True,,train
chihuahua_144,dog/other/images/chihuahua_144.jpg,dog/other/masks/chihuahua_144.png,dog,chihuahua,other,30.39945602416992,10.620058059692385,13.281906127929688,28053,True,,train
chihuahua_168,dog/other/images/chihuahua_168.jpg,dog/other/masks/chihuahua_168.png,dog,chihuahua,other,68.4061279296875,14.543235778808594,19.018482208251953,37523,True,,train
chihuahua_26,dog/other/images/chihuahua_26.jpg,dog/other/masks/chihuahua_26.png,dog,chihuahua,other,58.47532272338867,11.58621883392334,19.52057647705078,25764,True,,train
chihuahua_27,dog/other/images/chihuahua_27.jpg,dog/other/masks/chihuahua_27.png,dog,chihuahua,other,58.60490036010742,9.566545486450195,26.754152297973633,77168,True,,train
chihuahua_39,dog/other/images/chihuahua_39.jpg,dog/other/masks/chihuahua_39.png,dog,chihuahua,other,62.03868103027344,6.885886192321777,22.291242599487305,83907,True,,train
chihuahua_46,dog/other/images/chihuahua_46.jpg,dog/other/masks/chihuahua_46.png,dog,chihuahua,other,51.1680793762207,18.42802047729492,44.63407897949219,38094,True,,train
chihuahua_5,dog/other/images/chihuahua_5.jpg,dog/other/masks/chihuahua_5.png,dog,chihuahua,other,44.43812561035156,6.878912448883057,14.506032943725586,113407,True,,train
chihuahua_51,dog/other/images/chihuahua_51.jpg,dog/other/masks/chihuahua_51.png,dog,chihuahua,other,64.80670166015625,10.25368309020996,25.96706199645996,31390,True,,train
chihuahua_6,dog/other/images/chihuahua_6.jpg,dog/other/masks/chihuahua_6.png,dog,chihuahua,other,46.7768669128418,9.786457061767578,16.10970115661621,22026,True,,train
chihuahua_71,dog/other/images/chihuahua_71.jpg,dog/other/masks/chihuahua_71.png,dog,chihuahua,other,41.564239501953125,5.640290260314941,22.54639434814453,58672,True,,train
chihuahua_76,dog/other/images/chihuahua_76.jpg,dog/other/masks/chihuahua_76.png,dog,chihuahua,other,54.66256332397461,6.6664814949035645,12.630123138427734,54238,True,,train
chihuahua_90,dog/other/images/chihuahua_90.jpg,dog/other/masks/chihuahua_90.png,dog,chihuahua,other,44.81325912475586,3.7868618965148926,13.013595581054688,10291,True,,train
english_cocker_spaniel_161,dog/other/images/english_cocker_spaniel_161.jpg,dog/other/masks/english_cocker_spaniel_161.png,dog,english_cocker_spaniel,other,64.23824310302734,4.5288801193237305,13.936948776245115,74626,True,,train
english_cocker_spaniel_54,dog/other/images/english_cocker_spaniel_54.jpg,dog/other/masks/english_cocker_spaniel_54.png,dog,english_cocker_spaniel,other,54.638031005859375,7.381021976470947,14.520102500915527,56735,True,,train
english_cocker_spaniel_87,dog/other/images/english_cocker_spaniel_87.jpg,dog/other/masks/english_cocker_spaniel_87.png,dog,english_cocker_spaniel,other,52.389068603515625,5.9132280349731445,15.248680114746094,110291,True,,train
english_setter_130,dog/other/images/english_setter_130.jpg,dog/other/masks/english_setter_130.png,dog,english_setter,other,47.44881820678711,3.30352783203125,20.34940719604492,105311,True,,train
english_setter_153,dog/other/images/english_setter_153.jpg,dog/other/masks/english_setter_153.png,dog,english_setter,other,65.45085906982422,3.5338103771209717,17.190868377685547,70646,True,,train
english_setter_159,dog/other/images/english_setter_159.jpg,dog/other/masks/english_setter_159.png,dog,english_setter,other,45.71288299560547,3.8764028549194336,12.06999969482422,39922,True,,train
english_setter_160,dog/other/images/english_setter_160.jpg,dog/other/masks/english_setter_160.png,dog,english_setter,other,52.856536865234375,4.141032695770264,17.346132278442383,46584,True,,train
english_setter_180,dog/other/images/english_setter_180.jpg,dog/other/masks/english_setter_180.png,dog,english_setter,other,58.7880859375,4.82785701751709,17.114543914794922,21664,True,,train
english_setter_181,dog/other/images/english_setter_181.jpg,dog/other/masks/english_setter_181.png,dog,english_setter,other,41.4329948425293,3.159165382385254,15.213287353515623,104366,True,,train
english_setter_183,dog/other/images/english_setter_183.jpg,dog/other/masks/english_setter_183.png,dog,english_setter,other,30.15087890625,5.700736999511719,12.354201316833496,14522,True,,train
english_setter_192,dog/other/images/english_setter_192.jpg,dog/other/masks/english_setter_192.png,dog,english_setter,other,48.11224365234375,3.802746534347534,16.875648498535156,86312,True,,train
english_setter_27,dog/other/images/english_setter_27.jpg,dog/other/masks/english_setter_27.png,dog,english_setter,other,52.992523193359375,10.211854934692385,17.932886123657227,81547,True,,train
english_setter_55,dog/other/images/english_setter_55.jpg,dog/other/masks/english_setter_55.png,dog,english_setter,other,48.49365234375,6.816610813140869,34.986515045166016,110068,True,,train
german_shorthaired_157,dog/other/images/german_shorthaired_157.jpg,dog/other/masks/german_shorthaired_157.png,dog,german_shorthaired,other,35.71554946899414,3.793105602264404,13.031476974487305,102457,True,,train
german_shorthaired_18,dog/other/images/german_shorthaired_18.jpg,dog/other/masks/german_shorthaired_18.png,dog,german_shorthaired,other,31.664295196533203,7.705658912658691,15.496164321899414,53795,True,,train
german_shorthaired_48,dog/other/images/german_shorthaired_48.jpg,dog/other/masks/german_shorthaired_48.png,dog,german_shorthaired,other,51.96476745605469,13.532906532287598,28.959739685058594,18595,True,,train
german_shorthaired_56,dog/other/images/german_shorthaired_56.jpg,dog/other/masks/german_shorthaired_56.png,dog,german_shorthaired,other,60.36005401611328,3.064393997192383,22.63120460510254,53703,True,,train
german_shorthaired_59,dog/other/images/german_shorthaired_59.jpg,dog/other/masks/german_shorthaired_59.png,dog,german_shorthaired,other,30.671730041503903,9.915046691894531,24.775306701660156,27384,True,,train
german_shorthaired_63,dog/other/images/german_shorthaired_63.jpg,dog/other/masks/german_shorthaired_63.png,dog,german_shorthaired,other,47.58660888671875,2.3152379989624023,14.633512496948242,15164,True,,train
german_shorthaired_74,dog/other/images/german_shorthaired_74.jpg,dog/other/masks/german_shorthaired_74.png,dog,german_shorthaired,other,62.584930419921875,14.811574935913086,34.937110900878906,47712,True,,train
german_shorthaired_8,dog/other/images/german_shorthaired_8.jpg,dog/other/masks/german_shorthaired_8.png,dog,german_shorthaired,other,32.86253356933594,9.7325439453125,22.641159057617188,113321,True,,train
german_shorthaired_85,dog/other/images/german_shorthaired_85.jpg,dog/other/masks/german_shorthaired_85.png,dog,german_shorthaired,other,38.20305633544922,4.828751087188721,14.043641090393066,52814,True,,train
german_shorthaired_93,dog/other/images/german_shorthaired_93.jpg,dog/other/masks/german_shorthaired_93.png,dog,german_shorthaired,other,39.321067810058594,11.057660102844238,12.019956588745115,25355,True,,train
havanese_122,dog/other/images/havanese_122.jpg,dog/other/masks/havanese_122.png,dog,havanese,other,35.10228729248047,6.242007255554199,14.894205093383787,125465,True,,train
havanese_134,dog/other/images/havanese_134.jpg,dog/other/masks/havanese_134.png,dog,havanese,other,44.84832763671875,3.1791627407073975,12.148589134216309,44659,True,,train
havanese_139,dog/other/images/havanese_139.jpg,dog/other/masks/havanese_139.png,dog,havanese,other,38.49141311645508,13.567805290222168,22.886573791503903,117825,True,,train
havanese_182,dog/other/images/havanese_182.jpg,dog/other/masks/havanese_182.png,dog,havanese,other,42.20298385620117,9.32854461669922,15.875744819641112,125924,True,,train
havanese_62,dog/other/images/havanese_62.jpg,dog/other/masks/havanese_62.png,dog,havanese,other,63.61566925048828,3.210902214050293,14.877796173095703,67429,True,,train
havanese_80,dog/other/images/havanese_80.jpg,dog/other/masks/havanese_80.png,dog,havanese,other,31.60972785949707,13.95823097229004,16.20330810546875,114996,True,,train
havanese_81,dog/other/images/havanese_81.jpg,dog/other/masks/havanese_81.png,dog,havanese,other,34.34800720214844,10.617822647094728,16.447479248046875,78371,True,,train
japanese_chin_102,dog/other/images/japanese_chin_102.jpg,dog/other/masks/japanese_chin_102.png,dog,japanese_chin,other,47.38100814819336,8.260339736938477,20.869874954223633,117446,True,,train
japanese_chin_160,dog/other/images/japanese_chin_160.jpg,dog/other/masks/japanese_chin_160.png,dog,japanese_chin,other,58.848384857177734,12.003808975219728,15.465998649597168,90396,True,,train
japanese_chin_42,dog/other/images/japanese_chin_42.jpg,dog/other/masks/japanese_chin_42.png,dog,japanese_chin,other,47.78730010986328,7.295846939086914,19.236188888549805,91096,True,,train
japanese_chin_60,dog/other/images/japanese_chin_60.jpg,dog/other/masks/japanese_chin_60.png,dog,japanese_chin,other,57.1553840637207,6.149023532867432,16.000164031982422,34492,True,,train
japanese_chin_65,dog/other/images/japanese_chin_65.jpg,dog/other/masks/japanese_chin_65.png,dog,japanese_chin,other,57.175636291503906,5.318976879119873,15.24510383605957,84704,True,,train
keeshond_186,dog/other/images/keeshond_186.jpg,dog/other/masks/keeshond_186.png,dog,keeshond,other,46.74249649047851,3.4694671630859375,12.798518180847168,114463,True,,train
keeshond_85,dog/other/images/keeshond_85.jpg,dog/other/masks/keeshond_85.png,dog,keeshond,other,41.4673957824707,7.0826263427734375,14.37835693359375,53654,True,,train
leonberger_112,dog/other/images/leonberger_112.jpg,dog/other/masks/leonberger_112.png,dog,leonberger,other,47.76749038696289,8.680253982543945,18.16643524169922,138079,True,,train
leonberger_12,dog/other/images/leonberger_12.jpg,dog/other/masks/leonberger_12.png,dog,leonberger,other,41.28326416015625,5.576938629150391,13.541799545288086,106761,True,,train
leonberger_122,dog/other/images/leonberger_122.jpg,dog/other/masks/leonberger_122.png,dog,leonberger,other,62.320838928222656,5.938373565673828,15.071880340576172,86565,True,,train
leonberger_14,dog/other/images/leonberger_14.jpg,dog/other/masks/leonberger_14.png,dog,leonberger,other,39.429176330566406,10.697431564331056,28.184764862060547,197232,True,,train
leonberger_149,dog/other/images/leonberger_149.jpg,dog/other/masks/leonberger_149.png,dog,leonberger,other,50.1334228515625,6.123483180999756,14.503669738769531,94501,True,,train
leonberger_192,dog/other/images/leonberger_192.jpg,dog/other/masks/leonberger_192.png,dog,leonberger,other,43.857906341552734,6.260066986083984,13.931769371032717,66629,True,,train
leonberger_48,dog/other/images/leonberger_48.jpg,dog/other/masks/leonberger_48.png,dog,leonberger,other,49.36444854736328,5.359292030334473,13.675698280334473,158951,True,,train
leonberger_73,dog/other/images/leonberger_73.jpg,dog/other/masks/leonberger_73.png,dog,leonberger,other,45.094200134277344,4.604421615600586,23.107826232910156,37758,True,,train
leonberger_81,dog/other/images/leonberger_81.jpg,dog/other/masks/leonberger_81.png,dog,leonberger,other,48.26861572265625,6.97636604309082,16.76267433166504,86643,True,,train
miniature_pinscher_28,dog/other/images/miniature_pinscher_28.jpg,dog/other/masks/miniature_pinscher_28.png,dog,miniature_pinscher,other,43.905517578125,2.878546714782715,24.11188507080078,32678,True,,train
miniature_pinscher_42,dog/other/images/miniature_pinscher_42.jpg,dog/other/masks/miniature_pinscher_42.png,dog,miniature_pinscher,other,50.729583740234375,8.089184761047363,18.324947357177734,41735,True,,train
miniature_pinscher_51,dog/other/images/miniature_pinscher_51.jpg,dog/other/masks/miniature_pinscher_51.png,dog,miniature_pinscher,other,30.324575424194336,12.258484840393066,18.76216697692871,18396,True,,train
pomeranian_111,dog/other/images/pomeranian_111.jpg,dog/other/masks/pomeranian_111.png,dog,pomeranian,other,58.18531036376953,7.231771945953369,15.80941677093506,36436,True,,train
pomeranian_12,dog/other/images/pomeranian_12.jpg,dog/other/masks/pomeranian_12.png,dog,pomeranian,other,42.943328857421875,6.45822286605835,16.33257293701172,122624,True,,train
pomeranian_128,dog/other/images/pomeranian_128.jpg,dog/other/masks/pomeranian_128.png,dog,pomeranian,other,63.504364013671875,2.773195505142212,13.627063751220703,45327,True,,train
pomeranian_175,dog/other/images/pomeranian_175.jpg,dog/other/masks/pomeranian_175.png,dog,pomeranian,other,56.97246551513672,8.760899543762207,20.591175079345703,43675,True,,train
pomeranian_186,dog/other/images/pomeranian_186.jpg,dog/other/masks/pomeranian_186.png,dog,pomeranian,other,58.27701568603515,4.078001022338867,21.59683609008789,21205,True,,train
pomeranian_67,dog/other/images/pomeranian_67.jpg,dog/other/masks/pomeranian_67.png,dog,pomeranian,other,39.04375076293945,9.482890129089355,25.904464721679688,115430,True,,train
pug_13,dog/other/images/pug_13.jpg,dog/other/masks/pug_13.png,dog,pug,other,33.45451736450195,10.613277435302734,26.258066177368164,115800,True,,train
pug_149,dog/other/images/pug_149.jpg,dog/other/masks/pug_149.png,dog,pug,other,56.017066955566406,17.386526107788086,36.64686584472656,39006,True,,train
pug_15,dog/other/images/pug_15.jpg,dog/other/masks/pug_15.png,dog,pug,other,42.43946838378906,10.73142910003662,27.14322853088379,153387,True,,train
pug_161,dog/other/images/pug_161.jpg,dog/other/masks/pug_161.png,dog,pug,other,58.12371826171875,4.578039169311523,19.50845718383789,33521,True,,train
pug_172,dog/other/images/pug_172.jpg,dog/other/masks/pug_172.png,dog,pug,other,37.0084342956543,4.910856246948242,22.0949649810791,29919,True,,train
pug_182,dog/other/images/pug_182.jpg,dog/other/masks/pug_182.png,dog,pug,other,52.678070068359375,12.210816383361816,19.05256462097168,34995,True,,train
pug_187,dog/other/images/pug_187.jpg,dog/other/masks/pug_187.png,dog,pug,other,56.92686462402344,4.815936088562012,15.71202278137207,35959,True,,train
pug_26,dog/other/images/pug_26.jpg,dog/other/masks/pug_26.png,dog,pug,other,46.24650573730469,2.539846897125244,16.508224487304688,99086,True,,train
pug_39,dog/other/images/pug_39.jpg,dog/other/masks/pug_39.png,dog,pug,other,58.71424865722656,3.328174352645874,22.05854606628418,35563,True,,train
pug_74,dog/other/images/pug_74.jpg,dog/other/masks/pug_74.png,dog,pug,other,41.30636215209961,6.3624677658081055,15.473532676696776,32805,True,,train
pug_93,dog/other/images/pug_93.jpg,dog/other/masks/pug_93.png,dog,pug,other,51.39295959472656,13.04495334625244,17.339170455932617,50411,True,,train
saint_bernard_103,dog/other/images/saint_bernard_103.jpg,dog/other/masks/saint_bernard_103.png,dog,saint_bernard,other,40.25368118286133,8.980751037597656,18.285757064819336,117121,True,,train
saint_bernard_111,dog/other/images/saint_bernard_111.jpg,dog/other/masks/saint_bernard_111.png,dog,saint_bernard,other,56.845848083496094,9.05209732055664,25.200712203979492,17293,True,,train
saint_bernard_114,dog/other/images/saint_bernard_114.jpg,dog/other/masks/saint_bernard_114.png,dog,saint_bernard,other,41.89846420288086,5.877554416656494,25.765884399414062,96689,True,,train
saint_bernard_120,dog/other/images/saint_bernard_120.jpg,dog/other/masks/saint_bernard_120.png,dog,saint_bernard,other,44.325313568115234,3.2015891075134277,20.56002616882324,12776,True,,train
saint_bernard_122,dog/other/images/saint_bernard_122.jpg,dog/other/masks/saint_bernard_122.png,dog,saint_bernard,other,38.02200698852539,3.088101863861084,12.283903121948242,122334,True,,train
saint_bernard_179,dog/other/images/saint_bernard_179.jpg,dog/other/masks/saint_bernard_179.png,dog,saint_bernard,other,54.593502044677734,2.9556751251220703,23.19647979736328,42440,True,,train
saint_bernard_3,dog/other/images/saint_bernard_3.jpg,dog/other/masks/saint_bernard_3.png,dog,saint_bernard,other,44.55291748046875,8.390247344970703,14.448648452758787,74814,True,,train
saint_bernard_4,dog/other/images/saint_bernard_4.jpg,dog/other/masks/saint_bernard_4.png,dog,saint_bernard,other,52.519004821777344,7.073462009429932,18.350542068481445,109019,True,,train
saint_bernard_68,dog/other/images/saint_bernard_68.jpg,dog/other/masks/saint_bernard_68.png,dog,saint_bernard,other,51.36815643310547,6.708241939544678,25.37195587158203,36087,True,,train
saint_bernard_75,dog/other/images/saint_bernard_75.jpg,dog/other/masks/saint_bernard_75.png,dog,saint_bernard,other,60.985145568847656,2.08437442779541,15.343070030212402,72537,True,,train
saint_bernard_86,dog/other/images/saint_bernard_86.jpg,dog/other/masks/saint_bernard_86.png,dog,saint_bernard,other,31.634613037109375,10.7415771484375,21.047786712646484,82198,True,,train
saint_bernard_91,dog/other/images/saint_bernard_91.jpg,dog/other/masks/saint_bernard_91.png,dog,saint_bernard,other,36.830291748046875,3.167733669281006,14.66364574432373,79462,True,,train
shiba_inu_173,dog/other/images/shiba_inu_173.jpg,dog/other/masks/shiba_inu_173.png,dog,shiba_inu,other,54.718475341796875,9.7305326461792,23.78545379638672,15125,True,,train
staffordshire_bull_terrier_3,dog/other/images/staffordshire_bull_terrier_3.jpg,dog/other/masks/staffordshire_bull_terrier_3.png,dog,staffordshire_bull_terrier,other,34.39966583251953,9.652644157409668,16.795635223388672,50966,True,,train
staffordshire_bull_terrier_65,dog/other/images/staffordshire_bull_terrier_65.jpg,dog/other/masks/staffordshire_bull_terrier_65.png,dog,staffordshire_bull_terrier,other,32.51173400878906,9.041130065917969,13.96809196472168,52648,True,,train
wheaten_terrier_118,dog/other/images/wheaten_terrier_118.jpg,dog/other/masks/wheaten_terrier_118.png,dog,wheaten_terrier,other,40.759639739990234,3.5233945846557617,17.589860916137695,57761,True,,train
wheaten_terrier_12,dog/other/images/wheaten_terrier_12.jpg,dog/other/masks/wheaten_terrier_12.png,dog,wheaten_terrier,other,50.86363220214844,4.082083702087402,19.67639923095703,92769,True,,train
wheaten_terrier_120,dog/other/images/wheaten_terrier_120.jpg,dog/other/masks/wheaten_terrier_120.png,dog,wheaten_terrier,other,56.52629089355469,2.6587843894958496,14.260125160217283,51287,True,,train
wheaten_terrier_150,dog/other/images/wheaten_terrier_150.jpg,dog/other/masks/wheaten_terrier_150.png,dog,wheaten_terrier,other,61.39558410644531,4.15363883972168,15.90440273284912,46091,True,,train
wheaten_terrier_8,dog/other/images/wheaten_terrier_8.jpg,dog/other/masks/wheaten_terrier_8.png,dog,wheaten_terrier,other,45.201148986816406,24.81183433532715,44.18767166137695,87845,True,,train
wheaten_terrier_80,dog/other/images/wheaten_terrier_80.jpg,dog/other/masks/wheaten_terrier_80.png,dog,wheaten_terrier,other,51.40105438232422,6.227880477905273,12.064128875732422,138313,True,,train
yorkshire_terrier_102,dog/other/images/yorkshire_terrier_102.jpg,dog/other/masks/yorkshire_terrier_102.png,dog,yorkshire_terrier,other,60.87260437011719,9.18593978881836,18.81678009033203,88833,True,,train
yorkshire_terrier_114,dog/other/images/yorkshire_terrier_114.jpg,dog/other/masks/yorkshire_terrier_114.png,dog,yorkshire_terrier,other,56.87907409667969,5.465790748596191,16.76813316345215,19306,True,,train
yorkshire_terrier_124,dog/other/images/yorkshire_terrier_124.jpg,dog/other/masks/yorkshire_terrier_124.png,dog,yorkshire_terrier,other,30.146013259887695,3.3512563705444336,22.501230239868164,39350,True,,train
yorkshire_terrier_13,dog/other/images/yorkshire_terrier_13.jpg,dog/other/masks/yorkshire_terrier_13.png,dog,yorkshire_terrier,other,54.44087219238281,11.21819019317627,27.922557830810547,39109,True,,train
yorkshire_terrier_138,dog/other/images/yorkshire_terrier_138.jpg,dog/other/masks/yorkshire_terrier_138.png,dog,yorkshire_terrier,other,42.8271369934082,3.093153238296509,13.206052780151367,34175,True,,train
yorkshire_terrier_15,dog/other/images/yorkshire_terrier_15.jpg,dog/other/masks/yorkshire_terrier_15.png,dog,yorkshire_terrier,other,46.3023796081543,11.05046272277832,21.331262588500977,168072,True,,train
yorkshire_terrier_157,dog/other/images/yorkshire_terrier_157.jpg,dog/other/masks/yorkshire_terrier_157.png,dog,yorkshire_terrier,other,50.48554611206055,5.524709701538086,13.915714263916016,16634,True,,train
yorkshire_terrier_158,dog/other/images/yorkshire_terrier_158.jpg,dog/other/masks/yorkshire_terrier_158.png,dog,yorkshire_terrier,other,38.74154281616211,16.932308197021484,20.49730110168457,34040,True,,train
yorkshire_terrier_179,dog/other/images/yorkshire_terrier_179.jpg,dog/other/masks/yorkshire_terrier_179.png,dog,yorkshire_terrier,other,37.77843475341797,3.819435834884643,13.778424263000488,76926,True,,train
yorkshire_terrier_180,dog/other/images/yorkshire_terrier_180.jpg,dog/other/masks/yorkshire_terrier_180.png,dog,yorkshire_terrier,other,46.541542053222656,7.471233367919922,13.75347900390625,73100,True,,train
yorkshire_terrier_193,dog/other/images/yorkshire_terrier_193.jpg,dog/other/masks/yorkshire_terrier_193.png,dog,yorkshire_terrier,other,50.84770965576172,6.882697105407715,12.821233749389648,93729,True,,train
yorkshire_terrier_196,dog/other/images/yorkshire_terrier_196.jpg,dog/other/masks/yorkshire_terrier_196.png,dog,yorkshire_terrier,other,53.756385803222656,3.5573840141296387,26.44208717346191,36669,True,,train
yorkshire_terrier_25,dog/other/images/yorkshire_terrier_25.jpg,dog/other/masks/yorkshire_terrier_25.png,dog,yorkshire_terrier,other,45.5911750793457,5.386262893676758,20.147001266479492,34195,True,,train
yorkshire_terrier_26,dog/other/images/yorkshire_terrier_26.jpg,dog/other/masks/yorkshire_terrier_26.png,dog,yorkshire_terrier,other,55.91080474853515,5.7623982429504395,28.328277587890625,82506,True,,train
yorkshire_terrier_35,dog/other/images/yorkshire_terrier_35.jpg,dog/other/masks/yorkshire_terrier_35.png,dog,yorkshire_terrier,other,40.9668083190918,5.048990249633789,12.415236473083496,113219,True,,train
yorkshire_terrier_61,dog/other/images/yorkshire_terrier_61.jpg,dog/other/masks/yorkshire_terrier_61.png,dog,yorkshire_terrier,other,48.12898254394531,6.331652641296387,15.815335273742676,125434,True,,train
yorkshire_terrier_68,dog/other/images/yorkshire_terrier_68.jpg,dog/other/masks/yorkshire_terrier_68.png,dog,yorkshire_terrier,other,53.411277770996094,6.059572219848633,18.42005157470703,120834,True,,train
yorkshire_terrier_9,dog/other/images/yorkshire_terrier_9.jpg,dog/other/masks/yorkshire_terrier_9.png,dog,yorkshire_terrier,other,52.00788116455078,7.334932804107666,16.55440330505371,94781,True,,train
yorkshire_terrier_98,dog/other/images/yorkshire_terrier_98.jpg,dog/other/masks/yorkshire_terrier_98.png,dog,yorkshire_terrier,other,41.76466369628906,8.08956527709961,21.339584350585938,29014,True,,train